mfcc_1_mean,mfcc_1_std,mfcc_2_mean,mfcc_2_std,mfcc_3_mean,mfcc_3_std,mfcc_4_mean,mfcc_4_std,mfcc_5_mean,mfcc_5_std,mfcc_6_mean,mfcc_6_std,mfcc_7_mean,mfcc_7_std,mfcc_8_mean,mfcc_8_std,mfcc_9_mean,mfcc_9_std,mfcc_10_mean,mfcc_10_std,mfcc_11_mean,mfcc_11_std,mfcc_12_mean,mfcc_12_std,mfcc_13_mean,mfcc_13_std,chroma_1_mean,chroma_1_std,chroma_2_mean,chroma_2_std,chroma_3_mean,chroma_3_std,chroma_4_mean,chroma_4_std,chroma_5_mean,chroma_5_std,chroma_6_mean,chroma_6_std,chroma_7_mean,chroma_7_std,chroma_8_mean,chroma_8_std,chroma_9_mean,chroma_9_std,chroma_10_mean,chroma_10_std,chroma_11_mean,chroma_11_std,chroma_12_mean,chroma_12_std,spectral_centroid_mean,spectral_centroid_std,spectral_bandwidth_mean,spectral_bandwidth_std,spectral_rolloff_mean,spectral_rolloff_std,zero_crossing_rate_mean,zero_crossing_rate_std,rms_mean,rms_std,tempo,filename,genre
-113.59882,50.688946,121.57067,17.200207,-19.162262,15.348761,42.363937,12.289782,-6.362266,12.961207,18.621931,9.443114,-13.699734,8.22211,15.339802,8.306714,-12.274305,9.067515,10.970944,7.959054,-8.326061,7.859071,8.802088,7.161058,-3.6699412,6.419961,0.36224276,0.32703274,0.36781746,0.28595412,0.43983454,0.3161549,0.24469179,0.2112981,0.24786203,0.25625783,0.33561617,0.28900298,0.3646184,0.27721474,0.43568373,0.3461249,0.2959857,0.25373966,0.31508052,0.28060874,0.40700847,0.33296338,0.38510054,0.29269004,1784.1226412753101,360.20200501843135,2002.4124072733878,292.9751020236873,3805.7230301080335,949.3434134740136,0.08304482066898686,0.027693783681433826,0.13018432,0.053182516,123.046875,blues.00000.wav,blues
-207.52383,88.142525,123.98514,23.662489,8.947019,23.923552,35.86715,16.270117,2.9095948,16.732485,21.519472,12.504671,-8.556513,14.170464,23.370676,11.940147,-10.103608,12.888547,11.899242,10.215539,-5.558824,10.254578,5.3778763,9.808391,-2.234492,8.054382,0.46004057,0.37759417,0.35018244,0.29700685,0.32080668,0.30832592,0.21147147,0.22876176,0.20078862,0.20899563,0.3307943,0.310932,0.3973787,0.28252512,0.56035525,0.3668128,0.38417906,0.29529417,0.255326,0.23318575,0.28477603,0.27902687,0.33409366,0.269174,1530.2617669893777,613.1194898044935,2038.9876082704006,462.49876020502285,3550.7136156830047,1725.7783473036059,0.05603980870552978,0.03804630719740175,0.09590782,0.048710573,67.99958881578948,blues.00001.wav,blues
-90.757164,57.6011,140.44087,22.55784,-29.084547,20.29937,31.686693,11.998093,-13.976547,12.476432,25.753752,8.625063,-13.66499,10.336393,11.634442,10.320866,-11.778322,8.09211,9.714756,8.236647,-13.125314,7.5942054,5.791247,8.030863,-8.901968,7.771137,0.27290022,0.21146189,0.19595265,0.18091682,0.31516558,0.27153024,0.40798604,0.2712822,0.5468202,0.350186,0.32169855,0.23575269,0.3046568,0.24183124,0.28840375,0.25139844,0.33415207,0.24727523,0.40181875,0.33311367,0.38438973,0.2514998,0.58850837,0.3529999,1552.832481434823,395.56416787159037,1747.754086849524,276.2162439070229,3042.4101154654873,885.5116455461281,0.07629120746326373,0.031730570099435376,0.17547321,0.052448623,161.4990234375,blues.00002.wav,blues
-199.57513,74.2177,150.0861,21.361393,5.663404,16.034643,26.855278,12.584162,1.770071,16.369904,14.232647,11.26088,-4.827845,12.487864,9.286853,9.015004,-0.75612015,9.607383,8.134435,8.448777,-3.200026,10.500921,6.0780816,6.9436674,-2.478445,7.535,0.3413715,0.25026867,0.40862334,0.23716053,0.5243189,0.32617348,0.5470129,0.30346557,0.6570751,0.34500518,0.5115233,0.3033813,0.3555539,0.23165572,0.25161338,0.1993842,0.24627054,0.21507491,0.3151113,0.29374436,0.31657928,0.28098997,0.38319874,0.3372569,1070.153417525066,429.37863179048264,1596.4225644535761,408.1076380606337,2184.8790286035382,1221.9156472279285,0.03330886262567672,0.020561103742135052,0.14104027,0.07967184,63.02400914634146,blues.00003.wav,blues
-160.35417,72.10481,126.20948,29.210808,-35.581394,18.27655,22.139256,13.919527,-32.47355,18.341904,10.850701,11.613141,-23.35007,9.658858,0.4932492,11.168416,-11.796538,11.400674,1.2035192,9.9858465,-13.084959,8.957855,-2.8104992,9.297123,-6.9344707,9.462997,0.1926049,0.19528456,0.3172667,0.32180667,0.3920222,0.31211627,0.25582698,0.27452272,0.19266362,0.17918569,0.53022087,0.36240062,0.25377947,0.20737357,0.13912138,0.17709963,0.27642432,0.3034099,0.32432687,0.23358326,0.5551238,0.35583642,0.27293077,0.21841826,1835.1285127725691,585.874983035053,1748.410758453806,297.2855604932661,3579.9574708164155,1253.928346818156,0.10146053871809745,0.04420548271538123,0.09150122,0.048013385,135.99917763157896,blues.00004.wav,blues
-177.80174,85.48365,118.20316,56.52615,-17.57063,25.575533,30.760927,22.038372,-21.742554,20.815298,11.919263,16.321997,-20.734299,13.027126,3.1852882,11.563018,-8.580818,13.123481,-0.9328851,10.006048,-11.772245,8.7495575,-2.4087636,8.877085,-9.348446,8.950292,0.23832275,0.28913978,0.30023742,0.21435262,0.6171864,0.3830531,0.23574105,0.16459557,0.12398716,0.13728349,0.24376851,0.27665424,0.27965125,0.2568613,0.41129282,0.33638212,0.24398585,0.23522587,0.28553328,0.2815078,0.2843369,0.2846703,0.3662191,0.30615556,1832.0115969728529,1015.1274949259331,1729.5808044661662,449.27282802016987,3481.4676306917054,1809.5265116114597,0.09404153373936582,0.07895058970522166,0.103452876,0.063096456,69.83741554054055,blues.00005.wav,blues
-190.0688,98.25145,130.27023,43.9739,-36.362114,36.152878,33.036213,21.913311,11.093892,32.90848,-0.5918819,16.736532,-20.890266,12.315981,0.27844247,10.141663,-6.496385,11.449826,-5.5127354,12.385571,-7.847404,9.3544855,-3.1243007,8.013118,-6.6028214,8.896452,0.42551303,0.36575443,0.22324337,0.24727173,0.13134767,0.18750924,0.15259741,0.21854383,0.24195795,0.21682908,0.49116912,0.3852288,0.24550842,0.24419953,0.16911276,0.1935764,0.28835595,0.29617488,0.46184447,0.35324323,0.35927588,0.33299354,0.30718595,0.27060518,1459.4696908114731,661.8345705707311,1389.0684455566095,430.2979447183725,2795.910729498985,1273.3843919480398,0.07305223740815932,0.04369405757996276,0.14175196,0.09371273,71.77734375,blues.00006.wav,blues
-179.3723,81.07715,136.44833,38.458363,-26.662588,24.314785,39.96545,18.7991,5.3108945,25.496857,10.919133,11.674244,-20.559534,12.794263,8.503361,12.299772,-11.349764,13.111818,-3.470555,13.350184,-8.415842,12.147464,-6.957211,9.149783,-3.5460427,9.657396,0.25935683,0.2499294,0.2641216,0.29879445,0.3253581,0.306376,0.21773879,0.26715586,0.21527722,0.2556287,0.29576188,0.28996813,0.19005175,0.21446352,0.18074943,0.2396245,0.26434106,0.2804832,0.39047354,0.26972815,0.6486377,0.35076207,0.43659076,0.27765802,1451.85941379575,670.5234080387502,1577.5671157628244,410.1190064205051,2955.3197165929523,1276.5411918238867,0.061442246108855375,0.04299786357871877,0.13176751,0.074376956,92.28515625,blues.00007.wav,blues
-121.38979,51.182755,122.49833,20.360193,-14.734729,18.47225,46.122135,13.92542,-8.179258,13.3069935,20.172466,10.341514,-19.171894,7.593371,23.036839,8.783775,-11.832729,6.524472,21.154655,7.6714864,-6.7227974,6.9941754,6.989506,7.5189896,-12.730549,7.8707085,0.31967533,0.22998275,0.304487,0.23193553,0.3666152,0.28906617,0.42213312,0.27487126,0.52381086,0.35098,0.45111874,0.29998118,0.49344286,0.32780978,0.352753,0.25690058,0.3801382,0.26482758,0.46170616,0.3072032,0.36635974,0.26219133,0.46471515,0.31251025,1719.4633657271258,404.1143812942442,2031.8293659117537,324.90910152458645,3782.441190998405,1123.8258620667884,0.06402488761600927,0.027045919171916347,0.14232728,0.038770076,83.35433467741936,blues.00008.wav,blues
-213.26424,78.3133,115.16476,28.253563,-11.69817,25.866669,39.015358,18.73323,-20.34833,23.065073,13.082702,16.680668,-9.1827,11.24508,9.017152,8.244039,-14.104312,10.492645,4.271254,9.623029,-6.0507803,9.211915,3.7858355,10.2183,0.22263543,8.737599,0.24824716,0.2958844,0.2731547,0.29280072,0.48851198,0.3911628,0.26800475,0.24314368,0.1797184,0.2109065,0.2677254,0.3283173,0.22258572,0.21772783,0.4153511,0.38119644,0.27268857,0.2647293,0.1811754,0.21712853,0.22990084,0.3068211,0.24054767,0.27570993,1817.2305900912738,546.0232819290538,1973.7920387617455,337.84633270291425,3943.8319655416185,1169.0955250840677,0.07917482356921887,0.03711682977865272,0.08128055,0.06592554,80.74951171875,blues.00009.wav,blues
-173.81046,90.238914,137.17355,32.90371,-23.72303,32.077187,26.979677,22.257994,-16.67521,17.023214,4.1947308,12.6521225,-12.571788,12.268544,5.851669,9.079922,-2.8769507,10.4205675,-1.1783808,8.102306,-1.9682406,7.451989,1.8011796,7.6105366,-3.0069504,9.677182,0.46208996,0.37695426,0.17099187,0.19198726,0.19255665,0.1935773,0.37835664,0.36217174,0.35394967,0.27540463,0.45925695,0.41723529,0.27628472,0.25306225,0.3239615,0.30763134,0.18765363,0.22367525,0.20239796,0.23204967,0.32359973,0.3062348,0.3165387,0.26400927,1410.0234234402606,453.474553050584,1512.3046546623273,380.82287333139095,2765.967419971723,1194.8738071079904,0.06295882576856149,0.0210127131611687,0.14278811,0.09589918,161.4990234375,blues.00010.wav,blues
-287.9319,77.015236,124.010765,31.54355,5.4674478,17.38032,33.66307,18.560555,1.091654,21.005148,14.703699,15.3422575,-4.8811417,12.228331,8.668892,13.759414,0.7843314,12.193044,6.57608,10.687589,-4.875816,9.683863,-3.176761,9.175842,-5.538258,8.1112795,0.24834034,0.27235556,0.23031722,0.21181613,0.30519605,0.24727276,0.4141203,0.27659404,0.6587242,0.37498638,0.54179406,0.35104054,0.35265988,0.2540008,0.3485594,0.3041366,0.34550515,0.3006303,0.34785593,0.3187299,0.27667347,0.27621564,0.32090238,0.33483896,1352.742709723767,715.5091580486171,1756.8820971332564,469.378933298233,2880.9110920279873,1712.5840466031102,0.043930584759280744,0.04353977919397629,0.06570574,0.04999327,161.4990234375,blues.00011.wav,blues
-207.2383,67.64448,132.82741,25.807415,-15.45408,30.581554,60.980972,18.180555,0.71902627,17.718584,12.4613285,10.055081,1.1633852,10.389085,-1.5329198,10.565761,-17.895847,9.817126,8.360363,9.737114,-2.459651,11.817762,-0.5846391,9.6303835,0.3722645,9.280758,0.30373922,0.22767444,0.16060717,0.21545035,0.21950671,0.30506474,0.20335965,0.2602344,0.19669218,0.2841862,0.26667127,0.3028136,0.30215827,0.32768032,0.15772301,0.19755949,0.18236224,0.23942703,0.21339084,0.2582138,0.37535885,0.24458641,0.650487,0.39902082,1360.6856016703396,507.03119580769817,1567.2994690310572,212.12167210623946,2738.8302548578886,976.2401372434001,0.06909500676720805,0.04879100679250699,0.118989594,0.06368144,184.5703125,blues.00012.wav,blues
-209.80392,44.369503,124.46476,23.279465,10.309394,25.73227,47.016357,12.182557,6.478227,10.094635,15.41512,12.090126,-2.0159419,8.332613,6.726218,8.718923,-21.543222,9.819252,10.720836,9.7908325,-5.5328465,9.521119,-2.1957276,7.694036,-3.0491858,7.23287,0.12769458,0.17354876,0.14224938,0.23446546,0.17113923,0.24348964,0.14699571,0.22803603,0.18999659,0.25214413,0.23210013,0.2604039,0.15635872,0.18247618,0.21675135,0.24512658,0.34527615,0.34524864,0.38490993,0.24058156,0.69176954,0.3789199,0.373683,0.24556053,1324.5278252945689,414.19425877210466,1827.8501316965398,279.88742338578675,2711.4849187935033,1037.4750877320284,0.0514017032820959,0.035431452423898294,0.113129914,0.06475137,107.666015625,blues.00013.wav,blues
-305.66437,90.51317,113.07102,26.117973,12.107334,38.245975,45.052197,14.985571,17.734386,15.774929,14.590071,12.4327,4.147996,12.554463,0.22631137,12.918809,-7.021587,9.87876,13.646477,8.76354,8.91421,9.488391,1.3037987,7.917947,5.9549785,8.019833,0.29597977,0.32246706,0.31584668,0.33374518,0.29459623,0.31468865,0.2398648,0.2750803,0.29456335,0.30623737,0.31403112,0.32052097,0.2369325,0.25240305,0.23518011,0.24704728,0.2839878,0.28364557,0.3779186,0.2911978,0.6206918,0.42028823,0.43712398,0.33645022,1171.9674319304547,383.7557250667418,1705.3701299892873,310.64407097862505,2344.9874700913574,936.5402439676935,0.045036675850734724,0.0394964660662841,0.066998236,0.05207374,151.99908088235293,blues.00014.wav,blues
-238.51962,66.17874,120.10219,26.984787,-4.221948,31.285717,42.294594,19.575134,5.923822,17.283571,13.911398,10.834489,5.350524,10.93795,1.8952672,11.994965,-16.928087,9.477281,12.343145,8.731137,3.9388995,9.03389,-1.3966831,7.8044834,0.013027749,7.7824545,0.2700389,0.23425575,0.16510156,0.21633036,0.24188969,0.33339882,0.24282655,0.29446396,0.28292674,0.34318164,0.2934614,0.32791832,0.26243234,0.29376388,0.17003141,0.21258774,0.19486077,0.2454853,0.24148698,0.272905,0.3523685,0.2804688,0.51935345,0.4137874,1420.4385714343975,447.14022714610513,1731.1768529678968,285.1528585515942,2930.239280470563,836.600514080199,0.06370125495456304,0.044056664195648826,0.0806058,0.05320368,103.359375,blues.00015.wav,blues
-233.77281,70.41757,120.66434,23.701458,-3.164092,34.74571,39.514828,19.920452,3.8315237,16.866493,18.828156,12.50294,-3.6787386,10.022331,4.4254684,10.56024,-14.964929,10.076125,17.571478,10.110481,1.8461249,10.419307,2.5500886,8.156764,-1.2302389,8.066139,0.23239261,0.28451446,0.1687565,0.22179176,0.14952141,0.19808537,0.27854723,0.27388987,0.40721017,0.353935,0.2495265,0.25877354,0.2720712,0.29074094,0.3548413,0.3107031,0.52874696,0.34970686,0.5378583,0.38995054,0.26490328,0.2310684,0.25382745,0.2907658,1455.0726339659166,390.2522134066436,1826.0433384175,341.7024768530339,3010.010388721723,1005.1216329974804,0.06134406117072699,0.037666938600053254,0.081422575,0.05137807,198.76802884615384,blues.00016.wav,blues
-245.68724,72.08507,140.48125,28.287134,-2.7912185,28.21038,60.404514,18.997026,18.903513,15.344066,9.828394,9.991208,3.563824,10.888111,0.52286243,9.659253,-16.378489,11.362887,6.6293535,10.258175,7.2584243,9.839573,-4.021235,8.445612,1.601125,8.541871,0.30274367,0.32578823,0.20726669,0.24110216,0.15756612,0.22428706,0.15969352,0.18722662,0.3066374,0.323264,0.25637448,0.24763136,0.254301,0.28100538,0.3127847,0.29273212,0.42521158,0.29362255,0.57849723,0.38487226,0.3529979,0.23092386,0.31265044,0.3228662,1089.0053435041514,481.32410226077053,1411.0016368511904,264.12861829448525,2135.41761075261,1039.989055283002,0.048326248912412995,0.029071729672521987,0.09327623,0.046376355,172.265625,blues.00017.wav,blues
-252.48178,53.611404,104.94516,24.577627,15.296445,25.728199,42.68784,12.756243,6.770452,9.637041,21.611765,10.829065,-1.3111783,8.571541,5.681745,10.026284,-16.636873,11.207312,12.16935,11.120345,-1.9619533,7.222533,1.9602653,8.047303,-0.8982278,6.982861,0.21087255,0.24048641,0.16098844,0.23255989,0.18929787,0.2694881,0.20331988,0.2664769,0.2173755,0.2810516,0.28002015,0.32605115,0.32929403,0.3505659,0.2505771,0.27585608,0.33021894,0.31402916,0.37681806,0.36633912,0.2984076,0.26484329,0.3936369,0.40671197,1537.4913865266897,439.49308611181027,2053.965411394372,381.45561940257073,3495.331815998405,1352.147626803901,0.056141769987432324,0.04149945968613148,0.07967066,0.054366868,83.35433467741936,blues.00018.wav,blues
-236.67947,74.6769,138.4056,23.157816,-4.9304795,34.16023,47.6545,17.642036,5.1578503,21.593693,8.887806,9.574885,0.48740575,9.902548,-3.788342,12.609613,-14.984867,8.794789,10.428946,10.222541,-0.3413842,11.598304,0.783359,8.970518,1.7809838,8.8266945,0.19479884,0.28439754,0.19424152,0.25703436,0.15759362,0.24191411,0.2542765,0.2902574,0.34069914,0.368925,0.14696781,0.21009059,0.13919762,0.2189831,0.24395092,0.28643674,0.43773443,0.30499184,0.55457807,0.41689992,0.25228763,0.2259844,0.17302026,0.2355001,1195.4981309471511,499.5405718071246,1481.0226384301295,216.51399911278273,2235.6144526718385,1099.0453312721756,0.05888603900812065,0.042406678445582685,0.09761591,0.05076659,123.046875,blues.00019.wav,blues
-230.36378,54.673214,127.07773,19.944132,7.114696,24.502907,39.767056,13.266759,1.9217218,10.790005,17.410606,10.008848,-5.626918,8.926415,8.2406645,8.336122,-18.116041,7.7557545,13.844725,8.527019,-3.7571108,8.459759,2.579849,8.636519,-4.3167143,7.911321,0.2496986,0.24572946,0.1725493,0.22800432,0.2179939,0.27994752,0.29246852,0.25670862,0.49619156,0.39624128,0.24927707,0.22891903,0.22601484,0.25151536,0.34278336,0.31993952,0.388074,0.3474329,0.29929012,0.29773325,0.28331298,0.26162812,0.41454417,0.35759556,1390.3828142454306,321.06580451984536,1911.2183778211806,297.80961777582365,3006.1467358794953,972.5903412923582,0.05258634232405259,0.024823961803533193,0.07542555,0.049926225,135.99917763157896,blues.00020.wav,blues
-264.67126,79.628624,138.85434,31.645363,11.167329,35.826588,48.523926,19.268068,14.904312,15.752653,20.586437,11.402316,3.2061763,10.952874,1.2635795,10.218165,-15.839373,9.767083,15.975112,9.236078,3.358218,8.89637,-1.506641,8.481329,1.8969209,8.368644,0.2331404,0.28079003,0.16188836,0.18264979,0.18005441,0.21668741,0.21771017,0.20799874,0.38677132,0.3338192,0.55786765,0.41607022,0.45691493,0.35295102,0.44296682,0.31562534,0.40354595,0.3284526,0.29668963,0.25599474,0.28413847,0.3417805,0.23403376,0.25441074,1046.7751266104488,539.8569280119491,1481.0558466484945,265.1352953835877,1831.2215641313805,1161.1499165632579,0.047907452387857694,0.04828363521002576,0.1010843,0.05684163,99.38401442307692,blues.00021.wav,blues
-233.96312,80.64891,136.14453,30.979477,3.3066366,34.102406,48.930626,19.595057,8.705184,17.453188,13.989511,12.861147,5.3627157,10.272203,0.4101891,11.319863,-13.483557,12.328202,16.860369,9.09573,5.134752,10.69404,-2.230727,8.787573,3.9538214,8.124322,0.38983405,0.36482665,0.23306347,0.2305027,0.21168067,0.27647018,0.25654748,0.29180628,0.32922992,0.314685,0.49539053,0.40645042,0.35581484,0.3094123,0.3201647,0.3041409,0.28152838,0.2604252,0.31771582,0.31859443,0.25055906,0.28369436,0.23779844,0.23415087,1155.869256708864,560.4933041014398,1497.9367164622315,243.08860546122563,2169.63258818518,1153.832496080009,0.05856995903422274,0.05355341824919657,0.113379315,0.060724955,95.703125,blues.00022.wav,blues
-227.2558,64.377014,137.76518,22.520338,-14.502318,35.287315,63.57536,14.525473,5.6017485,12.350949,11.988768,9.674015,1.8891491,10.127278,-1.8709353,9.341796,-7.618036,9.875039,-2.4516423,9.880968,-2.8980217,10.205561,-9.433825,9.376958,-10.939208,10.757296,0.20817874,0.2509887,0.2739205,0.33309543,0.18811946,0.24006799,0.2079269,0.19622642,0.48324588,0.38825822,0.22903053,0.19969508,0.12468953,0.19273755,0.16487415,0.2199382,0.28213865,0.215628,0.6510636,0.36986265,0.3653882,0.25094882,0.19110782,0.22040606,1210.1413910383174,363.09164462015235,1497.6767028673223,227.25566817340277,2521.9827390878772,781.0581759450912,0.052467009860788866,0.032981581751793373,0.1019351,0.059650373,184.5703125,blues.00023.wav,blues
-274.37683,76.942955,130.40738,22.369991,-6.357467,36.64674,70.38822,17.649294,13.269664,15.178369,9.472181,12.471086,7.7330894,11.023006,-1.2365491,12.257949,-0.5709879,9.704188,-2.2971628,8.298589,3.7794154,8.760189,0.085482165,8.574176,-0.93685687,11.253346,0.30598632,0.29903218,0.23333074,0.2771386,0.23136054,0.3027844,0.17506883,0.25012377,0.20530392,0.2831683,0.23783106,0.30609736,0.11781554,0.1618209,0.08231532,0.15287247,0.12756333,0.18429987,0.29739895,0.260811,0.6092573,0.37188002,0.5336042,0.36557475,1120.166568707164,419.9194082322526,1448.1227679043818,232.07516216405247,2324.212009226363,1067.3449245786146,0.04727604770881671,0.03284804303651859,0.08692267,0.05012136,103.359375,blues.00024.wav,blues
-249.31532,63.068672,131.00032,18.391453,0.67786974,39.736237,66.704155,17.273815,17.911272,13.546628,4.623277,13.160499,6.603809,9.819101,1.2421156,9.912779,1.4099407,8.702796,-1.5849273,9.579125,-0.9725387,10.062399,-3.5726156,9.225783,-2.9297993,9.288097,0.24255428,0.23242746,0.20957917,0.23919316,0.26647514,0.3012941,0.18082719,0.23514645,0.23675513,0.25860897,0.30517635,0.30967852,0.13574521,0.15248945,0.112081,0.15058579,0.1763919,0.19051304,0.43706873,0.22956267,0.77608716,0.32909557,0.41263798,0.25280067,1109.3207630441668,372.41125945676066,1463.1107858840894,194.0675400391082,2243.3167778422276,915.5619328798742,0.051697390999613305,0.03659598303130558,0.0891659,0.05580618,92.28515625,blues.00025.wav,blues
-284.64056,78.756256,108.80131,25.991209,9.085319,38.012424,51.198063,17.221447,18.07189,14.520167,7.6021547,13.486546,8.755716,11.045979,2.3540907,10.155268,0.003367177,9.667358,2.2484956,10.299799,4.1991253,9.182453,-3.283064,9.886891,1.6176826,8.281033,0.37540913,0.3213101,0.24692568,0.23460272,0.21814567,0.30276257,0.14881729,0.20823649,0.2056574,0.26156342,0.3697312,0.36747786,0.20062119,0.22407562,0.1537838,0.22913682,0.1979098,0.24134576,0.24965276,0.22814862,0.46667826,0.339901,0.5095569,0.39104635,1198.8570176825062,402.42583863261996,1573.309953310918,289.97649445977567,2478.8330644576567,996.4918328705511,0.05197268646075019,0.03855994632178308,0.07705383,0.077019714,83.35433467741936,blues.00026.wav,blues
-228.20984,53.04508,130.32317,26.256826,-23.311424,30.451109,70.20095,19.941048,1.1310546,13.481137,7.584427,12.413022,0.9005107,10.017086,1.9828155,9.395953,-6.1644154,7.864984,-9.382748,9.277066,-2.56378,10.384273,-4.5257525,7.68085,-0.2604644,8.233728,0.39006534,0.29446456,0.23868658,0.24361806,0.28065082,0.32576925,0.24534848,0.24940248,0.4135756,0.3701743,0.2971041,0.267565,0.20207994,0.28314447,0.12528214,0.21123809,0.16353555,0.21382274,0.21445332,0.22565994,0.33187902,0.262349,0.56152904,0.39289358,1392.026357292707,447.7014095594055,1494.8775639502576,208.47933197782453,2811.740048578886,735.7006345403577,0.07241441294470224,0.050454799582861906,0.09575479,0.04683636,92.28515625,blues.00027.wav,blues
-248.98882,70.42846,139.05774,19.94925,-16.27087,34.143238,57.137146,18.143696,20.188509,12.57869,10.186956,11.5422325,4.5429106,11.239727,0.33107194,10.874915,-7.8745785,8.35606,-3.4545712,8.277096,-2.6574361,8.91515,-2.8329575,8.164123,-0.9046587,9.767704,0.2911837,0.2921635,0.22086824,0.25819227,0.25875148,0.316751,0.17773187,0.22689527,0.21091914,0.2626959,0.30962676,0.338241,0.16718782,0.21207087,0.10157467,0.17424813,0.16208433,0.23922811,0.33741465,0.2858774,0.5993867,0.3782778,0.47659966,0.3451604,1115.589479626823,324.8254156400116,1398.7226588974152,229.87215154470218,2290.6881593496228,798.7430167556532,0.04801998743232792,0.02857617645815396,0.099547915,0.06405849,103.359375,blues.00028.wav,blues
-233.72897,60.71241,101.19028,29.751743,17.647955,19.370012,23.734173,14.8012495,2.0825465,15.082637,25.936394,11.643324,-16.956385,18.417284,15.084952,10.656016,-22.273954,9.916282,4.38161,11.076238,-23.201656,12.937291,-6.050581,9.039295,-5.0679264,8.99129,0.26921844,0.32290736,0.3569551,0.31205446,0.47367963,0.4008167,0.43120903,0.36432245,0.2816454,0.29263353,0.22594419,0.3178679,0.20370935,0.26735762,0.22682106,0.30193713,0.24057123,0.28710356,0.31929266,0.36638334,0.17705655,0.22242329,0.16014045,0.22676027,1648.884832208329,843.9144219009379,2190.046421135934,430.36114102220614,3760.300128697796,2039.5415976374072,0.05289486961040216,0.05698632515321641,0.124684155,0.069376685,129.19921875,blues.00029.wav,blues
-206.93233,45.00081,117.80414,27.631823,23.241365,16.767239,28.308992,16.16462,-1.1260132,13.957167,18.867395,12.685312,-21.97302,14.575561,17.844067,11.717653,-25.595348,14.146356,2.1395233,10.152356,-17.782476,8.550711,-8.011028,7.7710986,-17.610441,8.53409,0.24562274,0.33361205,0.16386992,0.21867763,0.19971713,0.2810116,0.2715938,0.30086467,0.29270846,0.25655156,0.46752873,0.39111605,0.37551346,0.27194571,0.38632473,0.38782337,0.22245204,0.23247576,0.16297579,0.22511518,0.20574138,0.30990613,0.16624272,0.22737975,1379.0236797531393,742.273901794046,2003.7311331314559,519.214380016995,3015.6143507105567,2138.622988411464,0.039366118039443156,0.030750114988892845,0.17000204,0.05650515,151.99908088235293,blues.00030.wav,blues
-221.87302,50.120155,110.8554,24.21547,18.636082,13.800015,30.92296,13.434972,3.2964358,14.877094,22.585636,10.030203,-20.403688,17.845789,12.121834,10.7006235,-26.332514,10.440435,-4.367301,10.110743,-26.395552,11.351647,-13.047178,10.366904,-12.667627,12.100626,0.13404492,0.19018404,0.2872989,0.28699014,0.44929618,0.39928004,0.33123675,0.32005677,0.15567015,0.22379284,0.102855824,0.17637332,0.19868532,0.30130962,0.28701696,0.38146153,0.249152,0.25509778,0.41897184,0.3846824,0.24752322,0.24768212,0.18285932,0.30164486,1330.6062681557464,593.504901893929,1973.262361241022,484.2325798747688,2898.630603338892,1926.1094224925441,0.04294722484048724,0.03310855531387314,0.15147567,0.056532748,151.99908088235293,blues.00031.wav,blues
-288.7327,72.93172,105.90115,28.80309,18.776207,20.827404,23.682646,18.50763,5.6820407,19.532705,25.54894,12.815783,-13.463247,15.106858,12.437668,11.2085905,-11.963671,14.010676,1.5746145,11.502111,-15.640525,11.236612,-6.632071,9.041329,-11.693039,10.121297,0.35346487,0.384745,0.21886359,0.22065237,0.196701,0.26146504,0.18280251,0.28414345,0.22355969,0.28365898,0.29604748,0.34368974,0.3115639,0.29425582,0.434983,0.40215912,0.27721995,0.259807,0.24801256,0.30530447,0.29694507,0.3146691,0.27406576,0.24707012,1309.7746510229802,869.5606669937767,1883.258149940785,533.1245796099671,2765.2346582257833,2164.9094489616136,0.03938839846771075,0.0561969361557821,0.10122466,0.06275847,143.5546875,blues.00032.wav,blues
-238.96988,56.839176,108.68232,28.656258,34.158817,16.709719,30.20716,17.398487,-0.49822134,15.410606,27.279755,11.862947,-21.377928,16.932917,14.166391,11.802988,-24.509224,10.837011,-1.8904003,13.385477,-28.051817,11.275615,-11.25711,9.361098,-16.457558,9.532931,0.3122583,0.32195145,0.21676724,0.25784704,0.17699012,0.2746036,0.15533997,0.20937288,0.24401148,0.23739903,0.45676163,0.4019548,0.3169758,0.2842899,0.23535423,0.3233168,0.21037856,0.26612636,0.2692645,0.3459478,0.28182486,0.33152157,0.25340772,0.2769506,1430.6028402421161,837.1506664304524,2075.7185500837736,524.5619558959208,3246.1678418648494,2359.5033739418873,0.04197368341550657,0.03793596136045574,0.13316597,0.047453202,151.99908088235293,blues.00033.wav,blues
-217.18364,59.99961,105.78522,23.107355,15.602848,18.931713,25.24884,14.809595,-1.4500508,14.696085,30.19327,10.83843,-17.716621,14.952843,17.319042,11.248331,-27.213608,10.593322,4.338282,13.312605,-20.0573,10.7339945,-10.700285,8.415873,-14.228785,10.247084,0.23813936,0.3199019,0.32601488,0.2856646,0.46905616,0.39540434,0.38127318,0.32894832,0.2475577,0.29095095,0.23872134,0.33359852,0.19899212,0.26520762,0.21244046,0.2984293,0.2359727,0.28451562,0.3141157,0.35504135,0.15829182,0.19921172,0.1254823,0.19070384,1537.0761619483742,583.9879011086753,2157.2970666777037,401.2297074996598,3602.40662612384,1927.3027965550746,0.04570244525812065,0.026290158825679158,0.13590334,0.056790907,184.5703125,blues.00034.wav,blues
-171.79478,44.05371,120.28173,26.329115,15.331755,16.405777,21.094315,12.104945,-5.3954434,13.25229,24.185543,10.919039,-24.130846,12.065801,18.545135,10.032903,-22.342924,11.808719,1.3107386,10.758331,-20.765268,8.249957,-4.991692,9.02162,-17.108126,9.305774,0.1949699,0.2792825,0.17143933,0.2155772,0.2522892,0.31689683,0.2960249,0.3135061,0.33841804,0.31215215,0.37865365,0.36511812,0.29369688,0.26733458,0.29377952,0.32658267,0.2850364,0.28720942,0.35732535,0.32277876,0.39826408,0.36857858,0.19942857,0.21148153,1507.1579850499309,643.3657710401216,2096.930874279644,496.9168882334167,3405.5518484447507,2044.9361148251774,0.04541997474381284,0.023957906684210984,0.1732646,0.057788003,129.19921875,blues.00035.wav,blues
-200.18538,53.619408,116.348595,22.015095,17.990738,14.107618,25.287695,17.073444,0.28717074,13.394329,24.193773,9.995521,-22.253931,17.517431,11.182934,9.748541,-26.854319,9.854842,-7.637254,10.513735,-24.876745,11.096255,-12.010829,9.936312,-17.024942,8.816274,0.26551855,0.3485178,0.13945214,0.21532887,0.13098149,0.24165775,0.14862847,0.22457634,0.25692266,0.24490625,0.5004205,0.40678537,0.27031174,0.2451999,0.12934014,0.21807927,0.17691466,0.30150208,0.24980736,0.30867833,0.31713772,0.39621502,0.21448474,0.25279924,1247.5800479447826,513.5590568270901,1907.8212456462645,440.8819132050945,2621.496780289298,1739.211920409722,0.03690734060808198,0.01866915333643142,0.19766894,0.068701774,151.99908088235293,blues.00036.wav,blues
-328.56018,86.45155,102.70981,25.12863,19.872597,26.521942,26.714405,13.066863,7.1520658,15.894049,22.708387,15.762461,-6.9570885,14.448738,12.789707,12.444314,-10.729283,12.585362,-0.44259906,9.143344,-12.386709,10.497478,-8.909131,10.5339575,-9.215009,11.265278,0.32079756,0.3786001,0.12669598,0.16432828,0.08789839,0.15840098,0.19910601,0.290546,0.3408595,0.2690412,0.6230329,0.3837169,0.35185376,0.24371862,0.19937578,0.2675764,0.205627,0.3233533,0.17801453,0.26736972,0.16849692,0.29028156,0.18225126,0.23928113,1188.4732078138638,607.9548803606278,1683.097400614697,447.57137051316863,2339.8331573557134,1730.1663229224876,0.048163866130123745,0.0356653236643039,0.06915838,0.047234546,123.046875,blues.00037.wav,blues
-192.69032,56.718975,111.157486,27.577747,21.351843,17.276585,26.396648,15.820855,-0.64950144,13.79875,23.48705,13.054748,-25.476696,10.968914,16.92198,11.917705,-16.971931,13.805895,5.785404,9.871563,-25.736197,9.272168,-5.053074,8.56224,-17.632252,9.005626,0.120850965,0.24373716,0.10098543,0.19518684,0.17668681,0.21086426,0.35551724,0.36737245,0.26488593,0.27037176,0.24457882,0.25384587,0.29123986,0.33643177,0.3112275,0.32246104,0.34623525,0.37840772,0.31755832,0.28203288,0.44339165,0.38129687,0.2170012,0.23333502,1514.1569585845884,742.8902206929148,2140.992473926622,471.63181378431074,3451.7991068191704,2057.6705617960283,0.044373172249613305,0.04488240348847741,0.16801718,0.06267055,86.1328125,blues.00038.wav,blues
-301.70804,71.17029,111.53328,24.356682,21.896053,17.366556,16.15057,15.556696,8.19879,16.848637,22.081917,11.759881,-8.601798,16.760689,1.482753,10.996551,-17.077759,10.637947,-8.343712,10.65162,-17.01078,10.31875,-10.576027,9.443257,-15.687029,8.847081,0.33036825,0.36644116,0.2263726,0.26121306,0.18004203,0.27013123,0.16491583,0.22560434,0.2833836,0.26282108,0.48251823,0.4164317,0.24697605,0.23351495,0.1449121,0.24251209,0.1779168,0.2390565,0.28696436,0.35582078,0.28422698,0.35790688,0.25558624,0.2807495,1151.310495788511,717.3900448757463,1709.5320969670374,574.6698334448612,2312.1797282845127,1979.9028795390934,0.03532089858855375,0.03075730664704145,0.08582264,0.05127434,117.45383522727273,blues.00039.wav,blues
-110.285034,35.86398,90.71587,15.162674,-2.5352986,15.081648,74.0649,10.687674,-11.763082,10.655944,39.210945,8.128439,-13.171311,9.2917595,20.544195,7.1026683,-17.162983,6.8599596,12.8139715,9.671824,-21.437147,6.4119205,5.957196,7.003153,-8.026906,6.8658004,0.37629992,0.27686492,0.45156235,0.32082376,0.3562408,0.22732635,0.43875375,0.32300347,0.29064688,0.20466493,0.28433147,0.23053227,0.32643667,0.23654024,0.48965847,0.2653508,0.67032856,0.31909642,0.45785663,0.25340384,0.3362383,0.25533026,0.29706204,0.20314744,2272.4696393575086,449.81302812174147,2356.7258986742127,224.13312006788865,5108.157072487674,762.4538896182786,0.09764303279679042,0.03718078366934725,0.13481365,0.027903514,172.265625,blues.00040.wav,blues
-107.203255,37.665695,88.49288,19.480131,-4.1719,18.006502,55.477848,11.379154,-8.0177145,10.343279,38.413597,8.396286,-6.4136605,9.462428,28.57575,9.256715,-19.81994,7.4026923,13.244698,11.171432,-19.248566,8.292435,12.076122,7.2369137,-4.5822673,7.536029,0.32435504,0.2715072,0.35894385,0.30033258,0.41985637,0.27176812,0.5677463,0.36199453,0.30376813,0.21267186,0.25161883,0.21666974,0.32462296,0.25713643,0.3939413,0.27287066,0.45353776,0.31827983,0.42700824,0.26686737,0.4911221,0.3290605,0.3271849,0.23437265,2390.421813618198,553.7029068174098,2463.309240183229,283.00257126197266,5403.593285509716,976.48211505751,0.10226074596384377,0.039947447933169344,0.12910546,0.029545644,129.19921875,blues.00041.wav,blues
-159.5804,49.38464,69.80602,15.516135,-4.402107,22.696037,76.845116,10.556927,3.9148974,10.901324,45.175884,6.400873,-4.860274,7.627601,32.20158,6.712236,-9.805074,8.270932,7.809358,8.1809,-21.826738,8.50487,9.69575,6.387624,-2.5847607,8.9197,0.45213097,0.3180536,0.48424745,0.3378924,0.34599456,0.25493103,0.24868523,0.21328257,0.31243363,0.26486772,0.3651799,0.29012126,0.42603946,0.32480174,0.36129752,0.30458537,0.32953665,0.28602841,0.34442458,0.27825224,0.39552635,0.31762266,0.4668596,0.34358075,2301.5769168965485,452.9134053437981,2367.5022763134966,217.47304937069714,5187.511838837732,750.5760996782832,0.09782391966357308,0.042732002354603726,0.110940404,0.022967767,89.10290948275862,blues.00042.wav,blues
-109.14071,47.001118,100.619644,15.183086,-8.666454,19.631218,47.35473,9.114983,-6.568465,9.471929,39.617756,9.611093,-8.521924,9.530641,29.572609,6.397233,-16.594837,7.659633,13.170881,10.655595,-24.213415,6.4107437,6.5830193,7.939044,-8.652447,6.596293,0.4476817,0.30198994,0.31520995,0.25201958,0.32252765,0.2651304,0.3675151,0.29576907,0.40888032,0.3066959,0.36729547,0.2567501,0.46388403,0.31704146,0.38013303,0.24198252,0.41949356,0.31786296,0.38528544,0.2696952,0.3902211,0.25890365,0.5190849,0.33563212,2155.845202161907,433.710566257427,2371.995585844167,245.5962000420594,5011.532444079901,968.6943328699722,0.08717463022041763,0.0349986165689205,0.12730543,0.036289945,129.19921875,blues.00043.wav,blues
-109.53125,28.736506,86.9288,15.092815,-8.606026,16.693586,64.480484,9.075319,-6.302876,7.4224944,43.645935,6.2301226,-8.295386,7.185031,28.543201,7.4083815,-14.081493,8.809817,8.137968,9.242833,-21.48412,8.340806,11.087112,9.746633,-5.095304,9.561285,0.31810445,0.23804097,0.4362199,0.31469312,0.4341526,0.27153304,0.4649161,0.34112266,0.31475973,0.23251602,0.26117203,0.19662051,0.32775134,0.28485385,0.35019958,0.25507617,0.48048878,0.35009274,0.46842104,0.29127693,0.49790016,0.34473675,0.32732418,0.22851112,2279.0311186490417,413.41583787097176,2375.2320905788433,230.19308780549812,5198.686455463312,754.8668773624744,0.09252533171403712,0.030041231172303187,0.13620916,0.021617997,135.99917763157896,blues.00044.wav,blues
-163.24342,25.884182,89.78384,14.4066725,12.974768,11.6159,80.69835,6.5843234,3.663785,5.734117,39.734093,6.242048,-5.409266,6.6345787,26.490929,5.623763,-13.169032,6.162309,2.7055442,5.991012,-20.547697,6.239224,6.011405,6.14367,-2.906491,7.0871434,0.41381472,0.2964655,0.376879,0.27205572,0.32688084,0.21781506,0.37648374,0.30543905,0.31558514,0.23031364,0.28809085,0.22543171,0.36018616,0.27462277,0.4306951,0.2881725,0.5446735,0.31028318,0.57058376,0.28504524,0.6343095,0.33318377,0.51804477,0.29927734,1739.118783072362,380.6461038146927,2290.362915529216,255.68850871238956,4551.058301460992,905.3710577318088,0.048048310010634185,0.016315251808262494,0.14828186,0.026626002,129.19921875,blues.00045.wav,blues
-182.60481,47.67623,90.67421,21.243681,14.12465,16.346899,67.552986,13.170658,2.6751466,10.846782,38.430412,8.109713,-8.419177,12.125936,24.123713,8.496144,-13.794528,7.738341,4.8405757,7.663994,-16.67912,6.6657896,5.8271174,6.5149465,-5.1463914,7.03857,0.2964774,0.26434636,0.41974324,0.33747408,0.42353347,0.28422898,0.48035678,0.34569526,0.363761,0.2725325,0.2650902,0.22217605,0.34946594,0.28701252,0.40172708,0.28007585,0.51015645,0.3500293,0.45476997,0.31281298,0.3903986,0.3368643,0.3008004,0.27534837,1913.0130750462417,575.9580467301105,2361.6655251532125,304.3255889883428,4777.714832420968,1135.4431122709886,0.05845780162412993,0.030123828445441498,0.10254586,0.030758098,123.046875,blues.00046.wav,blues
-149.96422,33.237762,93.663895,13.960328,6.347333,13.135421,71.49793,9.88047,-8.129108,9.840895,36.19368,6.2770066,-9.783754,7.155078,17.647097,8.127282,-21.112293,7.442955,-0.13059244,8.028293,-22.204636,6.3842235,5.426575,5.9279833,-7.464398,6.4866576,0.3112671,0.22675367,0.46003088,0.35615042,0.27093488,0.21068496,0.32135543,0.24448004,0.53822833,0.39366487,0.3084809,0.2056949,0.3322513,0.33524716,0.31158984,0.23066236,0.43027207,0.32111213,0.25542873,0.22674796,0.21250421,0.21062422,0.28472677,0.30536067,2013.0124617688696,403.30130140509226,2310.092635589125,209.82872901966962,4848.792721777118,762.3009434940188,0.07532370818832174,0.028984417568811274,0.11219959,0.022979908,151.99908088235293,blues.00047.wav,blues
-106.39663,38.9454,102.66919,16.361555,-20.160875,19.253923,59.366917,11.131981,-9.960424,11.405254,33.70237,7.7197647,-14.18707,10.853048,23.524565,9.680757,-13.328021,7.8752,16.005512,8.892002,-18.926493,7.869692,7.8249483,8.304456,-7.797836,7.1150994,0.3296737,0.28123763,0.39710793,0.31411555,0.4182035,0.27212498,0.4689778,0.32833034,0.29867122,0.224868,0.27493438,0.24033403,0.32680333,0.2763317,0.38416663,0.2659407,0.4596169,0.31841466,0.400614,0.26757157,0.47278133,0.33286414,0.32255536,0.2291848,2148.129104035021,407.996711245408,2204.0829869674467,282.91019625377317,4672.105545787413,907.1665890528745,0.09876687270398299,0.036190426062726676,0.123896696,0.030328287,123.046875,blues.00048.wav,blues
-255.96312,56.237286,110.83974,25.841042,21.46607,18.753284,67.558914,14.3176155,4.2955728,14.049567,43.095005,9.112471,-4.5027637,8.621903,10.435257,8.700473,-8.718684,10.126194,1.6503062,8.957998,-20.581207,8.328503,-2.4358413,7.7534556,-7.146028,8.124345,0.27479962,0.30278075,0.36551303,0.3607561,0.34684733,0.2865931,0.32899833,0.3268865,0.2196778,0.23099084,0.23847559,0.31675124,0.18782434,0.24416688,0.17453857,0.23620749,0.21840069,0.28143838,0.25680092,0.21685988,0.4224076,0.3977847,0.2968335,0.24423093,1318.611850855382,641.8123461797188,1904.751803584168,412.52464806224805,3046.5652076384863,1751.4018859305652,0.039961269818252126,0.027567029065949853,0.08853809,0.021398729,123.046875,blues.00049.wav,blues
-83.02948,50.07652,107.10441,17.77559,-25.338032,18.458643,57.1057,14.298716,0.07983587,11.749826,34.69768,8.551578,-11.060305,10.093114,20.54429,7.229434,-11.203026,7.824558,14.825527,7.708144,-10.235623,6.6173606,12.548191,7.101297,-9.764642,6.7207904,0.42400178,0.25312,0.31038323,0.22960171,0.38508818,0.3047124,0.42760617,0.28366053,0.45190704,0.33656704,0.36471465,0.25627744,0.406039,0.31627125,0.30228546,0.23932159,0.32726088,0.27923188,0.39414036,0.30698836,0.44227272,0.29637343,0.5764098,0.35796997,1945.2525228542231,383.96702031726346,2081.763029936078,271.18074126453973,4174.460398238109,899.1018552348378,0.08579060022718484,0.034919943007375005,0.18228516,0.06305438,135.99917763157896,blues.00050.wav,blues
-55.631004,31.839804,114.9514,17.840698,-37.04922,14.332295,64.900314,8.296926,-7.1699824,9.673373,15.256333,10.722341,-16.24762,9.8893175,18.646315,8.825169,-9.762152,8.275992,21.460814,8.56423,-5.662462,8.487124,12.79181,9.964337,-16.540878,7.470725,0.2740455,0.21645422,0.29794046,0.24947631,0.36342347,0.26932243,0.4812736,0.29453716,0.54929364,0.32304713,0.41529775,0.27298093,0.35454708,0.25987214,0.3915958,0.2869766,0.44056404,0.32183358,0.38723433,0.31097144,0.38174215,0.28551218,0.38746804,0.28825292,1977.0957174136204,370.3625592622146,1927.7012073969408,271.82064082276054,3943.357335774362,834.0594812609022,0.10660165313225058,0.03076045527677864,0.19659239,0.04136786,99.38401442307692,blues.00051.wav,blues
-225.26271,88.6846,117.62649,25.916058,-14.538812,28.558397,64.79437,13.204388,12.911807,17.748896,19.036669,15.85649,10.6702,14.038846,9.886925,10.620152,-2.3937402,10.0870285,11.683764,8.106965,1.5412838,7.8886523,3.0635996,7.719516,-7.6256146,7.3925548,0.4040433,0.3888739,0.29733917,0.2752883,0.24487248,0.26557904,0.19055516,0.20341572,0.2687172,0.26262048,0.33117107,0.28928474,0.42022836,0.2591754,0.62333596,0.38613826,0.42822596,0.281611,0.29901308,0.25685933,0.2724881,0.28545594,0.28810447,0.25621235,1443.7501126322197,669.848213660187,1670.688954737603,435.123088838814,3070.6131158461426,1443.6084535580767,0.0671879531612529,0.055531238553511796,0.09884554,0.05474575,151.99908088235293,blues.00052.wav,blues
-76.74658,53.895042,105.751114,20.801758,-43.19778,19.765594,60.959892,20.186169,-8.785327,14.273917,21.246374,11.001516,-12.868538,12.864816,18.610828,12.198147,-11.409451,7.558396,14.548588,8.859457,-6.0564647,8.300519,12.733198,8.030754,-9.375089,7.4038177,0.4237271,0.27765596,0.46389136,0.30782688,0.4356211,0.29586104,0.4424356,0.3074553,0.30335927,0.2277551,0.39098895,0.27193305,0.5002803,0.32570067,0.39927346,0.27181712,0.41707593,0.3146297,0.3634238,0.27311853,0.40568224,0.28253946,0.40355,0.29979175,2171.3957422720473,412.2298762625522,1954.254740024489,291.2955104849345,4237.303044790458,863.6222676963303,0.1328151434406419,0.04845768979456554,0.1682386,0.060626876,103.359375,blues.00053.wav,blues
-57.94168,41.82817,109.0066,21.266434,-36.21867,17.438303,64.044914,12.270219,1.4201586,13.405262,26.318415,9.349488,-17.484888,12.272821,20.425648,7.7683496,-9.55073,7.645564,18.168362,7.9638257,-6.0649824,7.839931,13.874468,7.9777513,-11.295739,6.532681,0.3697557,0.25515372,0.47393736,0.26809177,0.5470833,0.3115568,0.47986832,0.25639072,0.5048332,0.3114836,0.38611662,0.25096214,0.40727538,0.29033726,0.4224927,0.2600911,0.4991152,0.2845667,0.5493523,0.30912647,0.42881036,0.24214834,0.36591524,0.2436692,2030.617038436817,469.95570500088456,1987.1997406909852,271.9136575941899,4063.222169101653,920.6627904285533,0.10339893597737819,0.04375984915419865,0.20083979,0.05971468,89.10290948275862,blues.00054.wav,blues
-98.7711,57.781788,104.79962,18.429783,-35.097168,18.68674,60.695198,16.866772,-2.8405917,12.447726,22.22947,11.215556,-7.831078,10.402384,19.035414,10.217651,-11.572287,7.168139,17.017876,10.250866,-5.3780265,7.609089,12.197646,8.241698,-9.955082,7.627141,0.42450798,0.31574035,0.37567282,0.2592444,0.3972523,0.28927502,0.3179887,0.23272087,0.47179374,0.29733345,0.47938895,0.29070935,0.5311404,0.2929541,0.56827676,0.352719,0.40231892,0.27638355,0.4051416,0.28191438,0.41315287,0.2952894,0.40991673,0.26366192,2031.993384922239,436.9557838287683,1976.3541224550038,281.2104450840038,4023.536459088602,878.7016527348379,0.11311924485208817,0.050287237296669576,0.15766303,0.06562489,135.99917763157896,blues.00055.wav,blues
-145.29242,68.175385,102.850784,23.041826,-12.567545,18.817827,56.993618,16.711441,2.2211058,16.161098,26.614082,13.792823,-4.29843,13.82635,17.341423,10.384639,-8.0161295,8.968537,15.237474,9.077267,-6.9487624,6.951082,7.4706607,10.20018,-10.477944,7.0451546,0.2945255,0.24159744,0.2719219,0.21612912,0.40109473,0.30242255,0.40661678,0.2536367,0.5184021,0.35238594,0.41502264,0.28770742,0.4375933,0.29433203,0.41844702,0.32334268,0.3771559,0.2851368,0.39069888,0.3357291,0.34149623,0.25722596,0.41902235,0.33201504,1811.5485980815145,589.3836555300976,2052.0015654552453,345.8437982200675,3927.985992785673,1231.1292890517593,0.07550308451759474,0.0412101518241213,0.13775411,0.057110213,161.4990234375,blues.00056.wav,blues
-92.73328,55.964012,115.323425,22.854847,-35.068222,20.2135,57.875343,18.20038,1.8522309,17.369205,26.613142,12.350983,-14.536868,12.207253,22.12833,10.48452,-8.207463,8.485494,11.016058,10.188885,-5.6494255,8.928642,7.278642,8.385491,-10.204165,7.522833,0.4120366,0.2693143,0.36025083,0.24608293,0.40030453,0.2817711,0.42995477,0.2767462,0.4868333,0.32102138,0.4607661,0.2640382,0.51223606,0.3308251,0.38315803,0.2563222,0.35029703,0.27531055,0.37509093,0.28029522,0.40792188,0.27971604,0.5142141,0.34125715,1886.9577813534856,503.3779082054495,1913.2410487331017,351.3359172595357,3828.2471269576567,1116.6986037294375,0.08993966913186388,0.03917763179266563,0.17591807,0.059735216,92.28515625,blues.00057.wav,blues
-95.44059,56.711502,105.23433,24.754137,-26.953482,19.393723,60.816486,10.833064,-4.854668,12.348961,21.54347,12.955483,-13.520524,10.895624,12.13553,10.164952,-20.231928,9.50469,12.156194,9.263524,-5.2262135,8.55471,10.267819,7.8723836,-9.4598,8.148083,0.34927905,0.2599478,0.46345878,0.34978712,0.41217,0.27591547,0.48248768,0.3377816,0.30605248,0.2478119,0.28159845,0.24066857,0.37192652,0.31833175,0.30505648,0.24837855,0.33820373,0.29665798,0.2933862,0.2637996,0.2872827,0.24554737,0.39090237,0.3456676,2068.33217151328,532.2978303329204,2033.9588199378034,341.10360522161614,4231.815658533933,1063.4806131974713,0.10435170751160093,0.0439276251082811,0.16190661,0.06921406,107.666015625,blues.00058.wav,blues
-86.268684,50.767235,91.95878,17.927921,-23.41585,15.44863,68.26197,11.968947,-3.8848531,15.105141,22.747063,12.81213,-9.897946,11.205896,16.88897,8.37484,-11.390698,7.7395883,18.429132,8.576026,-7.012551,6.4298162,10.759532,7.441274,-11.943845,7.65304,0.45207632,0.32300174,0.40451545,0.2839722,0.41440812,0.31572294,0.2743663,0.20814306,0.37092376,0.2706241,0.44354922,0.3045874,0.43165016,0.250851,0.5265063,0.3415125,0.36678362,0.2449425,0.39394602,0.29541028,0.40862745,0.30097446,0.38429448,0.26312262,2235.572388922088,489.17520936363246,2099.7993513140104,224.96629578502956,4389.459355967228,850.7461953504245,0.1422416527697216,0.064898730924091,0.169917,0.06522205,107.666015625,blues.00059.wav,blues
-67.761024,40.15518,111.7113,17.543058,-34.646255,14.937487,61.319546,15.130505,0.044201963,13.243191,30.56148,10.647172,-12.693844,10.469062,21.164927,9.577909,-13.122508,7.4707875,16.284252,8.564655,-6.337016,6.172953,12.300311,7.0810747,-12.475308,6.3600464,0.31149426,0.23291646,0.3667146,0.24127138,0.44526133,0.3078565,0.43729815,0.24956699,0.5653125,0.32884184,0.41445982,0.24323913,0.4242084,0.28564778,0.38655487,0.26129824,0.46534875,0.27465844,0.5949355,0.32940832,0.42152834,0.25072202,0.33706996,0.23468144,1946.448570450021,353.4263031529081,1979.9041422588339,236.1500047849516,3955.7143633990718,799.6144925034345,0.09742287195475638,0.037378158312991384,0.19617338,0.058723852,151.99908088235293,blues.00060.wav,blues
-82.52998,32.3022,94.16451,14.428165,-27.112604,12.906937,75.65927,7.437358,-27.521812,8.235733,35.577274,6.514652,-20.303492,7.02157,25.112028,7.399398,-15.37021,6.9152203,11.353974,7.515861,-13.391487,7.4144034,8.147321,7.0781703,-8.500548,8.040506,0.36954927,0.24717727,0.31483823,0.18634936,0.5480679,0.28411222,0.3569074,0.20902152,0.52132183,0.29606912,0.4556876,0.24867716,0.44219664,0.26104513,0.4867337,0.31465757,0.36736095,0.20692086,0.55985427,0.29886568,0.49255928,0.28595123,0.5083784,0.29012948,2503.937744869009,403.6153800283311,2180.4392324623277,184.5498872598978,5077.364425482164,630.1716885735535,0.16753371519721577,0.05050237765193772,0.14166255,0.024950128,129.19921875,blues.00061.wav,blues
-144.92339,42.74186,95.732994,26.669512,-21.616442,20.487307,49.62627,13.645964,-29.88752,16.370502,29.351145,12.087129,-18.850819,15.774006,17.902308,9.5864525,-9.670823,10.38607,5.516722,8.792787,-9.557408,8.613122,6.359987,10.403525,-21.088718,8.889299,0.4404513,0.35471347,0.29634088,0.2615963,0.29614767,0.29241708,0.27822423,0.26399758,0.26161125,0.24664503,0.44057357,0.38664237,0.27797318,0.25177994,0.34949347,0.3379405,0.35201624,0.3328502,0.24906322,0.27239645,0.24528433,0.2933993,0.2556351,0.22575217,2280.1541868844874,649.7630296498277,2119.7941498111463,189.74264556826085,4732.98305856656,883.7642611717257,0.11714180624033256,0.06148350570531057,0.10622777,0.029416243,112.34714673913044,blues.00062.wav,blues
-129.15756,45.138687,72.09806,20.648611,-7.7710886,24.367971,49.25128,11.919467,-32.72323,10.3587,21.60696,8.859638,-27.37162,13.712681,15.0016575,7.256949,-10.260744,11.016187,12.431697,7.205212,-17.031103,7.5649195,7.1205482,8.276927,-18.018095,8.133598,0.47272345,0.35247445,0.31473526,0.23634556,0.33846506,0.32894814,0.34510878,0.30539665,0.28410184,0.23425636,0.41333297,0.35260153,0.29261714,0.2638475,0.29409796,0.29288125,0.304736,0.3173437,0.32462892,0.30038887,0.2858421,0.28781736,0.29428792,0.22855471,2839.8868647026125,538.0649015679045,2443.989707087495,237.1669289986033,5711.47812137471,690.1187295975396,0.15441054294760248,0.05540021430684424,0.0962278,0.041664895,92.28515625,blues.00063.wav,blues
-85.13846,29.81773,88.807526,13.11696,-16.32557,13.798755,59.228165,11.402798,-35.98338,8.843369,14.397045,6.4057436,-22.296473,7.1627827,9.660774,7.3133054,-14.823983,6.7258453,11.181689,6.7593417,-14.806866,6.4930787,8.475102,6.044748,-19.587511,6.149481,0.58665323,0.35048878,0.3066353,0.17408548,0.37013277,0.3292261,0.26235464,0.2305534,0.30972627,0.1929783,0.6080475,0.35621953,0.24216405,0.1637006,0.25575584,0.24644998,0.23656353,0.23584665,0.3244045,0.2732934,0.19718221,0.19553402,0.292299,0.19627234,2553.36107300691,328.4424800898414,2280.1875451254764,181.17735899486195,5148.284104915893,525.7929118046876,0.14683293153035576,0.03254251301746449,0.11737103,0.023367522,78.30255681818181,blues.00064.wav,blues
-118.35662,34.38236,74.87531,24.610435,-19.86609,18.491848,46.944565,11.242387,-32.55983,11.349749,23.820112,9.168532,-26.35521,12.577701,17.678152,7.482413,-13.824853,8.634025,11.931674,8.297757,-17.888668,7.8838186,7.5392737,8.199509,-22.89513,6.791978,0.5689043,0.40321866,0.26256442,0.20620829,0.21282968,0.2340341,0.24432741,0.26883236,0.27371767,0.28067276,0.24874602,0.2759103,0.24983439,0.236381,0.42411247,0.35888532,0.2191353,0.2182727,0.22783071,0.2755088,0.27057505,0.30389148,0.3106689,0.22385636,2816.362773738942,589.5850576568769,2372.0576645093565,211.66659154479498,5613.737696671984,785.5459222647025,0.14628196297370458,0.050533249980619366,0.10029806,0.029384224,107.666015625,blues.00065.wav,blues
-116.60201,39.906326,97.43107,22.47284,-13.89173,17.07334,48.96764,12.437554,-22.596458,12.741179,27.759014,8.904127,-20.245163,13.642422,18.638865,8.122762,-14.6395855,8.60327,8.482747,7.1667385,-16.644682,8.367044,11.017631,9.110557,-13.866874,8.62986,0.34571546,0.27628222,0.33229122,0.26521906,0.43541488,0.34605873,0.3032635,0.22963065,0.38836992,0.29711968,0.3546306,0.28991416,0.31103846,0.26182953,0.35216558,0.33252117,0.30141592,0.2392674,0.43724737,0.32839406,0.4687417,0.3157898,0.46638167,0.2950238,2340.734161475744,589.4640967954826,2256.3917617942093,213.1417651883344,4972.721052059164,856.838802986626,0.12179161832946636,0.06324439645304665,0.11043558,0.026540292,161.4990234375,blues.00066.wav,blues
-95.46357,30.575737,101.38746,19.121157,-20.677706,18.627968,48.668915,13.2737465,-30.248262,11.850868,20.8077,9.244118,-18.291418,15.534937,14.138235,7.893894,-12.79949,8.92581,13.443616,7.5165358,-14.068502,10.286116,7.7323503,8.540941,-19.215456,7.712255,0.28473282,0.28394273,0.23300162,0.21484537,0.3383571,0.31323814,0.2749954,0.20801774,0.41938996,0.355199,0.3340319,0.27562606,0.3131571,0.22380926,0.6011887,0.36166188,0.38230783,0.26226765,0.31375003,0.2706343,0.27928206,0.25837123,0.28088832,0.26874468,2258.115149720309,468.19977530932806,2175.9191964932897,236.16542134633937,4754.616183747825,831.4726557876455,0.1127057352088167,0.04131181612857065,0.12903984,0.023652703,161.4990234375,blues.00067.wav,blues
-113.20137,39.83375,88.7261,17.78736,-8.926565,15.082632,49.474174,11.828533,-34.579094,11.086144,15.856428,8.277526,-17.740217,8.248297,14.707291,7.6802263,-11.190547,7.107231,15.368716,7.3966584,-15.0683975,8.294242,8.74908,7.8708663,-18.629265,5.731776,0.3727051,0.33536404,0.20984149,0.18201503,0.22275117,0.276765,0.18247236,0.20428783,0.2646319,0.17719424,0.5768779,0.41162708,0.24421825,0.16712222,0.25411516,0.26305637,0.27483222,0.2824987,0.39508873,0.34429893,0.2647043,0.25132897,0.21095335,0.18832164,2513.3453575324424,419.5001019363431,2345.021076813045,217.3037620146345,5246.740637688515,687.8493323341879,0.13510738411156226,0.03893213921541486,0.103048205,0.031355523,161.4990234375,blues.00068.wav,blues
-121.47392,34.386253,96.09719,20.891571,-19.590857,16.502567,48.038452,11.44654,-38.784626,14.145427,24.768978,10.171624,-32.94141,11.496108,8.102541,10.059475,-17.818922,8.3036,6.1178603,8.60755,-19.995438,6.550355,6.80034,8.016795,-19.33321,9.3416815,0.29243323,0.32150653,0.19063021,0.18954085,0.3422639,0.32831356,0.24152638,0.20074488,0.36500007,0.34361285,0.39854655,0.3611109,0.28342524,0.24717703,0.43564275,0.3661686,0.22799878,0.19869372,0.21458226,0.25777793,0.25203362,0.29173163,0.26055464,0.23213798,2371.309053062196,486.5706133709417,2209.900826389145,207.60838494898977,5005.187393507105,697.047190484424,0.12512877332269914,0.050021748685897705,0.11649022,0.031092525,78.30255681818181,blues.00069.wav,blues
-133.04897,44.06972,105.73891,28.28465,-22.158222,17.776339,41.830692,11.989428,-26.992502,12.449041,19.118572,9.3926525,-26.566029,14.957044,19.235983,9.738156,-15.342011,9.586294,6.989914,8.518919,-10.814381,9.945268,6.7986693,8.348455,-11.726956,8.44563,0.4045827,0.3361463,0.28494757,0.2618278,0.23892334,0.24803597,0.27344257,0.2882653,0.3401321,0.28666103,0.45590988,0.37898266,0.30013704,0.2702047,0.265147,0.27498218,0.2506771,0.2565417,0.3214998,0.29766843,0.41541496,0.3536586,0.32269895,0.26508817,2159.398277499849,573.4766800021061,2130.1820830909164,261.9040935478588,4684.512534440255,1036.4879110705908,0.09834769854505027,0.041776611206590125,0.10609345,0.033274308,143.5546875,blues.00070.wav,blues
-89.39791,26.35509,93.79924,13.874477,-14.558413,11.563439,54.38949,9.960182,-33.50723,8.036734,19.428232,6.4559283,-19.761513,6.850202,13.029956,6.794546,-13.864508,7.238538,14.617379,7.1749115,-14.972617,7.7547655,10.598986,5.9527144,-18.020245,5.8643255,0.48314846,0.35795557,0.2425265,0.18052691,0.2509007,0.24494332,0.23518054,0.24875313,0.31502485,0.17898846,0.6135305,0.40399823,0.25643098,0.17624985,0.26292926,0.27605954,0.24233161,0.22849967,0.34609208,0.30411452,0.19130063,0.1940571,0.22259012,0.15851167,2429.004094087016,312.64044296374595,2286.767131983224,158.1674895292722,5065.090666237674,481.6667728858659,0.13464138328982986,0.03780500967737291,0.12049756,0.018081563,73.828125,blues.00071.wav,blues
-118.70432,27.54636,87.64562,17.523201,6.5529914,15.747205,45.10232,9.342637,-38.91159,8.863695,20.823198,7.7650785,-26.864548,6.812556,13.807368,7.5949893,-17.236187,6.615719,5.111261,6.7705293,-15.712021,6.4560895,3.9887707,6.5885596,-27.53658,6.4317446,0.22670105,0.23710264,0.23781714,0.15332974,0.48763347,0.3832355,0.2589105,0.1752534,0.37998953,0.3510474,0.2203482,0.2106376,0.28985482,0.229182,0.5230879,0.37488672,0.2469852,0.18513668,0.2268301,0.24324045,0.22569002,0.1844063,0.36112592,0.31247652,2594.7546880445234,541.2872046328745,2518.9037646575443,244.77455071153963,5659.768457257831,740.6055469360044,0.1291906086861949,0.0529232917115919,0.10386268,0.02114626,103.359375,blues.00072.wav,blues
-30.126768,33.499573,103.738075,14.29333,-19.742796,13.621443,56.41043,13.164965,-12.707871,11.0285,20.187708,9.727373,-17.338875,9.49739,16.300972,8.040385,-18.438002,7.5405445,8.925146,7.2379446,-11.655669,7.3300138,11.209243,6.280271,-8.847433,7.201907,0.34972116,0.3164488,0.33081388,0.27566898,0.29122797,0.22291458,0.47599038,0.34327507,0.3074795,0.24523877,0.30065367,0.2641967,0.3209156,0.2958678,0.33768198,0.28226036,0.3218311,0.30603832,0.28204128,0.20462433,0.49995062,0.36848474,0.28619486,0.2042443,2094.7777929276835,329.4598937543493,2158.361875262642,205.096320402812,4482.603366081787,703.9957798466817,0.10054024374033256,0.031527625219612276,0.2596437,0.07405652,99.38401442307692,blues.00073.wav,blues
-56.0053,53.524597,87.851326,18.921661,-1.6130452,16.97202,41.199356,12.873409,-5.6183295,11.835607,27.792627,10.419397,-23.99084,9.576635,21.776114,8.0552,-18.41947,9.238976,12.326554,8.112569,-13.7120495,8.100319,11.851395,8.417196,-3.974117,7.6571326,0.32474154,0.2781503,0.36812147,0.2858525,0.35000136,0.24007408,0.49729046,0.33366495,0.31921884,0.241678,0.30860573,0.2622711,0.2840125,0.26619238,0.34890604,0.27236557,0.36931598,0.3080417,0.32762033,0.24566114,0.5798123,0.37496582,0.32822526,0.21911949,2515.4635686314255,522.0700391311896,2531.2236880607325,257.9836051059082,5770.831822795823,999.065825592579,0.12089020507057231,0.04086368360736677,0.19693075,0.06541775,112.34714673913044,blues.00074.wav,blues
-86.491806,82.8826,92.72617,27.929548,-15.342206,22.463837,54.05328,15.430753,0.8746949,14.640087,31.574251,11.388854,-14.615236,9.689813,23.328945,6.995986,-14.971667,8.60403,15.337374,8.675603,-7.053954,9.114162,12.179845,7.865772,-6.0996003,9.620262,0.57632744,0.3111526,0.46016258,0.261011,0.42183095,0.2702211,0.3943086,0.24537717,0.53097016,0.30413342,0.4715543,0.29049727,0.40381926,0.24930963,0.5201599,0.31062418,0.43311766,0.2538349,0.491782,0.31867272,0.45462486,0.28324726,0.43792143,0.25513497,2224.014584740541,681.0871437065927,2254.7335542592823,314.7195203442142,4700.258585139936,1366.4691611031185,0.10850946200696056,0.05670803356341425,0.19198641,0.08952725,117.45383522727273,blues.00075.wav,blues
-52.707645,36.65268,74.45461,14.902159,-18.709469,14.804545,56.292683,10.633312,-3.9566317,11.317717,31.991102,10.065774,-16.460793,11.781315,22.40643,8.957441,-12.25808,8.153727,27.22263,8.110277,-9.23979,9.127263,7.799893,7.195189,-10.568794,7.688094,0.3257866,0.25963598,0.26373148,0.2208927,0.3800869,0.33181185,0.30828387,0.29716578,0.31696358,0.2674825,0.5363515,0.3313036,0.32596385,0.19452359,0.3981261,0.32140282,0.27778944,0.18538192,0.42794886,0.2947463,0.47695807,0.3708627,0.3490239,0.2919982,2645.7246950388812,431.61929294014766,2426.1337925233133,225.2951421896751,5612.422056264501,761.4651850781972,0.13647177711716937,0.051602384232895725,0.2188772,0.06820284,117.45383522727273,blues.00076.wav,blues
-28.989244,44.247173,104.531006,17.523964,-30.983427,17.545277,38.162052,10.446497,-8.009196,11.560942,30.894712,9.816147,-20.60816,9.932453,25.823612,8.354348,-12.974684,9.191556,16.943222,7.303812,-12.272945,7.6563587,10.787743,6.1141777,-10.56656,6.7837553,0.5560136,0.32603833,0.34056175,0.22296971,0.35369387,0.26441875,0.34392792,0.2529489,0.39725286,0.27242503,0.44606885,0.32276362,0.37061402,0.24178822,0.46402335,0.3240408,0.34483632,0.24665712,0.44362727,0.2999008,0.40389815,0.2911403,0.44338733,0.29672974,2207.1391896914824,429.22552409757066,2191.577407234482,274.75813816769073,4658.224706804669,1044.4180008481187,0.11153393573569219,0.03384076148434381,0.24307846,0.07138346,99.38401442307692,blues.00077.wav,blues
-2.5430133,27.104515,101.26548,12.811236,-33.930927,11.945443,41.52805,9.985177,-13.817938,10.238824,31.923836,6.944306,-21.876541,8.163852,24.470268,6.552682,-15.8744135,6.4023647,15.808346,5.737725,-14.370209,6.623307,12.514341,6.403979,-13.378112,6.2798376,0.3443679,0.25856298,0.5280259,0.3209423,0.47403187,0.25330397,0.53910524,0.33094412,0.32997873,0.23264484,0.32903448,0.25366744,0.3091839,0.25230148,0.42544308,0.2849541,0.40475848,0.27908713,0.3573541,0.20991753,0.5587284,0.3329744,0.37071547,0.2592598,2333.5524820822284,299.6694982614092,2227.3610741193784,175.01014778800567,4942.777742531903,693.8663313373702,0.12381951493619489,0.02364034993333738,0.25799304,0.05225087,123.046875,blues.00078.wav,blues
-3.5798953,31.94373,92.929634,13.091759,-25.082928,12.230502,45.179504,8.109536,-10.856173,8.402064,31.863396,6.5169444,-18.04439,8.546692,28.626354,6.9411387,-10.2277155,7.685636,14.668069,6.4661493,-14.905226,5.4955187,14.741958,5.355015,-15.603514,6.396589,0.37629923,0.2948654,0.37782755,0.24580984,0.39081198,0.2258261,0.6007797,0.33191952,0.40354586,0.23064695,0.34877956,0.22354828,0.43535802,0.3125783,0.42379603,0.2854613,0.33390403,0.2421657,0.34077355,0.21649894,0.6227661,0.30284336,0.4038828,0.24224843,2442.941257538624,361.3803417463353,2358.6658883014015,178.15137288215766,5267.915786778567,643.9376394243802,0.12468240948859242,0.034480177393541936,0.27078366,0.043552373,78.30255681818181,blues.00079.wav,blues
-54.706253,47.666706,119.48301,19.949045,-34.87408,15.696882,37.540634,13.621048,-15.880536,12.5489645,22.081291,10.605699,-14.661809,14.408256,18.532047,9.748162,-9.647198,11.153311,11.256582,8.781455,-11.729359,8.704031,11.540745,7.4761906,-6.4318557,8.535547,0.43633765,0.3312282,0.34394258,0.25573778,0.45877534,0.33008626,0.35898614,0.26498082,0.43795383,0.32880515,0.25820002,0.22054762,0.2917546,0.23305734,0.46035632,0.35665178,0.30369487,0.23921087,0.36353534,0.31698525,0.29906467,0.2498058,0.4072906,0.29519752,1827.2572927983213,394.13118170666917,1898.4619176162178,234.84503387526425,3743.613145301624,877.1282851966569,0.09403926793310131,0.03469774441628613,0.24235758,0.08670605,117.45383522727273,blues.00080.wav,blues
-27.024073,67.820366,107.31879,20.923481,-46.839245,14.167528,40.927616,15.478024,-21.476635,8.555494,24.832186,7.4112277,-18.939482,9.003421,15.274643,8.39336,-15.052192,7.7888036,12.273417,7.6983867,-15.24018,6.439129,14.332184,8.300103,-13.839795,6.57939,0.41157293,0.31527963,0.37214872,0.22848065,0.6418921,0.35127145,0.28412437,0.15970242,0.36933577,0.29597658,0.36557758,0.25743535,0.36888984,0.26170376,0.45030704,0.3210645,0.23246059,0.15024021,0.27656248,0.23804548,0.33486366,0.2574938,0.4542861,0.27005917,2116.897366717261,308.1926546786983,1956.3558936997174,212.02293703606003,4195.785430412558,661.1593296019528,0.127271093145785,0.02697408845338931,0.24811445,0.073556066,103.359375,blues.00081.wav,blues
-29.367115,37.47869,108.66699,15.947481,-25.570349,16.377407,38.460896,12.409128,-18.340786,14.282838,21.792147,9.859382,-25.148397,10.015997,22.39537,7.933318,-17.588984,9.161397,14.681227,9.422733,-12.085815,7.8393455,5.48115,8.02637,-7.693527,8.02515,0.30472493,0.2757738,0.38156083,0.31636226,0.36259106,0.30166912,0.30529225,0.25417298,0.47860456,0.3522779,0.27256215,0.21707074,0.29799774,0.3020662,0.30151594,0.2898071,0.2736576,0.2078483,0.48871794,0.35596797,0.28948724,0.22795473,0.3120208,0.278761,2141.540773760361,356.7452445112935,2168.0853543847397,273.07821688699835,4628.506221904002,985.1949329805676,0.10512510271655066,0.025388313886557063,0.25124043,0.061118096,123.046875,blues.00082.wav,blues
-19.882248,31.192326,98.88733,12.351148,-24.475315,13.471486,49.579945,7.6401343,-16.198492,7.1391473,30.193226,7.651795,-18.027517,7.4227285,27.552814,5.812245,-11.407699,7.5807714,14.870685,6.6315055,-8.914958,6.2700367,11.668755,6.407096,-10.893209,7.5094905,0.54603744,0.31512427,0.31157285,0.2022983,0.38588467,0.2821631,0.31306943,0.22140372,0.40969232,0.2454175,0.66846794,0.30203345,0.36638787,0.21562682,0.34432244,0.23573805,0.3854084,0.25980157,0.4789209,0.2708825,0.5268352,0.34788376,0.39105827,0.22350825,2315.021164983005,379.32288376376863,2261.837306640343,175.9998627411478,5036.6212070403135,666.7632260091543,0.11795032144238206,0.03619288358699107,0.25113833,0.058926664,135.99917763157896,blues.00083.wav,blues
-39.007614,62.358776,112.05693,20.82337,-31.819199,13.351576,38.235607,9.324682,-6.3202114,11.994639,23.32046,7.801086,-18.772533,8.575287,23.93102,7.8024964,-10.932699,6.9223313,13.236961,6.401158,-14.371819,7.191738,13.327064,6.675439,-10.916337,7.304025,0.5683706,0.34057707,0.3088935,0.20209394,0.30245388,0.22970903,0.44079694,0.33025864,0.29676998,0.19972317,0.30155343,0.24108174,0.31850022,0.2059138,0.5720539,0.32801068,0.33694434,0.27582124,0.33669037,0.24497345,0.58156985,0.34029356,0.38957524,0.24235171,2060.8418796735327,478.9900187116986,2084.916613093866,286.2104844138763,4220.299641549449,1108.5567844741613,0.11336735063805105,0.039377751106660155,0.23508118,0.084271446,112.34714673913044,blues.00084.wav,blues
-180.20891,67.39501,131.43243,35.759434,0.60078627,24.192951,43.153095,16.149233,14.135329,13.829515,25.614765,17.361372,-5.311873,14.21893,12.027975,10.446924,-13.535558,11.984025,-1.1057279,9.893165,-7.6164737,10.810596,2.714974,10.400081,0.7783585,9.223269,0.36586612,0.33991328,0.33140427,0.25432503,0.4713628,0.36165735,0.27490744,0.23376754,0.21532564,0.24316853,0.19466764,0.23541759,0.22197196,0.22468881,0.38631567,0.35523832,0.31243846,0.27649572,0.3430587,0.33896846,0.31668994,0.30712324,0.34967646,0.30314192,1311.9502871452887,638.2556364397966,1673.959709412275,430.7293466730755,2636.376839834687,1438.6048920319672,0.05939169143948182,0.040873225366972,0.15012378,0.059855565,143.5546875,blues.00085.wav,blues
-212.79181,85.12027,139.06325,39.439167,9.446759,27.05882,35.453796,16.063543,12.697431,17.627121,20.420671,13.635446,-5.582625,13.427099,10.889944,10.100302,-8.73331,11.852537,8.059619,8.716106,0.16372377,9.755141,2.6487746,8.690654,-1.0296488,8.728393,0.2894456,0.29141575,0.26631737,0.24083528,0.3731231,0.32566714,0.3215967,0.28369763,0.33457994,0.30511725,0.4101656,0.32829332,0.4245802,0.29819626,0.45238966,0.3648577,0.37835854,0.2839444,0.36753836,0.30244076,0.40653917,0.3285986,0.3665119,0.30194724,1245.686418614859,844.5367680522809,1634.5054363833,579.018170446688,2518.152393597738,1879.2632588989914,0.04881868414056458,0.05222185514706172,0.124884635,0.0605633,123.046875,blues.00086.wav,blues
-155.5764,55.472622,125.66273,28.312275,1.5785834,22.211864,45.839695,18.814276,0.9277812,16.19961,25.383114,12.5545225,-10.812056,15.497077,15.559012,11.419494,-11.919289,12.717066,1.2735379,10.44287,-6.6728826,10.346108,-0.78441757,10.573273,-7.74382,8.612385,0.30508706,0.27479476,0.4118709,0.36821532,0.30278254,0.26251513,0.32475507,0.30243668,0.31310496,0.27577636,0.36256287,0.3187533,0.3465835,0.33556896,0.28641948,0.2509226,0.3982759,0.33499867,0.3943227,0.3323903,0.3374283,0.31469876,0.25962552,0.2556458,1441.6808065190862,622.2184529386469,1870.02137267338,383.2009951925202,3082.603762597883,1481.70129605327,0.05086923880993813,0.033986388266437934,0.1579406,0.052177068,172.265625,blues.00087.wav,blues
-194.2843,56.869026,151.84703,23.818653,-1.1988219,14.313742,39.18811,11.310737,16.589046,13.451396,18.247795,9.83578,-1.3970138,10.946631,14.86903,7.247199,-11.620167,8.91778,2.4414866,9.489591,-5.0819397,8.602284,3.9376056,8.274729,-0.89880383,7.946576,0.3870375,0.3089237,0.41294914,0.29842868,0.51195365,0.34360772,0.3375685,0.27965286,0.24108918,0.2423183,0.2683027,0.2720554,0.33253765,0.27251878,0.39574793,0.31677964,0.39188904,0.28821823,0.4032414,0.3030786,0.44438228,0.33445728,0.4075432,0.2797205,1006.8718290855173,369.11956083303164,1530.6891910337317,388.318978278974,2075.0064009026974,1007.2888749894938,0.032053605955143075,0.013220904166497988,0.14199714,0.058957554,172.265625,blues.00088.wav,blues
-346.85635,73.25238,139.25108,32.458965,24.052633,30.237988,22.281025,17.644695,18.663773,15.189927,11.662003,16.553665,9.016559,12.777097,6.970993,8.978437,-2.0330267,10.222248,5.4127927,8.537061,1.6503891,10.428378,-2.3577814,8.28513,3.2000823,7.629567,0.39043346,0.35268673,0.28173596,0.25687012,0.2211657,0.22880913,0.2226176,0.27297786,0.2487219,0.29695678,0.25393838,0.3065651,0.27051163,0.24996728,0.39009458,0.3397035,0.4491654,0.31162262,0.53557837,0.3702759,0.46821886,0.3122035,0.45139807,0.2954052,798.6570144423729,445.53833916615105,1284.9100008729718,361.51455596004047,1456.1058380764212,1034.7444572854715,0.025648171645398298,0.020113806633551307,0.05275917,0.042136084,107.666015625,blues.00089.wav,blues
-177.56758,67.1028,115.369,37.222454,9.970585,26.11383,54.043873,17.910135,7.624312,18.1809,28.312319,13.451701,-9.054929,13.47937,20.04951,10.588718,-15.044513,12.270288,6.2095737,10.370633,-5.692567,10.451999,1.383352,11.610214,-5.8288145,9.215896,0.34375653,0.2964669,0.31499258,0.26834968,0.31642967,0.2818905,0.33806175,0.29194167,0.43911487,0.35079193,0.42199093,0.3136533,0.41990232,0.3016684,0.3883439,0.31161994,0.36101562,0.28724948,0.38359082,0.3351383,0.38401172,0.29634935,0.4229762,0.3257747,1612.6456368857407,884.0225399943514,1971.6995942121744,494.9661523090516,3468.7358953560033,1900.5484052633396,0.05819685626933488,0.05183053566332932,0.13184513,0.046229675,143.5546875,blues.00090.wav,blues
-236.30539,88.133194,161.68063,33.292404,-1.1661638,24.673876,27.27869,10.781503,9.586513,18.233559,20.620241,9.504015,0.22744045,8.965882,13.798597,10.197476,-0.50903946,9.49309,10.1752,9.088012,-4.4575562,9.249604,5.5087075,7.574946,-3.7265837,7.578099,0.5381101,0.31932557,0.4447382,0.30861092,0.47166532,0.31201145,0.4257374,0.2551987,0.42985386,0.3252156,0.32130533,0.25889224,0.2933568,0.2427569,0.30426925,0.28899503,0.3735924,0.29380462,0.3693764,0.2597938,0.47455338,0.27714226,0.6205439,0.32108954,991.4865889707818,644.9572007645003,1396.653097394131,512.2481262925158,1943.7254726471867,1509.152096051397,0.03605237637761021,0.025541441123166947,0.09936382,0.03584573,63.02400914634146,blues.00091.wav,blues
-332.2246,85.39549,128.08928,31.068365,28.80515,34.43431,41.830193,17.428276,31.214472,15.147636,23.334787,12.667417,5.784112,13.670374,9.001364,12.186754,-3.8817174,13.573958,3.731323,9.786733,-0.8742291,9.526457,-0.43919,9.0887165,1.4851278,9.607856,0.3586068,0.30961332,0.3067319,0.28976017,0.26552364,0.2490389,0.29491714,0.26135418,0.3993675,0.35662228,0.44843337,0.32216963,0.55110955,0.32385263,0.45808882,0.30948532,0.3951416,0.31004038,0.39415783,0.3365941,0.39733514,0.2834633,0.42221314,0.32594046,918.6809999781165,723.1273565612175,1437.0351043764326,438.552921137131,1602.5332846940255,1512.530063883034,0.03231153023491879,0.0400037193128851,0.063039556,0.03914294,83.35433467741936,blues.00092.wav,blues
-350.35263,51.5437,169.53174,24.951685,31.77135,17.795692,16.71844,14.611664,28.658941,13.71924,19.246181,8.286598,7.845076,6.3722224,10.037885,6.0529,4.7406454,6.3769264,2.9217067,6.055874,3.900229,6.8240967,1.8129543,6.5081186,-5.969145,5.956467,0.41528466,0.25665113,0.18875138,0.12372753,0.23855865,0.27685243,0.33468428,0.31799433,0.37628296,0.35292533,0.38567984,0.29871133,0.5219945,0.31566045,0.29904237,0.19497271,0.33445936,0.32295957,0.39798138,0.30767938,0.44052362,0.27187413,0.5990954,0.36434767,570.3499042411772,323.95543161972716,995.5058534728203,291.04050844120565,929.3001037739269,707.08712896986,0.02169698315448569,0.010838293447427707,0.06586,0.042473443,58.72691761363637,blues.00093.wav,blues
-206.24908,82.47496,126.61618,33.27296,10.596903,27.626764,43.210163,15.040853,12.49674,15.1739,19.425371,16.073608,0.35838863,11.678516,12.735203,8.760778,-4.57919,8.600637,4.0611596,7.75235,-4.404285,9.718741,3.6691213,7.690504,-1.455245,8.617135,0.35220963,0.33217582,0.40070227,0.31961107,0.33769998,0.27894193,0.2901656,0.2634319,0.3751686,0.330678,0.3402841,0.3236848,0.36027086,0.29415965,0.39002055,0.30457586,0.4366843,0.2810256,0.49205244,0.36556897,0.37700552,0.2811567,0.3679244,0.2778208,1239.6334480091232,725.843290109989,1660.2697042703319,482.64633106095147,2519.268189892691,1680.7798357229835,0.05087905730375097,0.05005440551060005,0.14094436,0.07325359,103.359375,blues.00094.wav,blues
-130.57875,48.008705,139.96141,30.943388,-1.282277,23.14348,39.30623,13.141374,-6.344084,15.924735,19.768293,12.071573,-11.21256,10.4720125,27.240305,11.232258,-16.548758,10.244636,7.028904,10.04469,-1.1964595,8.438641,1.6060346,12.145156,-6.6385455,7.9533143,0.3598249,0.28594002,0.41093466,0.30245376,0.33638957,0.26627588,0.30284607,0.252867,0.312141,0.2774412,0.31414303,0.26736075,0.42810252,0.3405916,0.33671176,0.28226724,0.3442748,0.30522108,0.36932495,0.30959618,0.48532593,0.33112782,0.4395415,0.327677,1388.6328938873341,713.724800497489,1773.0364548714986,405.8965284900367,2754.9426864305397,1469.8463932189795,0.05714703270011601,0.03645161508285679,0.18699834,0.04647101,135.99917763157896,blues.00095.wav,blues
-314.57837,72.631096,139.9112,26.077694,11.90393,23.002731,30.14179,22.11793,-7.5424266,16.261333,14.91705,14.647086,-2.7015827,13.209418,6.727816,10.730125,-6.366219,11.585606,2.8079295,9.285119,-11.728742,11.826162,2.0779724,12.143188,-11.439269,9.236011,0.18419552,0.21449135,0.21300922,0.2992245,0.17026508,0.20342678,0.35520494,0.29761198,0.5361843,0.36419255,0.30067456,0.24025188,0.2655702,0.34164864,0.20977068,0.24120902,0.30742955,0.38145915,0.14081478,0.21585858,0.1653875,0.19955532,0.2787245,0.32863775,1132.1718112407832,564.8807885510225,1582.7004629114099,388.9513805091358,2065.0724831424013,1318.3066035825523,0.04829301708720031,0.035580615216666854,0.051363207,0.029252235,143.5546875,blues.00096.wav,blues
-148.64699,64.438576,145.77013,37.008404,-9.366609,15.677316,48.437965,12.656263,10.546017,14.840754,18.008686,12.771279,-2.6387384,12.218885,16.953346,8.752602,-11.500735,9.627001,8.72578,12.5517,-8.186318,8.140032,3.2097275,10.169034,-0.68163383,8.354846,0.48079228,0.32386845,0.44942164,0.31481877,0.421123,0.3295807,0.30837926,0.25971672,0.29962996,0.28075776,0.28371102,0.2748046,0.35187635,0.29508364,0.39552045,0.3172312,0.36648822,0.28774893,0.36069712,0.31811246,0.35019484,0.2885669,0.43426278,0.3078298,1236.3105117712128,650.2078160590753,1601.9787176890156,543.713022238476,2603.544117513776,1577.0113793291605,0.04461485825116009,0.027613426139476517,0.19822708,0.054331683,117.45383522727273,blues.00097.wav,blues
-90.67999,50.876827,100.10962,17.282534,-23.938423,21.230593,52.602547,10.977543,-20.93744,10.46919,31.501324,7.833289,-11.228661,10.648152,20.089375,8.8066845,-10.90247,7.0641694,17.561745,7.105904,-14.096043,8.2912445,12.994767,7.713891,-11.43456,7.814462,0.46992558,0.28941754,0.34217554,0.23214749,0.36583778,0.25656736,0.38547033,0.24738672,0.44604388,0.27102923,0.44297892,0.28388283,0.44605705,0.22614358,0.6512311,0.33725497,0.462516,0.2649785,0.46102473,0.28776115,0.44765243,0.28302765,0.39737776,0.23852211,2310.352908011469,437.4486669540482,2206.4091536602646,249.52717786902014,4829.0914230169665,786.3703609945462,0.12843231885634185,0.049316772447832585,0.12535533,0.041288115,123.046875,blues.00098.wav,blues
-177.25548,98.48246,136.2347,23.374886,-26.89329,40.321293,36.36897,15.477312,-18.752977,15.713621,20.8976,10.3916025,-1.7674739,10.53172,3.0104692,11.23407,-5.596907,8.41208,5.6413455,8.733472,-8.101526,8.756714,5.6564813,8.938232,-10.778819,7.8821907,0.37288404,0.3327904,0.2551505,0.19321994,0.31601784,0.27366748,0.4246223,0.2995002,0.42012352,0.3024176,0.43871543,0.31627348,0.34108105,0.23916116,0.43824983,0.33648404,0.31610942,0.26401576,0.33151692,0.2774225,0.4439521,0.31695524,0.344341,0.2400592,1538.5123663814206,474.6007706255195,1703.4818100127725,323.0464618842549,3174.357190762761,1018.6789945465274,0.07476858565351895,0.04088709637978061,0.1049854,0.07312995,92.28515625,blues.00099.wav,blues
-268.21857,42.33126,135.68166,13.744141,-34.056377,15.211519,25.616009,13.015924,-12.971723,8.440928,17.903263,8.634934,-9.99086,10.71771,5.634088,8.114293,-14.143673,8.684955,7.4931846,13.3123045,-3.9764395,10.330037,8.258308,8.950723,-1.3336009,12.439546,0.12448595,0.12214698,0.2979746,0.29908806,0.41114217,0.3503809,0.20596334,0.20497794,0.3399755,0.3648036,0.15979332,0.13270462,0.33692726,0.36078677,0.196434,0.24056606,0.17463093,0.20905472,0.32131806,0.3326932,0.14651538,0.118850656,0.31316662,0.36791712,1505.357460481124,210.7859882132543,1559.2288945546316,209.20175219898567,2717.238763866734,546.8217260400228,0.0982227015661253,0.02077002111003926,0.036233008,0.014866631,95.703125,classical.00000.wav,classical
-324.09125,31.292063,133.56267,18.298553,-25.030157,13.665362,24.55361,12.320462,-11.939921,11.401832,17.658503,11.804443,-5.5186734,11.077492,1.7168901,9.06805,-10.575926,8.758182,-0.86057454,9.071019,-7.80522,9.917854,3.5297625,10.846592,5.0546646,13.889363,0.16392997,0.18134588,0.24087307,0.29870117,0.38838467,0.37770075,0.15326975,0.1934519,0.14749505,0.25320363,0.1180712,0.18148643,0.25473464,0.3325325,0.16138996,0.22306105,0.09070391,0.121357344,0.17595632,0.27389088,0.21687382,0.22701597,0.46804586,0.4274434,1361.0064862214672,248.9720879071855,1441.7399507883838,180.7978098175841,2389.011462713892,609.1851611354297,0.08776562802107502,0.025093409289414628,0.030609844,0.012691446,112.34714673913044,classical.00001.wav,classical
-235.30266,29.228329,141.11952,14.069345,-34.68189,12.30813,30.97919,11.645822,-16.402012,7.1289296,23.11808,9.041161,-11.041572,8.900163,7.6543603,7.6946173,-19.016834,7.124988,4.2267823,8.819776,-11.8357525,7.747058,8.917746,8.213366,-1.4451483,9.976554,0.1973391,0.13695133,0.42375094,0.3517482,0.36188325,0.3265772,0.23207866,0.20181704,0.39317614,0.3674933,0.14610639,0.11207102,0.232588,0.28966904,0.14149219,0.14584401,0.2814125,0.27620476,0.28685385,0.29616606,0.17807434,0.12916076,0.459967,0.38742554,1490.2748102133896,197.54467079824832,1600.005082119793,176.73981514271065,2785.4189135912125,524.3209706767336,0.09004578439191802,0.01988032017835175,0.043827713,0.013847522,99.38401442307692,classical.00002.wav,classical
-326.89743,56.54801,127.400604,17.600513,-30.596176,21.50574,37.471397,11.286073,-5.2961755,11.449683,20.813564,10.804589,-1.7786853,8.5257015,-4.6154566,10.015989,-4.0401983,9.644276,5.2422748,8.588125,-0.6424489,11.203124,2.7945673,13.156593,7.2292066,12.299634,0.33400008,0.37470573,0.13985668,0.12020459,0.34869304,0.38771436,0.25355217,0.29429656,0.26008436,0.2995537,0.26660773,0.34774524,0.20028217,0.24060242,0.32216415,0.33346844,0.11452202,0.09647977,0.20057936,0.25915024,0.16780025,0.19992012,0.20250611,0.22276041,1526.628931824985,302.26810087171555,1499.4620500848152,245.34408916075995,2916.150270537268,706.8395495974241,0.10894638498163187,0.034071146751847727,0.029426444,0.018881114,71.77734375,classical.00003.wav,classical
-259.95258,23.705118,118.92713,14.842459,-35.608337,11.934297,31.969566,8.0237465,-16.524868,8.713105,10.618957,7.6427813,-15.653264,7.5098944,7.425692,10.440589,-5.82416,9.82793,8.26638,9.837546,-17.991137,13.580632,-1.1879282,12.697097,-6.356529,10.21632,0.32666057,0.3398947,0.14008462,0.15579358,0.24897671,0.34352642,0.12597172,0.116173916,0.34184593,0.368889,0.24160396,0.32544866,0.1228943,0.1872271,0.12996174,0.20308042,0.18329832,0.26508537,0.31013796,0.3528694,0.18272461,0.23586868,0.3040576,0.31880358,1705.7912691531394,261.00080114643276,1646.3239737711501,160.9573788211954,3175.8060605785963,576.7012115180712,0.11285716659416087,0.02889636771419712,0.042297725,0.014469008,161.4990234375,classical.00004.wav,classical
-264.33557,85.85778,138.1797,17.91735,-30.096487,12.152743,37.83662,13.346823,-7.1731234,9.769846,6.7740793,10.410051,-11.809729,8.591568,4.7056303,9.03491,-9.825993,7.9450316,5.859127,9.671155,-9.563163,7.4449363,2.6768575,9.266359,-4.788712,8.4989195,0.3151884,0.3555694,0.15671296,0.15988192,0.25549215,0.26087898,0.3887136,0.35280272,0.18431321,0.15856378,0.2761913,0.32444605,0.16458239,0.13194643,0.36206853,0.3305972,0.4297184,0.34724924,0.25386277,0.24806413,0.25837126,0.2894892,0.1768618,0.1791297,1431.080146867151,272.14161983204093,1558.0173769522348,198.17427003035334,2836.06274244127,552.3216519963352,0.07521004024071926,0.024855698588455193,0.043239165,0.024174515,143.5546875,classical.00005.wav,classical
-295.8206,63.235546,134.53781,17.544138,-22.434929,12.668164,40.75837,9.247715,-5.8729753,10.858261,9.266152,8.352167,-11.873936,9.2467375,6.2878857,9.253218,-8.864131,7.553527,4.4022937,8.75535,-9.374512,10.256992,4.060037,9.100065,1.6421571,9.709321,0.5869815,0.38156074,0.22406015,0.22139277,0.19525449,0.22829896,0.23415697,0.27628684,0.1737292,0.18314375,0.27642354,0.31272882,0.19078146,0.19852224,0.29723093,0.29227504,0.31576356,0.34582675,0.15647238,0.17713495,0.18855397,0.27112156,0.2977333,0.26520324,1372.694099368644,265.229993012824,1579.2369224538375,173.3982089699647,2737.930956351508,561.8007839324465,0.07290118365719257,0.02705456580395845,0.033204652,0.018674515,99.38401442307692,classical.00006.wav,classical
-286.7648,88.632286,135.92358,23.035791,-24.43564,22.892262,36.65812,11.948593,-6.240166,12.451479,6.963425,8.433433,-8.172439,10.284172,3.8363292,12.467939,-4.407772,9.343246,6.43176,10.226601,-4.1324863,9.076036,1.5559707,9.647829,-4.3460455,8.301129,0.1891853,0.28995073,0.14121239,0.17634094,0.34225368,0.31890985,0.39533055,0.3648478,0.20491417,0.15274961,0.39033645,0.3579568,0.17472425,0.15657412,0.27593413,0.28764844,0.30637065,0.32416946,0.25835252,0.19817188,0.4685549,0.38372877,0.17201497,0.16713941,1358.9954445281348,360.7461778445046,1516.3581505962504,219.51764732371424,2668.2852831351506,718.1506628573607,0.07312700901488786,0.03390882430421418,0.04087724,0.027795287,215.33203125,classical.00007.wav,classical
-292.093,69.76414,127.76223,15.89646,-29.910952,14.211438,37.434177,9.265951,-9.569949,10.610409,5.109292,8.798413,-13.825463,9.190498,7.040886,7.842725,-7.0332546,9.677708,6.498645,9.854905,-9.904663,10.933966,4.711042,11.073465,0.3650689,12.840965,0.47982317,0.3925081,0.20529711,0.15458103,0.22564037,0.29170346,0.16869542,0.23671938,0.17334239,0.2098658,0.3257084,0.364685,0.17470212,0.187705,0.24690527,0.2958819,0.19397448,0.24201487,0.31353346,0.30122724,0.3427775,0.34548706,0.20646204,0.16232608,1516.848913603582,283.5715270556641,1629.4627805933985,189.93482207125118,2974.3215609592517,555.1685007649209,0.07877792983855375,0.02557156786636104,0.03403312,0.021445021,135.99917763157896,classical.00008.wav,classical
-356.10693,71.69629,139.79785,24.38862,-6.283125,14.900706,43.18759,8.689133,-8.871487,11.000311,11.056036,7.990685,-8.395702,8.398224,4.4202566,7.449332,-8.280071,9.167747,8.684677,7.6826077,-8.132967,7.6949472,3.4333065,7.932817,-1.4450533,8.994158,0.3300556,0.35020697,0.22444357,0.16899773,0.426325,0.37146512,0.41636938,0.34382862,0.18138196,0.17136428,0.17938243,0.23956081,0.23259702,0.24755947,0.32187563,0.3156698,0.21313213,0.24028452,0.25459892,0.2678606,0.28167403,0.305517,0.18486096,0.16454811,1216.371386403504,347.9035854855666,1582.8796260489833,269.8968882354647,2560.7691505945477,831.6871008647017,0.056246752344354216,0.027765516815986446,0.023791904,0.014136275,234.90767045454547,classical.00009.wav,classical
-315.01526,78.79851,128.71162,16.119736,-28.93394,22.687124,30.832693,10.945898,-8.987341,12.0960045,7.994575,11.713749,-9.845814,9.599633,1.4287155,11.597207,-8.980798,10.937187,6.0593615,9.721077,-3.3081124,12.788789,7.6189456,12.583097,3.8063476,12.013306,0.28609544,0.3576804,0.14705664,0.13510944,0.32830793,0.340048,0.31760034,0.3297404,0.21724102,0.19233626,0.41461617,0.38702708,0.14921062,0.11916267,0.17864218,0.2973422,0.10862057,0.1431207,0.24732706,0.28199673,0.38103616,0.35853997,0.16356716,0.1477017,1497.5036380467254,286.1996497383575,1570.6729374048475,212.91645862138301,2868.703947487674,587.8393198539047,0.08621732707366589,0.029102150055736974,0.029499287,0.020230243,103.359375,classical.00010.wav,classical
-385.35327,39.28333,177.20355,25.915836,-9.33685,13.582319,24.37912,11.950849,5.7992835,8.020223,-4.5660625,8.7313175,-6.359218,7.164199,-6.949474,7.1421313,-4.1225295,7.4864397,3.8736925,9.865901,-0.3393097,10.509913,-0.9373086,7.1639786,-3.6557696,9.672847,0.5392607,0.40029138,0.25257704,0.2069375,0.30717334,0.35570827,0.1706232,0.19517778,0.12692614,0.14717756,0.27455497,0.31951356,0.16169758,0.15598461,0.30093235,0.35086823,0.24271746,0.23130924,0.14864713,0.22996663,0.14594454,0.22193412,0.26820448,0.27246484,950.1801498030969,283.3952247636428,1112.6344317394785,249.80736425953123,1697.3176818989268,644.9913369880452,0.06075721734822119,0.019877785226803172,0.021483667,0.008841083,151.99908088235293,classical.00011.wav,classical
-362.7318,88.09047,143.90761,36.043262,-19.005598,22.641981,30.651041,10.199675,1.0206414,10.772588,0.27225098,8.619946,-7.991961,9.417961,-3.8471584,7.4513,-8.934133,10.81471,3.276335,9.865605,-4.4292364,14.202251,3.6627498,16.003765,4.925432,14.8831835,0.5427434,0.38200015,0.18962395,0.1479365,0.19260956,0.3166496,0.10465749,0.14511007,0.251092,0.27293488,0.39665893,0.38379422,0.13838573,0.122549415,0.20750615,0.30332544,0.121926695,0.13317737,0.25890154,0.3381669,0.19369988,0.26631248,0.22985601,0.2342946,1180.5324896152028,351.81165482087033,1332.2503128094195,250.57653249396222,2154.8524506960557,740.1776049148382,0.06596252960653519,0.02718732348535051,0.03139051,0.024799513,95.703125,classical.00012.wav,classical
-343.14352,99.41409,140.10466,40.612316,-20.91952,20.269045,32.316124,11.340256,-3.6832788,12.376245,2.940859,10.621905,-10.663066,9.322212,0.31063077,10.301328,-5.795961,12.296899,7.683308,13.066658,-3.6783319,13.344478,2.5477433,10.933963,-3.4992898,10.387696,0.31200135,0.3825236,0.20178246,0.16982675,0.40739667,0.39085603,0.14307308,0.132555,0.19520402,0.28359944,0.18145409,0.27622038,0.18625699,0.15650417,0.43233463,0.40613943,0.17801349,0.15603524,0.22743762,0.3053161,0.11537376,0.15890884,0.20496835,0.23711029,1388.1392656380106,466.40616500829,1456.4228258887367,298.0089404422662,2598.6645904328598,869.3841972204846,0.08087606643948182,0.03173984104227356,0.03170561,0.026145851,129.19921875,classical.00013.wav,classical
-324.6393,74.342804,147.81375,26.286268,-31.926256,16.72192,27.40502,8.532279,-4.5023103,12.101585,-4.1688004,9.524746,-12.59746,9.482571,-5.1306887,8.367549,-7.7447653,8.167885,0.8444131,8.808817,-8.192252,8.072537,-0.82764465,9.969998,0.99237734,12.255737,0.37491468,0.34767434,0.25158352,0.20311496,0.44959557,0.42068768,0.15482786,0.14760089,0.13281238,0.22954005,0.06838032,0.096799366,0.17338653,0.20834485,0.2882317,0.34204507,0.14776507,0.16139881,0.2555488,0.31951615,0.13152629,0.10987309,0.3800091,0.35080302,1279.515451953795,313.635318382768,1370.605632524942,220.9443782610254,2389.161345798289,621.0866558638849,0.06845076251933488,0.022364032329420296,0.031600047,0.02438389,143.5546875,classical.00014.wav,classical
-449.5024,69.097336,124.97929,33.45209,-19.903538,13.829047,27.45521,14.397953,-5.7697797,9.882326,2.218913,5.815413,-6.560758,8.897712,10.581615,11.771355,3.3420105,16.405241,14.3803425,14.765891,1.979647,17.823332,5.2490325,14.19148,4.427051,11.9761095,0.20793979,0.2974559,0.11142619,0.13637908,0.15264368,0.28476506,0.17796278,0.17739625,0.38928443,0.4064303,0.13990368,0.13627821,0.28700912,0.3538511,0.23639242,0.26473656,0.15832113,0.21909738,0.24954595,0.32681942,0.15751266,0.19213404,0.33167547,0.37420592,1371.4447396060214,333.8164822207126,1562.1162072434677,251.65417945428314,2619.5566270301624,783.3011803757338,0.07571871374709976,0.025267684465738547,0.011428219,0.009400876,83.35433467741936,classical.00015.wav,classical
-482.57535,69.23477,154.85045,15.827937,-5.0330453,15.610264,29.729904,6.9514947,-1.865561,12.5018,8.21654,6.265292,-4.778444,8.792775,9.632519,7.7965274,-3.3466737,10.784666,4.530603,8.901609,-10.102243,11.394382,-0.6701807,8.557251,-2.4489703,8.530202,0.21899296,0.30553797,0.23903005,0.15426576,0.6500807,0.4164635,0.26214826,0.1737542,0.08808238,0.20011492,0.050616514,0.08932106,0.14225675,0.22680305,0.2714565,0.3403504,0.13936344,0.13986163,0.25686213,0.32817143,0.12608466,0.13228466,0.18687896,0.28092942,1054.7328868522366,296.7334344556665,1455.7671648912924,222.24890271020047,1947.5391644612819,741.6985268304247,0.04765745843000773,0.020514094978479974,0.008011807,0.0042153564,99.38401442307692,classical.00016.wav,classical
-311.5614,103.429855,148.68465,28.463167,-33.492855,15.015596,10.352457,21.188276,-12.897486,11.602101,1.2300146,11.2661295,-12.900196,9.984329,0.8069202,7.3246374,-9.733505,8.949628,2.0582037,10.578295,-5.113307,12.0936575,6.7274017,11.601283,4.6117973,13.8263645,0.25543854,0.25766838,0.29506198,0.3214178,0.2635166,0.31917733,0.21951155,0.1890787,0.50015914,0.37571874,0.21874438,0.22541316,0.16865684,0.23733836,0.15742801,0.2507758,0.17598575,0.17526823,0.39851916,0.40662253,0.17192191,0.16524857,0.25167683,0.27583218,1358.6023759424477,284.9780828350801,1417.3935040359538,284.45162193415615,2417.539209777407,698.7873509199843,0.08107885610015468,0.016881117460658113,0.03735472,0.032111675,89.10290948275862,classical.00017.wav,classical
-405.63312,69.43388,145.72554,43.2059,-0.8494923,21.318071,23.064943,14.2431965,9.217205,9.448918,-2.6364684,8.457273,-5.7427993,8.400866,-2.0792978,12.75863,-0.638366,10.331925,6.745994,9.752966,2.7888033,11.356171,2.4446673,12.08058,5.0832434,10.415103,0.27332973,0.32539612,0.22677834,0.31048974,0.14774685,0.21980946,0.11288127,0.1535913,0.28146514,0.32805908,0.3676105,0.353858,0.15730825,0.13918562,0.26747125,0.32072192,0.30035344,0.33213216,0.16189243,0.13026708,0.3296573,0.36095366,0.2418404,0.24409708,1157.8655406408502,433.2389405830647,1320.6167049696342,385.7078515015173,2181.9063474296695,963.671726612266,0.0706663434116396,0.02871592101595412,0.018675078,0.01788803,161.4990234375,classical.00018.wav,classical
-475.8085,76.266266,141.50447,35.075974,-8.465948,21.71735,34.003716,8.142895,0.5104437,12.3189,6.037262,6.168336,0.003852437,9.555733,9.544266,14.573836,2.1649942,11.57665,7.102437,11.344958,-8.052562,12.621791,-0.115624756,10.900033,0.76368,13.125339,0.34962204,0.37721545,0.23400924,0.28046972,0.28385854,0.25706103,0.45923868,0.379099,0.1897839,0.1780605,0.18581255,0.26665303,0.16357023,0.17372905,0.3559522,0.32074204,0.3724367,0.34359843,0.22250165,0.18597637,0.3856505,0.3683718,0.20580077,0.17542282,1185.144479134992,427.42299627239254,1525.2572656860052,289.1594005150567,2290.6215446454466,907.7180101983463,0.057628894165699926,0.032851951261198005,0.0079903165,0.0054630064,184.5703125,classical.00019.wav,classical
-300.90747,73.2138,161.1279,30.19368,-24.245857,17.785072,27.956917,12.669355,-2.863051,11.386564,2.3890126,8.515604,-11.268324,9.196106,0.22309761,9.267974,-6.8389344,8.387587,6.093652,8.752496,-8.139803,10.718047,-1.8150442,11.297471,-4.1209817,11.16215,0.21471763,0.3107592,0.12444901,0.10143315,0.35887155,0.31137636,0.34733817,0.3606664,0.16144794,0.11162003,0.3332139,0.333686,0.15378462,0.13071726,0.26446792,0.29496878,0.28617266,0.3102894,0.2825016,0.20288792,0.5175045,0.3971755,0.18309268,0.14604475,1218.1514494719818,325.8157374292906,1353.4574729324129,281.03658440841,2294.676714762181,685.1035181252722,0.0697996725154679,0.022785273066284265,0.038423505,0.022702113,143.5546875,classical.00020.wav,classical
-278.16513,97.1639,147.88019,26.146208,-31.550192,13.885416,20.35175,11.468257,-9.574066,10.411505,-6.230634,12.938006,-13.595258,10.57383,-0.6612344,10.889858,-7.273572,8.762232,1.0149181,10.430904,-11.761826,9.207326,-0.9655799,8.600252,-2.2157323,11.887915,0.30239394,0.30907756,0.25190398,0.27722818,0.23004578,0.25684935,0.19932567,0.2565636,0.2100908,0.21773663,0.39809063,0.3531049,0.26288942,0.2565184,0.18401416,0.23566777,0.17211615,0.21642192,0.29130715,0.29151848,0.40942174,0.36512628,0.29059535,0.274589,1371.3948853640532,328.7691595931713,1441.3355777497557,280.6047376694099,2570.2867264537413,730.2400841949814,0.07953924074342614,0.023595589448947137,0.04545146,0.038837705,135.99917763157896,classical.00021.wav,classical
-278.80756,98.6012,160.00061,21.533598,-28.392517,20.810667,23.027172,11.859042,-2.7092493,13.964805,3.0009243,7.7014027,-11.297819,9.378038,-0.51610196,7.2557883,-11.366227,9.33916,3.1746962,6.7678413,-5.085273,9.8172455,4.348031,8.47765,-4.0713315,8.013998,0.3429193,0.34010926,0.22821394,0.24326862,0.2676224,0.31086284,0.2933235,0.32245317,0.34070998,0.27379277,0.5198722,0.37783962,0.2140515,0.13528119,0.26441523,0.33673888,0.13232508,0.12618083,0.23009826,0.24763376,0.30098385,0.31798792,0.1800739,0.16170013,1211.4313268289068,237.6969628196632,1367.4757152666234,236.8062212736501,2237.3880691705335,555.9285090311058,0.06844094402552205,0.019855197938434394,0.047870062,0.029763564,107.666015625,classical.00022.wav,classical
-406.84668,57.634583,163.08134,14.841061,-2.372812,20.337757,32.416626,9.256073,7.946261,9.791335,9.632712,7.7423506,-5.45672,8.685759,9.490358,6.0817065,-3.060804,6.1050153,10.187205,7.1303973,-10.35241,9.6243925,-5.4048333,9.295242,-8.054707,9.328349,0.12948154,0.22536196,0.09422567,0.1368811,0.3032095,0.21409015,0.62547094,0.3983269,0.27897856,0.1611252,0.2416579,0.3102521,0.15735452,0.19306792,0.21552517,0.23448408,0.30695617,0.33454537,0.25619534,0.26650062,0.3980291,0.3407288,0.20050667,0.23931623,983.9717194937225,217.0443242999626,1404.4080407237955,157.29675706128378,1853.1294749673723,541.3571077394264,0.04421683161736272,0.018599309902586767,0.017138014,0.006725664,95.703125,classical.00023.wav,classical
-223.18733,44.20932,163.25397,17.953335,-34.412884,7.766141,24.186995,7.9792304,-10.303666,9.191436,3.2221324,8.436619,-12.889323,7.6095033,0.80370414,8.646693,-14.28119,7.993683,1.678858,9.227036,-10.140899,7.9308043,0.23151682,8.953535,-4.558466,8.267132,0.23638996,0.31547266,0.2521619,0.2502124,0.45212626,0.3681586,0.2687944,0.29101187,0.13558094,0.18514898,0.15832639,0.22125907,0.18703477,0.19798328,0.30927393,0.34635627,0.20621674,0.21530406,0.3103783,0.29459006,0.3439229,0.34803656,0.17914727,0.20394999,1253.0323992049643,240.7408898939575,1371.2581696144275,216.35336268113494,2292.7698688551336,526.5585429787172,0.07162893343967518,0.01784513817724013,0.06666443,0.023633394,151.99908088235293,classical.00024.wav,classical
-221.30133,29.680624,173.31781,19.595097,-37.445778,9.009531,24.35597,6.0505047,-8.682666,6.8232512,3.3846245,7.1778984,-12.844792,6.194167,1.0788687,6.6479025,-15.323445,7.4854765,0.4238258,8.155939,-9.6230135,8.150802,2.2883093,8.810333,-4.490512,7.988043,0.34117767,0.35114583,0.1969044,0.1461309,0.39393795,0.35260412,0.27619037,0.26149037,0.19358864,0.19104189,0.30105755,0.32153785,0.2601173,0.2079978,0.41824588,0.37099105,0.22965032,0.16495167,0.38443,0.35154146,0.34351143,0.2980372,0.22985888,0.21228261,1184.2726167313847,232.82857387124722,1304.9373982761563,179.8072177634391,2139.4394735172564,449.6426140299254,0.0682921560808198,0.019619772210427548,0.064087525,0.022794409,129.19921875,classical.00025.wav,classical
-319.2353,97.28458,143.68849,26.085627,-31.174316,22.288307,10.929484,19.369099,-5.559396,12.30539,-4.2579875,11.207572,-8.956228,7.492231,-5.5805836,10.863633,-8.02272,9.445101,2.3428676,9.982906,-4.4802847,11.181858,-0.3207867,9.349971,0.96291184,8.892669,0.3126508,0.3661903,0.1715956,0.15514457,0.38512084,0.36543402,0.14286381,0.11337611,0.20861061,0.27424055,0.19243586,0.27270526,0.18028453,0.15676923,0.49180818,0.39247605,0.20510073,0.19259539,0.22384171,0.30158377,0.16179708,0.23040365,0.27212352,0.27591017,1278.5184062359635,259.25691410998724,1311.7939716144745,231.21912284924642,2233.232976997535,578.4344100678559,0.08173216357308585,0.020765302103217333,0.038886134,0.03528124,161.4990234375,classical.00026.wav,classical
-366.2604,63.725067,181.60039,12.096579,-5.51421,17.972408,26.999445,9.431259,-4.8282466,10.999118,4.601679,9.589779,-10.550474,7.1183777,0.15556979,6.9298964,-11.136406,9.726136,3.576607,7.1010747,-10.338357,7.9530244,-1.0807841,9.423717,-4.597426,9.78856,0.41800004,0.38442272,0.2200021,0.18343146,0.16707359,0.26180756,0.07941674,0.11274665,0.14565781,0.15549655,0.33462134,0.37780505,0.14134215,0.12702797,0.27811593,0.3558278,0.17896481,0.15762433,0.4402794,0.40545547,0.32008314,0.27122357,0.16473244,0.14074866,901.7378802312896,165.52522689389244,1171.8336152642564,162.03135138207392,1456.4555652733468,358.5862417905947,0.053432620963843776,0.01669272701160627,0.028405773,0.01440191,135.99917763157896,classical.00027.wav,classical
-228.95596,55.99952,153.91904,30.05477,-30.704666,17.457235,20.802929,11.437275,-6.0996633,12.17816,1.1756067,8.838833,-10.78928,10.449917,-3.866134,10.141114,-11.594046,7.8786244,0.86720824,8.930867,-8.2999,9.917258,-0.7155663,7.962846,-3.0778165,10.26569,0.33190498,0.37723315,0.23051175,0.1993092,0.42744204,0.37823388,0.16572353,0.14999628,0.19213116,0.2586749,0.17088176,0.2190961,0.29492205,0.26346266,0.4493191,0.3815446,0.19930255,0.16843373,0.28203228,0.3049635,0.14900395,0.16017982,0.2615305,0.27582663,1314.3992921268205,377.8270860792577,1371.4197451106857,303.25713406274394,2398.803824227813,762.7632601128846,0.08109509437838361,0.026367740467711148,0.06257815,0.025571069,161.4990234375,classical.00028.wav,classical
-297.12802,113.77277,130.24132,39.469723,-30.590057,18.202272,27.473576,9.145184,-7.0638957,13.616495,1.9754051,11.297661,-11.136684,10.391885,4.744581,8.38765,-8.7696905,12.092703,5.4049516,10.34711,-5.3879395,15.569251,4.4562883,12.725443,1.7435378,13.577912,0.36022148,0.3654877,0.22209586,0.17289653,0.47753173,0.41840994,0.17481895,0.12633419,0.24905549,0.2874417,0.21824676,0.29755238,0.17283155,0.17116196,0.27047977,0.314094,0.1449351,0.11517987,0.28246522,0.32706493,0.1230954,0.12485302,0.2669647,0.30878428,1559.304028746717,428.65849846784965,1579.07091210449,263.28721914637316,2923.1947755039155,813.9330891653525,0.09219376873066512,0.0337758022762036,0.041609988,0.0349249,135.99917763157896,classical.00029.wav,classical
-315.7878,62.850452,149.6681,22.504375,-30.549936,20.71691,23.213524,7.5165114,-8.68629,15.198024,-10.101967,7.3696594,-15.724107,9.327864,-4.040028,8.5302515,-7.6393766,9.856241,0.046328187,8.558702,-11.144776,7.3029685,-7.673778,8.475841,-5.867613,7.9571896,0.25737813,0.2934807,0.19094178,0.20946148,0.3932624,0.3531908,0.30892417,0.3106407,0.17858833,0.1996863,0.28077266,0.2973686,0.2299379,0.25215206,0.3681294,0.33871517,0.33378053,0.31645152,0.29609072,0.2608051,0.31523052,0.34301206,0.18741767,0.19776227,1243.6691621009466,359.17158296990846,1359.078170494101,240.62401754573912,2352.889639374275,698.642262348329,0.06370465366395979,0.029301198132225124,0.029710459,0.016566332,117.45383522727273,classical.00030.wav,classical
-374.00146,75.98942,172.43169,23.213167,6.4013906,25.437834,20.147358,12.060151,5.863239,16.451366,1.5984083,9.813517,-6.7120857,8.614695,-1.1907266,8.727746,-0.28920582,9.515167,0.33138126,8.860818,-6.5567055,8.395847,-7.3027678,7.832072,-7.334053,8.535373,0.2982092,0.30148193,0.21783018,0.19775797,0.34137923,0.3488812,0.19949692,0.20287435,0.2587996,0.27532712,0.3584339,0.3056719,0.37405252,0.31803346,0.45468554,0.34100717,0.42465392,0.3270089,0.23493074,0.2173805,0.18227278,0.23953511,0.29427198,0.31204888,822.6139611536237,261.00783993914473,1136.385886870524,258.7882192509034,1434.531000761311,622.3203054627438,0.03944315545243619,0.016750009858553346,0.026786793,0.01849548,112.34714673913044,classical.00031.wav,classical
-498.6033,42.506317,177.51414,11.794929,11.2123165,10.040798,27.632612,6.963818,-2.8363297,8.165715,5.0898414,6.351726,-6.60016,8.107715,-1.0522397,6.113302,-4.1396365,7.3167176,-3.0476696,6.240639,-9.911628,6.57436,-8.576438,5.664664,-9.193569,5.6727624,0.28836426,0.15931417,0.70021355,0.34180474,0.3240498,0.16969478,0.2151515,0.28419667,0.24517252,0.31467578,0.3638658,0.2935515,0.34992447,0.33056715,0.1574864,0.16825925,0.27296448,0.25950712,0.18719709,0.23115112,0.15835512,0.2214139,0.13617069,0.154321,792.9088884170008,122.41468048829773,1205.304148721799,154.89428663839576,1207.4498010622099,319.76279771302467,0.036572756549690645,0.007911979043048047,0.008042203,0.004574627,103.359375,classical.00032.wav,classical
-429.07135,85.54957,120.76844,38.12661,-1.7005684,26.292843,17.942797,8.514821,7.7381415,12.700755,-2.054263,8.29302,-3.9395752,10.763525,-2.5293143,9.084564,-0.5850701,7.639771,-0.80839616,7.4911838,-9.05951,9.068571,-3.6882565,10.343992,-0.9795186,13.514509,0.41295576,0.33702204,0.28477365,0.27830267,0.1914213,0.21086755,0.26509857,0.2714331,0.34100643,0.32923773,0.3866995,0.3409895,0.19566593,0.20517747,0.3051153,0.25151905,0.4560807,0.36686426,0.2662351,0.20937023,0.21291357,0.2644918,0.33109495,0.3230797,1128.3811387274027,353.3018259399701,1375.9677083090742,287.0278438187626,2165.7939158570184,796.8616494075764,0.054395966260634185,0.026054410132698203,0.012353785,0.013657604,95.703125,classical.00033.wav,classical
-309.26334,67.81432,138.65692,31.23672,-29.71562,17.570852,33.617283,9.512455,-0.36966017,12.4006,5.228342,8.136705,-6.3285327,8.754911,3.2850165,9.0327215,-6.703107,13.191957,-0.6884885,10.692433,-13.24687,9.559342,-8.538453,11.854456,-9.6672,11.070866,0.37478387,0.3499604,0.18028556,0.17134129,0.1926888,0.29768708,0.13394643,0.16926025,0.2043656,0.22746114,0.45927373,0.38024664,0.2408511,0.21871902,0.25105694,0.3158103,0.2598349,0.28966895,0.35838205,0.3212289,0.3735027,0.35248247,0.2593339,0.25178602,1369.5923998136116,416.90823263366997,1465.8273109928452,223.9359627298079,2655.1038985462587,738.8368439440958,0.07354051865815932,0.03843022023735653,0.03889977,0.025938625,123.046875,classical.00034.wav,classical
-319.72226,75.20827,166.00253,31.586073,-11.9387,33.430264,27.27777,13.295846,7.8312707,14.692734,1.7412493,8.760681,-7.853774,10.274535,-2.401125,7.6950336,-2.90487,9.180624,-2.5207543,8.315501,-11.3745775,7.2935543,-4.616379,10.354033,-4.492808,9.024451,0.33522812,0.2919439,0.38954046,0.36475673,0.25509593,0.26645824,0.24257198,0.23336378,0.33373904,0.3312034,0.2653026,0.25421274,0.27454722,0.25599772,0.2845522,0.27186376,0.46863076,0.32987744,0.38509586,0.31582335,0.25853625,0.25428542,0.33710212,0.3162068,1016.2036312413022,514.2071420025272,1151.987370851212,325.4477679392255,1823.9772150522042,968.0818730578069,0.06112352269431554,0.04508962479220333,0.040636025,0.025397541,151.99908088235293,classical.00035.wav,classical
-419.33255,62.946896,127.41256,38.131195,-3.7806551,17.601717,23.201252,12.663146,-4.313284,15.832769,4.0386424,11.094887,-8.204687,12.713401,-7.614801,6.743592,-7.066255,8.378053,-2.9135451,6.5325994,-7.399464,7.6904817,-5.427491,7.002964,-9.091689,7.172113,0.15398738,0.18632141,0.30034328,0.35856935,0.29998267,0.28149515,0.40568236,0.38540018,0.28208876,0.2920621,0.119845316,0.1519123,0.15469758,0.21490173,0.26467323,0.34264195,0.20738886,0.2510358,0.29290935,0.37429067,0.2092201,0.25743222,0.18053919,0.24786508,1282.3275301478,549.8267845902661,1503.4940090040182,365.8582033033827,2441.9035378299013,1242.8489193180187,0.059409440255220415,0.034017317311110615,0.015997374,0.013772247,107.666015625,classical.00036.wav,classical
-275.4436,75.790344,125.33516,31.914177,-41.033215,22.575068,24.59948,11.120512,-4.7629037,15.481627,-4.257404,9.645225,-15.00206,12.613317,-5.0420785,9.092108,-4.998162,10.505717,2.4723501,10.021907,-10.893561,7.2792044,-8.01609,8.800648,-5.1683517,10.472812,0.22662443,0.2753497,0.24946852,0.22470812,0.23456235,0.28347853,0.2146496,0.24263735,0.3832594,0.33422816,0.20867424,0.22386819,0.1858169,0.2586235,0.29450375,0.32386175,0.33951876,0.2675599,0.5397998,0.37382704,0.30003572,0.26029617,0.23324747,0.24998824,1533.6492784629647,433.1202503951098,1464.3999469546402,235.14507968831492,2837.7197832076567,741.825913546738,0.09391540385730858,0.0416913552291741,0.041480094,0.03024736,161.4990234375,classical.00037.wav,classical
-275.9678,81.13977,146.32536,22.082644,-36.601395,19.410656,24.209837,16.058207,-2.5517092,12.854081,-2.155176,9.437194,-13.30885,9.731986,-6.500922,8.912179,-9.406593,8.499138,-3.121519,7.778784,-11.546325,8.177915,-4.1899295,7.92974,-1.6999396,10.4101515,0.2435395,0.25740933,0.31892702,0.26444703,0.46821216,0.36359748,0.26855695,0.2305528,0.31549904,0.34788865,0.16610968,0.18421312,0.22196192,0.26664063,0.3160166,0.34661996,0.26389313,0.23601776,0.3872737,0.33783594,0.27851698,0.28828692,0.28682294,0.26466936,1279.480875341797,303.8437612862483,1339.127468705946,222.3672720202238,2378.020036524797,596.5519590680243,0.07583880147911833,0.02740412627872636,0.04432254,0.033052173,151.99908088235293,classical.00038.wav,classical
-409.5085,83.771835,116.79858,25.360165,-16.184534,18.910957,11.701641,11.243975,0.6897332,16.462545,6.012307,10.687227,-4.265308,13.269685,0.4997358,9.48607,0.43108037,12.614082,12.586633,13.212994,-1.1213995,10.049163,-1.1413046,11.836792,4.948069,12.601882,0.2958917,0.34340498,0.1962658,0.24057215,0.23543379,0.26823598,0.32668328,0.3450073,0.2783984,0.31294075,0.2159615,0.26309526,0.21335247,0.26410338,0.15625156,0.18937038,0.28012714,0.3316182,0.31394115,0.31714928,0.37388042,0.3480809,0.36417648,0.34641677,1633.5822989966382,419.5787134380175,1734.7786698526581,284.3147680001471,3161.83362637761,937.9142678203042,0.10895658110982212,0.04867025753900056,0.012809237,0.014803982,161.4990234375,classical.00039.wav,classical
-358.75812,75.250244,129.07834,26.654118,-30.378685,25.434402,19.878695,11.002741,-10.365979,14.3848505,-0.6496008,9.950886,-10.599927,11.262366,1.5427625,8.142812,-3.966615,11.131247,1.871792,8.56272,-8.833108,8.702971,-7.169191,7.803632,-8.212051,8.135805,0.17269076,0.22430128,0.16351148,0.23508656,0.20113985,0.27959254,0.17613676,0.24144602,0.20020752,0.28281504,0.29459932,0.27269635,0.52132905,0.3993681,0.32068092,0.23394406,0.36890194,0.36049312,0.24677257,0.27395105,0.18999118,0.2516098,0.1506352,0.24854186,1396.7128037657278,295.1397545712362,1525.5363770465249,259.4802697398326,2652.764057062065,695.5765459859629,0.07262022368039443,0.02468872338409646,0.019727545,0.012956076,107.666015625,classical.00040.wav,classical
-368.52054,72.151245,124.2544,21.623854,-31.574644,20.646427,17.583704,13.383341,2.324991,13.155191,-5.9451766,9.188351,-11.797775,14.898808,-5.5220284,11.205219,-5.3968735,11.908322,-1.3089094,6.1992807,-8.424349,7.7068577,-3.616905,11.455214,2.2096312,14.406909,0.3352381,0.3670456,0.24741037,0.23305176,0.3613926,0.30732518,0.2701859,0.24976975,0.46463236,0.36081734,0.31778377,0.29117665,0.20734496,0.27143815,0.23473069,0.27445918,0.15832923,0.19484697,0.2158758,0.25485983,0.21419226,0.2722073,0.1915386,0.18109873,1329.4563630678226,331.430471871493,1415.5981775548419,202.10086735730582,2462.2959641458815,605.4792061476375,0.07881720381380511,0.0338743182056408,0.021284299,0.02427165,123.046875,classical.00041.wav,classical
-160.66153,49.33071,164.26509,21.957468,-48.74267,13.59157,1.6567883,10.566091,-7.6118655,9.974674,-2.6635227,5.770914,-11.042242,5.677387,-7.000248,6.073257,-8.0976515,6.308942,1.2511177,6.620764,-5.369692,7.2333393,-4.139391,6.82803,-5.4268584,7.7391524,0.28111318,0.28904295,0.15588143,0.1698544,0.19329067,0.29825434,0.17210297,0.102715336,0.5790697,0.376444,0.21509688,0.20273252,0.15761836,0.19144224,0.29777658,0.3438062,0.24062228,0.18808988,0.43210942,0.39070818,0.13525265,0.09130123,0.2819565,0.27566475,1326.2905913173308,189.1789308006531,1326.6915009806619,184.4304225565988,2171.396349985665,411.5763983243335,0.09386497754204894,0.0167178318330432,0.13413325,0.05203591,198.76802884615384,classical.00042.wav,classical
-249.65216,60.414307,161.55922,23.96484,10.15452,26.700306,-3.0576777,12.871499,-0.573579,8.850319,-2.0703812,7.252874,-12.19737,7.8034096,-8.612416,7.6326723,-14.639438,6.8235545,-12.048641,7.326919,-12.293452,6.745289,-7.161874,7.691919,-7.8807273,6.600219,0.10373806,0.27174017,0.058648236,0.08180442,0.21183722,0.27389055,0.3653624,0.40505925,0.13899949,0.14470999,0.17456608,0.2876777,0.106766336,0.13050844,0.24970052,0.36167836,0.13247956,0.22604196,0.14538848,0.14834173,0.46673122,0.41353935,0.13770823,0.116836004,1063.396723083687,346.1330971816046,1552.7595174328826,405.2597525932863,1610.985025286398,1051.6132976080596,0.05100896352958237,0.015060946101964552,0.11531047,0.05404141,129.19921875,classical.00043.wav,classical
-402.20825,53.851654,153.97675,35.925156,-15.228629,17.926832,15.294281,14.156744,-3.0716236,11.80356,-3.1837268,11.683761,-9.759971,12.963947,-17.305773,12.156578,-12.305009,11.653281,-7.9180746,13.175477,-7.099395,11.230742,-0.29572114,11.547259,1.5226654,11.063121,0.35311055,0.36919975,0.20859605,0.2580533,0.18069132,0.17522769,0.3758919,0.35456985,0.22120467,0.22470404,0.2741411,0.3515035,0.20318842,0.2696673,0.26612312,0.30410787,0.21158911,0.26058948,0.15682986,0.16804098,0.39340794,0.38184825,0.1822929,0.14001216,1181.884073002171,339.02081736989834,1412.491700634388,311.5056872247927,2033.66365012326,755.1068755371673,0.0717101248308198,0.023308171189069072,0.017921153,0.006690379,80.74951171875,classical.00044.wav,classical
-171.08478,40.51167,156.89876,15.885855,-21.83331,12.64227,5.3263197,13.717567,-4.0699153,10.524205,-3.731567,8.855968,-8.900291,9.366179,-4.9369226,9.338501,-7.900487,10.177828,-5.393339,9.757667,-9.340079,11.008125,-6.6050344,9.35506,-7.7875705,9.518249,0.23919547,0.308636,0.13167863,0.16079003,0.20788419,0.28498334,0.20481122,0.24459934,0.3335102,0.34378865,0.29090366,0.33691734,0.24223776,0.29232284,0.25495586,0.32631063,0.17451172,0.17423718,0.28567213,0.31926078,0.19294204,0.23723519,0.2756733,0.31324193,1176.9449938974453,158.86276003281358,1504.862179602883,177.3597909922398,1903.8084622896636,317.95936583816183,0.06226149338942308,0.01592389446269857,0.13830632,0.041847683,184.5703125,classical.00045.wav,classical
-85.30834,23.538212,118.44306,19.346382,-31.477152,8.536205,20.282328,6.2047167,-4.4176335,7.173854,6.9121923,6.54021,-10.952412,5.5619774,-1.6223388,5.1373305,-7.3614726,5.218152,-3.0186849,6.805747,-4.4440117,5.307215,-1.417289,6.6550674,-4.2533975,6.014109,0.18718813,0.14399299,0.3900059,0.27800176,0.5800112,0.3323523,0.32470343,0.20718734,0.33475488,0.3199593,0.27579612,0.23188548,0.25902182,0.21505643,0.3475301,0.2838623,0.42159358,0.3013689,0.42972225,0.28488088,0.36054364,0.27256814,0.25121477,0.2142602,1878.4940039517187,292.9234253778635,1964.8146727469318,230.8218068663191,3633.3658098897913,685.1439755424386,0.11157585315158546,0.024554528050219095,0.11506871,0.018979074,129.19921875,classical.00046.wav,classical
-436.85822,61.45833,154.08043,12.900431,-19.861963,13.242062,20.18266,12.201449,3.1738954,9.854696,0.45094606,8.432356,-6.5277185,6.7310143,-4.608915,5.9799085,-10.058647,7.657119,-6.1566315,8.136521,-4.53336,8.222322,-2.7670465,7.5849323,-5.211671,7.697721,0.25869286,0.25567305,0.2498614,0.28027996,0.23660865,0.30321297,0.19758688,0.16836664,0.4727806,0.39024937,0.23247357,0.1687993,0.37133127,0.3692882,0.19657059,0.22065665,0.12578425,0.14629151,0.19598141,0.22524114,0.13447756,0.09479919,0.42874578,0.37750706,1174.3248424595008,154.74206032062506,1518.1262097791348,125.64687609662928,2083.7912150159514,395.97108735880994,0.06634016398395205,0.020505426587569795,0.009491226,0.005268724,123.046875,classical.00047.wav,classical
-124.04526,93.69091,148.59566,50.09083,-21.581469,20.499607,17.421335,14.910452,-1.4155146,10.774566,4.123948,10.634051,-7.0207763,6.6527514,-5.1447287,7.8514347,-5.8456483,8.75765,5.0245104,7.4850955,-6.226354,6.264269,-1.9116532,7.217856,-0.90014356,7.4288745,0.22266509,0.20491642,0.26445907,0.27757674,0.315627,0.28182057,0.43247354,0.35791007,0.32647097,0.31114832,0.22343762,0.19955209,0.30418873,0.30821982,0.19914608,0.18401714,0.3035473,0.2888785,0.29209074,0.28010035,0.3291713,0.28161046,0.3433104,0.3247511,1514.0972710756876,741.0930473622703,1640.5787077164587,516.9472361122187,2767.1079847547744,1581.3667387007106,0.08720002350983797,0.042809755214332376,0.1608002,0.05631058,172.265625,classical.00048.wav,classical
-98.35358,58.762775,98.3555,23.708696,-20.49053,11.123618,18.820034,11.126568,-2.095781,7.019293,2.6650372,5.511251,-7.3115172,6.1560507,-3.5901136,5.338572,-7.989524,5.8322864,-1.9183743,6.7000175,-4.731997,7.7740803,0.62377584,6.050977,-2.5930846,6.2952805,0.5672501,0.3905009,0.22129196,0.1482297,0.27872905,0.27260336,0.2026494,0.15671961,0.3409085,0.32067907,0.31959814,0.3148965,0.26979807,0.17775501,0.5040022,0.35478687,0.23177853,0.17943089,0.24236782,0.23732749,0.19719651,0.19212958,0.3638124,0.25513625,2224.8938399288413,581.4579951465357,2274.325029414401,319.6861715080932,4467.456319236165,1274.59223572557,0.10944642813951239,0.034268275734998674,0.12373418,0.063526124,103.359375,classical.00049.wav,classical
-449.5513,67.903564,151.49677,21.324835,-12.753423,11.52849,44.259808,6.753301,6.250195,6.189103,4.0544987,4.561262,-1.4762168,5.5370255,-1.6236228,6.1256905,-2.4865205,5.4062104,-4.2856755,4.3882813,-9.663299,4.688258,-1.3531811,5.0441647,0.13567695,6.928433,0.5364036,0.35125858,0.6131534,0.3344543,0.22302742,0.16257627,0.15458235,0.2283211,0.121316835,0.109852426,0.22327425,0.24220465,0.25293785,0.2691905,0.2596299,0.20681101,0.28328234,0.29705957,0.19475384,0.18140423,0.37539038,0.36079714,0.19437607,0.10936463,1170.256219376788,220.528715298869,1595.7242596609303,229.6169152965933,2360.475388812355,487.55476936408826,0.04948709698859242,0.014754870963676456,0.00796935,0.004080389,107.666015625,classical.00050.wav,classical
-230.27237,168.08978,119.15338,33.985756,-1.0512242,32.913143,28.384487,9.796866,10.00878,11.764702,16.125822,8.610858,4.7939453,8.146455,6.1923785,6.0049453,0.9515957,5.8338685,5.9151874,6.3951244,-1.1755236,7.44102,3.5739172,6.333031,-2.0996544,6.2711515,0.3750729,0.29043508,0.3982393,0.2665525,0.49174514,0.35857862,0.41076028,0.25708905,0.45233428,0.3277152,0.32307532,0.19812764,0.40875882,0.32837,0.4037616,0.32836363,0.2865439,0.2273208,0.3396205,0.29331753,0.3126253,0.22856511,0.3749491,0.29716584,1527.645526264714,482.0758212352385,2079.667989385167,442.93162013164726,3220.8305240784634,1235.0591897737131,0.06010507872968266,0.04002613091891299,0.08052824,0.05630094,135.99917763157896,classical.00051.wav,classical
-186.65797,97.98955,86.64906,30.4837,-15.726744,24.348461,14.733744,10.513481,-2.2077508,9.937173,6.2551727,10.125848,-0.89246273,6.292469,0.65540314,7.0905366,-6.0940466,10.955733,-5.2228494,13.5218,-7.8795443,12.481244,-1.7255487,9.297859,-4.7003126,10.109198,0.44506747,0.32254946,0.34220803,0.24873431,0.38326755,0.29696304,0.3518495,0.2708289,0.3969426,0.31327564,0.39336437,0.2938807,0.33778608,0.25524497,0.33111694,0.28398535,0.30967373,0.24037345,0.46066985,0.29797104,0.5096738,0.34089443,0.39328784,0.26822084,2411.5244663469507,649.0054601058812,2435.8949417202534,446.8805322193365,4993.363283515806,1484.2777150228012,0.12693159984048724,0.04829760937600879,0.055439595,0.035870325,161.4990234375,classical.00052.wav,classical
-121.83351,72.1863,149.66736,30.17816,-42.832016,15.889706,24.485323,11.223602,-5.4060426,10.785573,10.664615,7.9996314,-2.818438,8.307024,0.7835229,6.389176,-6.3980646,6.8801093,4.4740586,5.9422483,-1.2259257,6.2581425,1.2524997,6.58486,-1.1988703,5.581563,0.17962474,0.23349775,0.24987327,0.15261845,0.6558297,0.33655173,0.23977649,0.18146585,0.2251717,0.2338413,0.27885774,0.29685202,0.31652886,0.17353778,0.5429541,0.39744243,0.22178198,0.1315233,0.3216715,0.25152385,0.22339998,0.22263452,0.19524051,0.17048894,1462.3835644748758,340.4678849478212,1556.0280335329028,306.93401797433955,2740.2111359458554,763.9858260495456,0.08767017105137509,0.023161379139900188,0.13828577,0.05598848,215.33203125,classical.00053.wav,classical
-108.06734,65.11545,127.27673,27.970713,-44.952744,16.64047,31.253359,12.620379,4.3463645,20.722084,-4.9418163,10.744064,-15.889656,15.8562975,14.636189,17.252853,-7.799102,11.632712,-1.2097644,16.619028,2.8209624,17.91395,17.278034,17.180775,-4.0977507,16.095404,0.5018396,0.37988162,0.50398904,0.32243532,0.49062717,0.34554812,0.37640354,0.3131169,0.28572342,0.266141,0.27733272,0.28084165,0.20933458,0.20536366,0.25144342,0.26189667,0.21093479,0.21720086,0.21100532,0.24042644,0.24348673,0.2878149,0.27239165,0.20805968,1702.24789858299,344.87840159663875,1602.739219435898,238.11898689827967,2820.988903306935,648.4097532361264,0.11507495897545662,0.038699481666768835,0.17407946,0.047664843,95.703125,classical.00054.wav,classical
-483.96786,67.18227,144.165,40.288265,1.3792461,21.887526,8.07079,11.573458,4.933558,10.7533045,-2.316337,7.5023837,-2.740416,6.863419,-6.8436475,6.561265,-10.15446,7.6532793,-8.070668,8.602628,-7.157022,7.746404,-10.55595,8.143083,-7.773563,10.747284,0.09579191,0.10797077,0.24041592,0.36463603,0.11912487,0.10991355,0.29186252,0.35271358,0.274832,0.34445786,0.10071183,0.15012035,0.17050143,0.31394526,0.09195265,0.110342175,0.25918153,0.3546218,0.29158938,0.3733614,0.12482065,0.1269641,0.17691843,0.3180191,1079.788869352158,382.134747783825,1388.9508329028724,424.7263819942092,1764.6318404691126,838.738656225462,0.05933844499226605,0.02281333988922976,0.013054552,0.010618326,78.30255681818181,classical.00055.wav,classical
-81.11545,52.043213,129.04564,19.34427,-42.44421,11.863581,33.13707,10.795499,5.685447,10.059063,-6.503762,10.028156,-2.2667923,9.726043,7.401878,9.348308,-18.70608,8.033585,2.4765916,6.6847854,3.7434185,8.593429,1.8843732,6.955242,-10.075478,7.6695256,0.16577639,0.18277323,0.20631444,0.10600751,0.69053143,0.35093763,0.3028135,0.15318239,0.27744764,0.32015786,0.18392576,0.12407656,0.32622656,0.19841458,0.6212358,0.3305332,0.27904853,0.14344543,0.2835173,0.2925467,0.15266944,0.1076329,0.26712444,0.2222461,1681.2723869009876,306.99843259344885,1708.7129581679008,232.19126130667235,3078.3259073893228,607.7879511191236,0.09672226140528549,0.026245117704017384,0.1897104,0.06035391,95.703125,classical.00056.wav,classical
-367.0708,94.2206,112.81916,37.92682,-18.745602,19.758923,10.175582,15.141299,-1.6043581,9.94206,3.799532,8.343108,0.9256812,8.430191,5.0639052,9.07562,-5.3709044,13.126769,-9.514625,12.844159,-8.494094,9.461505,-1.786254,10.098912,1.2870402,13.362797,0.3946048,0.41264322,0.21213394,0.17513241,0.36819878,0.37131396,0.2034974,0.25704396,0.21090399,0.25031772,0.23706947,0.31246465,0.14349142,0.13944374,0.30546412,0.36477047,0.20854695,0.2395121,0.24783096,0.27818784,0.30787635,0.33387163,0.20691569,0.1988402,1751.5809593775805,623.0132389057051,1930.4849664370809,426.4821644322294,3236.583651301479,1426.8281158048117,0.09522957149071926,0.04080137340963697,0.016776716,0.009565662,107.666015625,classical.00057.wav,classical
-349.94827,41.92045,161.8574,18.325212,-3.3694623,16.410109,14.163237,8.708329,5.7316146,7.5032616,3.5070765,7.5636554,2.9739192,7.537879,-7.0916595,8.535682,-7.91577,9.782626,-0.36118284,12.82628,2.8649027,10.149217,-2.4754703,9.861543,-6.782114,11.944462,0.25872058,0.2911126,0.15503046,0.14722474,0.40303186,0.38258037,0.14624669,0.12404418,0.3603415,0.33776268,0.4155055,0.3522081,0.21998651,0.15670492,0.37735772,0.40087846,0.17043109,0.110797904,0.3739583,0.36245754,0.111606486,0.11284001,0.19506572,0.25376475,1137.8827996451196,183.43332828863495,1480.5104233029067,251.8326828976511,1821.3126268851508,469.28737875101797,0.08184394334880124,0.02628809339687303,0.029991465,0.011116276,143.5546875,classical.00058.wav,classical
-197.22751,75.023346,137.38995,24.640491,-34.15922,20.429008,25.363323,9.275208,-5.2644134,6.783114,-2.7768812,6.562785,-9.50855,6.0208335,-7.613304,6.283547,-7.647625,6.964865,-5.667732,6.49727,-4.3843036,7.23334,-5.424353,7.118934,-3.5282192,6.9333506,0.3330006,0.31762025,0.19723982,0.16005793,0.30957508,0.34698534,0.18915662,0.16370669,0.30734375,0.30558366,0.33595353,0.33582193,0.2488554,0.23245901,0.3261831,0.33594918,0.24583308,0.23065573,0.37574735,0.34061533,0.21800484,0.21163462,0.3040357,0.301956,1551.3608602773115,350.94565031904403,1651.3849045281731,263.01204467054345,2841.008884226363,661.9139341334212,0.093266250362529,0.030159579467396214,0.06912917,0.035849765,117.45383522727273,classical.00059.wav,classical
-166.42174,57.18173,122.12508,26.3588,-32.114124,14.948473,16.680294,7.7119718,-5.400134,6.5647464,-2.4928677,6.606281,-9.827045,5.5079103,-4.8984995,5.583922,-6.967043,6.2426357,-4.5714536,6.6383705,-6.654089,7.414789,-5.4923553,6.0499845,-5.371946,6.4747157,0.4097011,0.33862194,0.22990905,0.19596939,0.28209615,0.29039663,0.2154573,0.19689028,0.3190677,0.2994465,0.34033653,0.3409493,0.26599616,0.20390765,0.38257417,0.34344402,0.24953432,0.20903724,0.34102598,0.32266492,0.23356089,0.21350329,0.3951984,0.32165527,1803.800200335076,418.41241638457075,1898.2240636826543,354.10406870354325,3366.6405343677493,929.7443611905276,0.1040197668938515,0.03171316046910168,0.06871983,0.026964089,123.046875,classical.00060.wav,classical
-274.3259,85.82268,148.35321,26.253454,-20.328934,24.89082,21.799068,9.680563,7.9280887,13.781152,3.7767048,10.1069975,-2.2288494,7.2397256,-6.0878696,8.366464,-5.623011,7.015514,-6.6903195,7.3726563,-5.9035316,8.616018,-4.5922475,9.373451,-1.5412745,9.191836,0.47089398,0.37169412,0.21922907,0.1634896,0.31134698,0.3423201,0.19055071,0.18135206,0.31662866,0.33237696,0.20587224,0.23443657,0.20148923,0.20133352,0.39401364,0.34974888,0.23716702,0.18077601,0.37731066,0.3776518,0.1727535,0.15487753,0.2845686,0.24543902,1322.7344268727697,458.78609154003266,1591.4631454881153,457.47859993880456,2474.902796911253,1142.7123320043588,0.0761046560808198,0.02781081102585748,0.04818047,0.030182479,151.99908088235293,classical.00061.wav,classical
-305.44928,139.71114,135.9327,32.475025,-11.758563,21.464466,18.213852,10.402213,10.375582,12.177917,3.0047126,7.850258,-5.5933824,9.332294,0.14134432,6.6055646,-1.354128,7.3079495,-1.8684579,5.7929387,-3.208138,7.0698643,-6.7502146,6.7275567,-2.6937735,7.7426095,0.43383476,0.36666152,0.26041073,0.19099796,0.3332133,0.3257936,0.21783532,0.24358138,0.24293904,0.19860654,0.45365492,0.35663292,0.33212307,0.2864631,0.3025977,0.32475737,0.21622156,0.19333439,0.36749122,0.3175849,0.38444054,0.3424366,0.29831922,0.2257364,1474.7414794976396,667.8079864595044,1813.3070119082047,514.7650787984915,2809.8082221577724,1635.9301018348176,0.07402917754253674,0.035140115806146115,0.038906395,0.03617179,89.10290948275862,classical.00062.wav,classical
-465.89728,38.556026,180.18097,20.858994,56.64645,17.96052,11.035487,11.7267475,5.84732,6.9933496,0.73516,6.951887,-3.9715195,6.629276,-5.886589,6.5795336,-8.459515,6.5442643,-9.7856865,6.447057,-7.6918125,7.0440583,-3.2519479,6.7219057,-1.8584505,7.1416864,0.2564572,0.32533798,0.1778588,0.2226111,0.25018504,0.33901754,0.16074117,0.25596914,0.17691259,0.14034498,0.45975745,0.4011218,0.19218169,0.16367713,0.13132316,0.22385,0.1205157,0.20137055,0.18360887,0.23679256,0.37733677,0.4085726,0.23534897,0.25090405,690.5300405312647,89.42441028986788,1358.8453228898059,279.63481807382686,749.7401686666183,122.27571313922346,0.03604482369006187,0.006639788225395849,0.020141035,0.013463519,95.703125,classical.00063.wav,classical
-498.64725,67.72531,145.66858,30.062525,46.470146,28.59453,15.258628,15.238282,3.0686219,9.657888,-0.8322841,9.283756,-5.2227077,9.025746,-6.210678,7.9190555,-3.8113832,8.626029,0.08911605,10.260935,2.7176883,9.325643,2.2169223,7.6482844,0.2405624,8.676453,0.13230403,0.12968472,0.213585,0.36256275,0.117770284,0.118188165,0.3153222,0.3526034,0.19747543,0.26245296,0.056814738,0.08253277,0.104875684,0.23053837,0.19410174,0.13628611,0.60139585,0.42351595,0.26617676,0.20693189,0.07038858,0.100813754,0.11833223,0.27500632,1118.4502461216011,308.01961173164307,1945.0150637142497,566.9783995444333,1875.6785523310614,1363.4793268963772,0.0422878752175174,0.012414892702986888,0.012558122,0.013862997,89.10290948275862,classical.00064.wav,classical
-421.5947,69.75025,172.78944,25.068857,28.069185,32.18138,-2.5672545,13.272688,-3.5711489,10.819273,-4.8697968,9.67885,-8.896141,10.357995,-10.693691,10.925039,-7.677652,10.233482,-7.9523697,10.00807,-7.321746,11.276338,-2.7029622,13.529176,-0.9108148,12.839188,0.16385745,0.20756012,0.35678497,0.35501352,0.4898033,0.36998847,0.28304708,0.33445063,0.13822637,0.19348349,0.1768735,0.25015718,0.1874865,0.30339855,0.11605833,0.20143913,0.09084533,0.16344863,0.15316615,0.25952092,0.18003637,0.2666754,0.1502299,0.24445397,829.0091477951953,121.89378082909896,1326.064871077092,334.4119923787815,1014.0839685143561,275.52038266508924,0.04750791521655066,0.014660124092825157,0.029224372,0.022456536,123.046875,classical.00065.wav,classical
-429.1393,65.399666,175.105,29.925598,31.898457,27.65084,4.288325,12.209733,1.0443158,9.721231,-5.7782183,8.203193,-9.484334,8.137811,-11.283601,8.837237,-10.578688,7.9821653,-8.663466,8.528865,-6.3293443,10.330732,-1.6777813,11.001259,0.82280564,11.69369,0.27204308,0.36635956,0.16127926,0.22376543,0.20644657,0.30057818,0.18336436,0.29863358,0.070157826,0.1014802,0.100017644,0.21917088,0.10604856,0.13603078,0.28306308,0.38434598,0.1878232,0.28064504,0.124277964,0.15901998,0.32079035,0.3839778,0.23026216,0.26556498,795.5192461669651,186.74161481433467,1296.7071458507803,352.2340233698579,1008.455026011456,498.78175563951214,0.04502194811001547,0.009678976517298652,0.031763878,0.023344057,135.99917763157896,classical.00066.wav,classical
-413.4534,107.45136,143.48242,47.881077,31.305882,37.368866,14.029362,13.52384,1.5161096,12.930513,-2.2952938,9.750858,-6.4711924,10.407732,-8.109996,10.822935,-5.934282,8.587311,-4.4754477,8.6088295,-2.8047547,7.9478374,-0.82260454,7.2149997,-1.2224383,8.472696,0.4222585,0.35778534,0.23196144,0.19163658,0.29694775,0.34752864,0.21176147,0.2095743,0.38428172,0.36678982,0.31566393,0.32485047,0.17649032,0.17413828,0.32422456,0.34446704,0.16334665,0.20824902,0.12496908,0.22326525,0.16993645,0.22879404,0.38799322,0.3237683,1117.675441354472,675.5317742172471,1701.5200384639597,760.1052331999266,1992.7705485970127,2045.1954355178027,0.04635726326856149,0.01651985513054084,0.031705387,0.036489066,143.5546875,classical.00067.wav,classical
-234.44064,63.363045,130.26003,16.017591,-39.531033,11.082297,19.348919,7.8370214,-6.7951365,8.208333,-5.134988,6.2847357,-3.7098153,7.022866,-4.0319524,8.484418,-5.0715547,10.532006,-1.3709052,6.499877,-7.748646,8.494612,-4.3807516,9.131178,0.47027808,9.689507,0.41657782,0.35137582,0.12562034,0.094076,0.15839973,0.24024977,0.082141384,0.09823743,0.29492703,0.2525131,0.5272512,0.39160806,0.15220192,0.1013532,0.28848988,0.34486204,0.14486799,0.11757739,0.39884356,0.34887218,0.33052078,0.33155364,0.16731963,0.11561708,1559.9200748058706,234.33582070044156,1616.1762903547888,215.53668939559537,2813.4220698593385,491.1018308917021,0.09517254869972931,0.018466141072255193,0.05735519,0.029722618,83.35433467741936,classical.00068.wav,classical
-321.24756,42.052425,136.29433,16.862267,-28.28276,14.055976,31.008644,10.071879,0.5742582,7.369786,0.23691233,8.382543,0.6586137,7.347739,-1.3397088,6.839148,-0.058611754,6.919192,-0.42391258,7.8349833,-6.1761975,8.199438,-0.14452073,8.472682,-0.4549772,9.667881,0.3940445,0.38709283,0.124509655,0.09854212,0.17884214,0.2630612,0.074951746,0.08422303,0.23678756,0.25635502,0.43174136,0.38813218,0.15193935,0.115615085,0.29221386,0.36436102,0.119639814,0.07984735,0.34621906,0.35532883,0.32847133,0.3448596,0.1606313,0.13573046,1349.5622465655813,203.697307046229,1523.3561881481853,186.63734292381943,2443.7437690327724,399.4243119528247,0.07925337151972157,0.020997560396627615,0.02913211,0.012198535,69.83741554054055,classical.00069.wav,classical
-321.1392,84.74459,134.57178,23.984348,-18.24004,18.502981,22.185543,9.203923,0.42837247,9.1132345,-3.8020203,7.343159,0.4877544,7.0082345,-1.1469616,7.3788724,-1.9024942,8.684527,-0.10495498,9.05011,-2.7560537,8.14621,0.5838329,10.285605,2.493017,8.886347,0.24000615,0.31179708,0.18260129,0.20439215,0.25239944,0.31452018,0.1689558,0.24842748,0.2124106,0.24781314,0.2714996,0.33440965,0.14149116,0.16612534,0.2172934,0.30201197,0.2259937,0.21226181,0.5398876,0.4095303,0.31449863,0.30197647,0.16337962,0.19351709,1355.7633127675824,298.01312939976896,1615.6700685934472,271.84410087837546,2522.165929524362,613.0839407425635,0.07083778941898686,0.023770933952422274,0.031924274,0.026207292,161.4990234375,classical.00070.wav,classical
-269.7108,70.431694,136.43422,20.2349,-25.016579,14.9648285,26.403866,8.97421,0.68106735,8.382458,-5.372084,5.486523,-1.1092931,7.186696,-1.498667,10.075382,-0.17736825,9.610449,-3.8057554,8.050772,-9.296668,9.037792,-3.1443982,9.715679,1.6502777,9.792466,0.46571657,0.42983806,0.19246843,0.2024293,0.17297852,0.29620376,0.10416466,0.1414667,0.18449007,0.2606981,0.29391155,0.35371068,0.1254983,0.13589178,0.19324227,0.29729706,0.09467216,0.10373765,0.2031566,0.29091266,0.22874182,0.31101578,0.23851345,0.24146792,1397.3892884939066,271.0388549713149,1574.4155381124056,223.20092820586157,2616.092662412993,523.3075750073684,0.075862970079273,0.023559122978641173,0.0516711,0.03989056,143.5546875,classical.00071.wav,classical
-360.83868,82.22396,138.97086,28.979774,-12.927217,14.168497,33.778614,9.139221,7.5961585,7.560636,-1.7088121,5.9428005,1.027019,6.1378813,4.0721283,5.7816772,3.938996,7.386181,0.94157827,9.923768,0.5166482,13.260581,4.6864805,12.890859,3.336596,8.7669735,0.31438884,0.30099574,0.19955961,0.20082007,0.32007235,0.315126,0.26599875,0.28520498,0.24988294,0.23100701,0.47262838,0.3907671,0.21977253,0.19314893,0.17568837,0.254727,0.15543064,0.1842966,0.33545303,0.3060328,0.40408814,0.35868144,0.23959379,0.23149544,1285.3702594238277,358.6336565347274,1660.3917435830515,268.4471582279822,2477.151043177204,680.0348551903987,0.06374241710170148,0.028593717524979564,0.020713143,0.014193326,117.45383522727273,classical.00072.wav,classical
-306.85605,75.54177,152.84921,25.993107,-27.586615,18.653187,16.327555,15.201745,-3.1488068,13.27649,-8.940591,10.227422,-5.437477,8.640532,-9.772418,9.31835,-7.1042967,8.619687,0.2983124,7.972363,0.89340913,12.01504,5.4443207,14.135897,8.212006,13.208588,0.42929468,0.40509096,0.15254718,0.11035129,0.28669694,0.37683567,0.15262294,0.2217627,0.19383602,0.19982544,0.46074146,0.40942892,0.14129739,0.14396626,0.11850776,0.22343299,0.06141115,0.08623309,0.18982226,0.25951537,0.24266507,0.33569846,0.16624355,0.13656105,1211.8707246042638,324.38780383192267,1338.321478547217,303.59204846344824,2105.465974387326,668.0902696447915,0.0709397507008894,0.022189141863139923,0.043788467,0.023815447,129.19921875,classical.00073.wav,classical
-289.74127,84.791595,143.90283,21.00288,-27.002756,11.490795,24.065565,8.366445,-1.1469277,8.047703,-6.3004317,8.290482,-2.745879,6.3189034,-3.524174,6.17118,-3.0163455,8.1514845,-3.1469986,7.5782886,-7.264607,6.8453555,-1.6910166,7.4087234,3.0758982,8.46993,0.2773733,0.34716922,0.13728245,0.11545084,0.30251172,0.34561038,0.14727275,0.16645418,0.21247959,0.21676773,0.44970688,0.4102576,0.14754923,0.123066485,0.13920794,0.23379603,0.10035689,0.116220914,0.31572723,0.28721547,0.43988538,0.40107402,0.17940305,0.13627285,1360.1636476762342,296.69040877380917,1572.5759014703503,241.44911295019043,2568.9211250181265,598.4855183556226,0.0721379845804331,0.022118295617503416,0.037281636,0.026761437,161.4990234375,classical.00074.wav,classical
-413.00116,61.386578,138.53171,28.275152,-19.246777,16.356596,34.156403,8.577562,8.985244,9.021707,-4.2935634,6.0019693,4.1500463,7.5046268,0.8692794,7.6112328,3.081244,7.0695324,0.12008631,8.496535,-4.0598016,11.204115,3.7838356,11.095225,5.919068,12.631024,0.5362534,0.37131697,0.26113063,0.29669753,0.06872171,0.089209914,0.0913212,0.18135427,0.17025928,0.24916111,0.2631107,0.35286874,0.1294012,0.1419889,0.24313475,0.30794266,0.22020732,0.3001207,0.11379784,0.12551378,0.23360911,0.3363009,0.2773981,0.27158326,1171.477078803794,284.75289052623833,1466.896056192877,195.64134023920602,2235.3896280452436,568.3162088709277,0.06086408787703016,0.02578784049513497,0.016472353,0.00998779,117.45383522727273,classical.00075.wav,classical
-238.74171,74.10493,149.72977,23.82099,-28.855423,13.257452,28.25653,8.901044,-0.80010945,8.030123,-3.9364913,5.4697404,-2.1363714,5.7370653,-4.325534,5.4139724,-4.18362,5.7369976,-3.4381254,5.86661,-5.7532845,7.373811,-0.09010243,9.236345,2.5456483,9.967314,0.3050311,0.32953966,0.22986536,0.29074028,0.20068121,0.18857624,0.41548288,0.37755433,0.16574106,0.14990515,0.18371858,0.30719244,0.115995996,0.09958915,0.34232566,0.31566852,0.3925648,0.35354093,0.20934695,0.15687297,0.36686626,0.35048634,0.19676888,0.17380969,1340.8675515904304,268.0066056087748,1539.443167821855,223.4024524632172,2523.0652280307427,510.0123651435685,0.07174562246229699,0.02269479152319923,0.058806058,0.037549946,172.265625,classical.00076.wav,classical
-477.94348,92.68624,155.32089,38.814796,12.7602215,28.291046,5.5314426,15.15964,2.3841317,9.798252,-10.652273,10.859381,-16.651352,9.097528,-12.546622,10.272148,-11.187111,13.135687,-9.374714,11.483414,-3.2156126,8.128759,-2.7692902,10.941728,-6.477842,9.508053,0.17462139,0.25486043,0.09397805,0.102832295,0.28288898,0.34542745,0.4023955,0.37848622,0.19133815,0.20469306,0.32966396,0.38924775,0.19870734,0.22876585,0.19234999,0.2611196,0.27530056,0.3461288,0.16432104,0.17303604,0.15872012,0.262733,0.16379823,0.24778914,812.1207958821843,224.43253525063645,1009.9219073591227,273.12865806309975,1236.4605047310035,513.0983043545732,0.048334934503093584,0.01594285572630542,0.016747132,0.017726665,161.4990234375,classical.00077.wav,classical
-552.1586,40.61163,173.31636,25.903128,26.347733,14.171447,14.1246195,8.448884,7.2601404,6.800561,-7.080264,7.4403067,-5.8543334,7.5163016,-10.337285,5.99182,-11.018615,7.742102,-9.1995945,7.3369384,-8.825932,8.619982,-4.9307857,10.003042,-3.6539578,7.9106207,0.2574407,0.32845536,0.23316567,0.28717268,0.18210746,0.16256031,0.40198836,0.40805486,0.15885359,0.1889284,0.13758029,0.2760161,0.10117753,0.12929732,0.29512933,0.30209085,0.4029686,0.36871028,0.19793378,0.20751762,0.21297134,0.3205987,0.119829066,0.112348564,715.8536806386658,210.07095583551512,1031.2457016633775,283.9058433838046,1038.6731211934455,554.283090139509,0.041281857236078884,0.01051513500307157,0.006627279,0.0044040037,67.99958881578948,classical.00078.wav,classical
-437.6044,63.89684,170.93153,28.720318,7.4195814,25.70356,-3.083473,11.27092,0.7893821,11.72513,-11.128749,11.461706,-12.52278,11.061063,-6.907836,10.545693,-5.858702,13.9233,-8.461237,11.246155,-8.481487,12.6180725,-8.339388,14.727922,-7.378575,11.223578,0.121687695,0.22968219,0.103557944,0.15020308,0.3032595,0.34168854,0.35543817,0.3616286,0.12761092,0.13100526,0.19596556,0.29434156,0.14067364,0.23044299,0.18200555,0.25111127,0.28720394,0.3612074,0.22796866,0.22221707,0.4088301,0.3956564,0.15912972,0.1861541,790.5070052979669,180.0896422671124,900.4092980707335,210.77274834905398,1159.412272513051,377.77218211977066,0.05208824258023975,0.01909796522325295,0.018832877,0.012052747,143.5546875,classical.00079.wav,classical
-549.5697,87.908966,156.9653,39.00671,6.631246,23.349197,34.402447,8.6669445,13.249272,8.041802,5.748277,8.44349,5.0407815,9.029748,-3.0072958,8.611963,2.0624197,7.312325,3.0736666,5.533474,2.01758,6.5508504,3.2438076,5.528714,5.6670165,4.1570816,0.36722955,0.26688963,0.33438107,0.27010483,0.39532363,0.26455346,0.4814549,0.2995425,0.4931382,0.34293884,0.38542095,0.32200822,0.55603737,0.2963822,0.52509725,0.30147946,0.29247725,0.24129309,0.2733588,0.23997353,0.5734978,0.3144431,0.57946914,0.2774838,973.5355866616919,306.92917788960494,1617.4966766203381,455.3770669619851,1910.8094819460557,1025.3540483969912,0.03153360341744006,0.011243151780790554,0.0052698436,0.005448585,143.5546875,classical.00080.wav,classical
-374.65198,55.69672,153.82292,24.231054,-21.559772,15.03514,20.833046,9.681348,7.002672,8.234356,-3.9453752,8.292356,-2.5165148,10.103203,-2.8052347,7.823113,-4.2927785,8.206548,-4.5061345,7.692094,-5.7571154,7.0163627,-4.25979,5.96348,-3.8456016,6.97898,0.16062088,0.14309758,0.35950515,0.32515487,0.4196627,0.35995394,0.22227807,0.18819597,0.34412998,0.36027873,0.21864289,0.18094969,0.36199224,0.36342147,0.22190532,0.2678987,0.20787947,0.23525116,0.24843569,0.29746607,0.15740527,0.16841686,0.27879605,0.3168211,1214.3502552431958,288.3428048293227,1540.1999467691455,233.8878387944084,2164.7530611042635,565.0284402461235,0.06057444230955143,0.0208312188212466,0.016528226,0.0070287194,151.99908088235293,classical.00081.wav,classical
-263.99594,54.09356,142.11691,33.093647,-51.378956,18.650036,5.016686,10.886129,-20.275646,11.304495,-17.12978,9.643751,-16.075098,9.627315,-20.311262,9.012995,-15.04123,10.278248,-9.737653,8.264231,-8.4088335,8.286975,-11.790934,10.994599,-6.8859296,8.922918,0.22384346,0.26739958,0.1699793,0.18986344,0.27068937,0.2899322,0.22445254,0.23345321,0.28971788,0.28693676,0.3166516,0.3039723,0.3303953,0.28392226,0.38719526,0.34477592,0.28869256,0.2655689,0.3238755,0.31183302,0.31568298,0.31509563,0.25047448,0.268502,1415.4129895873043,344.7379340045503,1449.0029510876852,255.99618272451298,2490.0326615973026,658.5773556336889,0.08737817514984532,0.031169397478572784,0.042979293,0.014768614,112.34714673913044,classical.00082.wav,classical
-338.83044,61.93776,190.14246,21.257227,-16.293915,26.05079,3.7036424,11.944523,-0.4407284,9.709325,-8.890434,7.0382366,-10.38858,6.1718493,-16.360968,7.340383,-13.284851,6.034305,-10.792324,7.4024663,-8.643245,6.80367,-8.279584,7.4844036,-4.624201,6.43636,0.5079937,0.38514253,0.17903337,0.13421197,0.19536011,0.29916745,0.08823492,0.10288422,0.22357906,0.23512025,0.41003248,0.36487523,0.14121155,0.10342313,0.21639448,0.28738192,0.15872832,0.10359252,0.47608972,0.39269698,0.20284215,0.2246291,0.13810897,0.10650201,853.0763810402665,146.24483511313252,998.0067848662183,166.97984808797213,1401.3818585955626,314.67754304728004,0.050776340753093584,0.010820747456670327,0.041856874,0.02172382,117.45383522727273,classical.00083.wav,classical
-368.99612,76.22071,171.87369,15.073305,-27.293062,24.044601,6.0049872,13.193228,-0.16409573,16.681652,-10.674203,10.709043,-11.9248295,8.757767,-10.194442,6.860473,-11.368568,7.800855,-10.507291,6.636541,-8.375313,6.0396256,-9.789171,6.4113283,-5.0586824,6.732384,0.2310686,0.30045512,0.1438993,0.1684331,0.20901392,0.23220915,0.15660132,0.16749623,0.114758275,0.14407752,0.21161927,0.25849357,0.19248022,0.12345095,0.59102714,0.40356317,0.28724387,0.26114976,0.19233273,0.16834147,0.4333432,0.4104451,0.18544386,0.1661375,1002.6849591662105,159.13012921824057,1152.7266763123716,154.97273673408304,1734.1472864704176,312.7776884626554,0.057944596505220415,0.013358610009907018,0.02199149,0.013942753,112.34714673913044,classical.00084.wav,classical
-246.15865,76.47078,149.42867,38.44903,-41.988865,15.516283,11.606256,9.866004,-10.289648,7.8180547,-4.0193577,7.5566,-7.1368546,6.76815,-10.135562,8.246713,-9.420322,7.9702797,-7.171843,7.855545,-3.1583676,8.819655,-5.640657,7.8374248,-2.586296,9.696887,0.3375802,0.31735682,0.22729044,0.16599062,0.4992596,0.37726775,0.29681382,0.23855314,0.36289692,0.3038306,0.34906092,0.29017013,0.20823753,0.17478685,0.39227304,0.3387984,0.21896718,0.16461158,0.3210603,0.2819106,0.29744017,0.26027486,0.20600711,0.18307096,1525.7917091607942,459.81590432073773,1588.2178499718073,446.34121888036793,2733.1846586789443,982.3910916064536,0.09158955372679814,0.029151160836862994,0.0388853,0.020144971,107.666015625,classical.00085.wav,classical
-283.51343,73.47846,159.5616,35.869694,-29.515244,12.828306,18.527405,10.057828,-9.859646,10.624018,-3.4256573,7.195629,-10.989011,6.6409035,-9.791544,6.585608,-8.29952,5.964086,-4.2436934,6.575542,-2.8717248,7.347252,-5.970813,7.8702407,-4.0241084,7.903682,0.19149187,0.21346322,0.16623516,0.1841419,0.3479553,0.28317967,0.46193314,0.34733084,0.23386505,0.16295671,0.40100306,0.34776402,0.20460707,0.14049193,0.42808217,0.31899026,0.45508814,0.34124827,0.26131827,0.16140722,0.4228484,0.3419222,0.16985063,0.12343761,1356.2906973182814,469.7875215861584,1495.0511816850062,406.8077577475726,2496.3027706279004,1026.7556672093453,0.07683462333236658,0.031760722005442055,0.03149893,0.01889996,99.38401442307692,classical.00086.wav,classical
-392.925,71.23724,190.73505,19.58962,-13.30989,24.259317,8.256798,8.787003,1.556012,8.156232,-11.073181,7.3459983,-11.240291,6.6208324,-13.994958,5.852631,-10.621299,6.9710546,-9.390467,6.481112,-4.6211743,7.218273,-10.071729,7.6393423,-4.8217816,7.2258325,0.22882031,0.23244065,0.21470515,0.1941573,0.40218902,0.381987,0.16060202,0.1329599,0.21918975,0.283994,0.12491966,0.16381827,0.29081708,0.2752178,0.45155174,0.37186375,0.23989645,0.16858332,0.43280903,0.3813747,0.1850586,0.1234128,0.34185433,0.3232196,877.3225402716945,180.95174719311248,1109.2624488875817,231.13777246925233,1457.7129178146752,449.9280797311578,0.05104483879543697,0.01257599448349384,0.021454155,0.011252928,123.046875,classical.00087.wav,classical
-299.62308,70.57413,157.25868,18.356127,-37.329967,13.992095,15.76609,9.242172,-5.7509174,9.203261,-4.4520483,7.4823585,-6.8125167,6.2543015,-10.72881,6.406978,-9.877374,6.9173427,-8.156403,7.563254,-5.426561,6.505062,-7.837365,7.1872616,-2.7309942,6.5637803,0.34127778,0.316258,0.2535036,0.2728099,0.21196875,0.20143263,0.31102386,0.29613644,0.14900945,0.13660823,0.2192477,0.25966123,0.14133862,0.13206181,0.3971205,0.32302016,0.5555673,0.37454215,0.27469036,0.16830067,0.46164206,0.3761224,0.2166212,0.14713334,1304.1427959179266,257.4930536014327,1456.7850189139303,224.92640980893304,2350.2750122353536,556.5109729131763,0.07056627030162413,0.01991187270805383,0.02825728,0.015242194,103.359375,classical.00088.wav,classical
-301.9321,51.16215,57.551674,28.623089,-59.138557,15.925028,33.53785,9.065269,-20.924202,8.505866,17.733927,9.22461,-0.6399966,13.9451275,49.018707,19.62101,19.130726,15.397126,27.11223,18.801714,-17.640003,24.29263,-0.28261364,15.82131,-3.750939,17.00607,0.18509705,0.13997632,0.09335571,0.21083632,0.06119306,0.122342035,0.18315758,0.22054838,0.27486557,0.337238,0.08935507,0.12698932,0.124211475,0.19082776,0.07525401,0.09830463,0.36856642,0.35371655,0.34026152,0.33793423,0.1563953,0.12435201,0.6556845,0.41445887,2423.3323353649453,344.77524696890464,1884.6631904527853,141.49460514372308,4296.615112021462,611.9770822830762,0.16665269419470224,0.03355585547011062,0.035111424,0.014910947,99.38401442307692,classical.00089.wav,classical
-326.38028,35.44418,85.908844,18.375963,-42.970146,13.063806,31.839684,8.179188,-19.570826,9.002329,9.9973955,7.237402,-16.449766,7.5207524,9.995578,7.4081936,-8.598667,9.018835,25.513878,12.872211,6.546204,11.314533,16.401815,13.148903,3.4843886,13.930381,0.16763656,0.22183254,0.28685993,0.36586347,0.13004184,0.13561541,0.26356104,0.29717484,0.15772603,0.23457569,0.07338349,0.09654599,0.17544405,0.29945692,0.22751282,0.2626555,0.48699355,0.39759812,0.27379206,0.3044268,0.24209991,0.31423634,0.1477972,0.2195174,2172.3382154638084,364.51594761781314,1883.4673596592563,204.3974119189798,4066.8943046693735,712.5019736647953,0.15196460508507348,0.0442274905222663,0.02384028,0.010368212,95.703125,classical.00090.wav,classical
-251.23933,56.802433,88.76645,15.172702,-41.775455,12.045108,37.914806,8.11841,-12.039209,10.605613,21.623262,8.926229,-5.8672247,11.360416,25.71373,11.518495,-5.204475,14.610817,14.297369,14.4087,-7.54923,15.594937,10.474767,14.7555685,-4.9246387,15.323852,0.14325447,0.17101745,0.29333264,0.36858764,0.13150555,0.17988022,0.24401402,0.27467337,0.42186552,0.39294097,0.17637789,0.17397799,0.20664592,0.30824372,0.1415127,0.18316571,0.33865604,0.3635332,0.23963545,0.2755114,0.09838361,0.12768067,0.2759021,0.34929863,2192.5069045226314,359.0887073206878,1911.8310735892937,166.45331780379632,4065.970025648927,624.5286029453954,0.15240530440351896,0.04550827872951734,0.044732843,0.019870637,92.28515625,classical.00091.wav,classical
-299.6929,72.43826,103.63919,25.653795,-27.674166,16.992464,51.015617,10.480314,12.293651,12.141546,16.498365,8.345093,-10.951071,9.780778,-0.887635,11.271609,3.8555372,17.861,12.946044,14.656559,-12.410851,18.612154,2.478124,16.311937,5.1832843,15.225241,0.29026446,0.35755518,0.092485294,0.16454077,0.04280282,0.115648806,0.12809773,0.18950021,0.28104782,0.4005492,0.1257061,0.1819471,0.12636748,0.25939688,0.06835063,0.12594679,0.10196022,0.2027477,0.39994812,0.45086342,0.17941748,0.1764114,0.33688375,0.39581338,1807.9280823768647,471.27871571487896,1439.048631093032,226.34842968664557,3073.2943576892403,801.2334056522825,0.13096813370069604,0.05810674579310177,0.08412108,0.03795858,95.703125,classical.00092.wav,classical
-207.42522,40.886055,117.61352,14.582984,-41.420906,23.379557,13.249367,12.468539,-1.6709114,8.337487,15.538312,10.325667,-10.338402,12.684322,-1.8724031,11.901951,-12.771743,9.804629,6.9996595,11.321614,-0.7737135,14.485047,2.0700433,12.648435,-8.253666,13.632849,0.25679046,0.3340557,0.1005764,0.10937428,0.21913308,0.3050992,0.16466425,0.17693071,0.42653096,0.37833437,0.43179497,0.36457366,0.25511464,0.2423106,0.41454312,0.40395775,0.11722244,0.12642509,0.11127465,0.22602972,0.06121617,0.08977975,0.16445851,0.21943815,1623.7580253062429,218.28612068126398,1551.1322274247282,281.07572425167075,2732.0272281938805,542.4919241729494,0.10824964955529776,0.02937061582614511,0.08244843,0.04236125,135.99917763157896,classical.00093.wav,classical
-385.87155,96.80358,128.65533,20.225086,-26.71042,21.301994,39.469887,10.798405,-2.1612144,13.167001,16.753073,7.793402,-5.7280316,11.28785,14.715788,8.479651,-3.0880723,11.143269,12.3004465,9.0388565,-5.8861976,10.034461,2.797903,9.644232,3.6902454,10.759693,0.42660484,0.3781585,0.3350511,0.23351033,0.53120875,0.34477806,0.3250083,0.25901777,0.20112127,0.18314904,0.21847256,0.19756903,0.3521824,0.290007,0.44662675,0.32496887,0.2951206,0.23371558,0.4844523,0.29995188,0.5486204,0.32313037,0.26127654,0.19449301,1423.5649269846951,327.0479697914095,1696.698162070151,221.74702075358226,2926.2090908678942,701.6582732784008,0.07011877356438515,0.03513708892408898,0.01398589,0.0090038795,184.5703125,classical.00094.wav,classical
-422.54468,82.796585,89.863014,31.831303,-18.73295,20.931925,37.771908,10.444026,6.006347,11.801664,4.1578536,8.911726,-1.9991796,10.301837,12.114278,11.101585,4.164937,11.375406,13.789986,12.19365,2.8316236,9.186812,5.892905,10.295988,6.113412,15.747574,0.2937873,0.35020173,0.15847588,0.15552293,0.3567839,0.3762857,0.16902578,0.23427972,0.1250042,0.14569576,0.3362551,0.3914239,0.13255891,0.15474129,0.22168736,0.33595982,0.17833672,0.28093618,0.22476119,0.22430742,0.3807065,0.40058443,0.15488082,0.15103881,1800.8758120131474,533.9991712052566,1781.07705783052,250.86496945906688,3426.8602269431553,929.7245461713484,0.12435424521461717,0.0620803262753204,0.013560658,0.015143556,86.1328125,classical.00095.wav,classical
-203.65866,61.34184,111.14665,30.857895,-51.54852,13.180892,39.4677,8.083956,-10.575404,11.417571,11.908858,8.00322,-13.1665745,9.860774,15.140764,10.397971,-7.2812214,8.512727,13.376247,10.742344,-7.3036685,8.199196,3.8474364,10.466593,-3.7815683,9.367606,0.21394947,0.2477887,0.36713937,0.27627042,0.59945196,0.35803372,0.25113147,0.18465632,0.22109625,0.22229427,0.17671973,0.17771196,0.21976386,0.22788723,0.29514363,0.34371752,0.211764,0.16185315,0.46880156,0.34838244,0.29086617,0.27191052,0.19952041,0.20947345,1933.75034806624,438.6450378904073,1740.438958443021,165.44110455014547,3574.5866602921983,675.0882929773965,0.11757193179621037,0.048833291731645724,0.05696003,0.028038803,135.99917763157896,classical.00096.wav,classical
-280.7058,33.61603,122.70871,15.16752,-14.398484,13.016111,26.855293,6.131455,1.342496,7.9359126,5.994597,7.092161,-13.109008,8.19875,3.3745084,10.404972,-11.562682,8.950941,5.1796885,8.506018,-1.0512307,12.094865,2.7557733,11.400205,0.0577943,11.079609,0.35034707,0.34783468,0.23687845,0.25505754,0.24383809,0.3523541,0.11157786,0.099447295,0.37906754,0.384749,0.1970923,0.25844976,0.08264025,0.12739943,0.1790788,0.28570652,0.17025612,0.16990326,0.33207643,0.36998293,0.13538304,0.1395697,0.2491929,0.2865234,1494.465747036025,303.8676677291466,1671.1997576909127,178.3742527847108,2782.1048320584396,583.0220068490349,0.08590993269044857,0.0302743355212599,0.036695167,0.021546336,103.359375,classical.00097.wav,classical
-287.6037,70.59133,101.75817,17.471935,-35.345406,14.605653,41.28016,7.4846325,-12.727131,11.334907,17.276148,7.3171616,-13.967989,10.026291,16.304947,7.8924594,-5.5929623,8.673855,13.65411,9.15969,-8.788415,12.261616,-0.053095203,8.443221,-13.757536,11.332116,0.39786708,0.3528449,0.1438601,0.13322781,0.112334,0.16850437,0.10269966,0.10377899,0.38786668,0.2732027,0.58364165,0.34841242,0.27868816,0.20617975,0.2832643,0.31401786,0.19271408,0.1346221,0.5177865,0.35127017,0.31017718,0.33020848,0.16863613,0.15549362,1952.6079332127847,407.59079241646606,1865.9960468933257,150.08457710694807,3779.909832239704,668.7853512527579,0.12342262120552977,0.047068537975562486,0.029083412,0.018222054,184.5703125,classical.00098.wav,classical
-378.6962,22.180153,126.49836,12.507594,-18.83014,5.9611754,42.88959,5.8641024,-14.325575,7.567663,25.359526,6.121006,-14.636545,5.600091,18.717953,6.283311,-10.184203,8.809139,21.119013,7.9561195,4.4280825,6.0294113,18.228247,8.116654,-10.292282,7.326634,0.305723,0.25092456,0.35224053,0.28928843,0.33148488,0.27026793,0.35217518,0.28327447,0.39393696,0.28265488,0.22778726,0.18804282,0.42461586,0.34027177,0.36581188,0.30674383,0.2528863,0.23174854,0.3207507,0.2772946,0.29910973,0.2517786,0.3802762,0.29883793,1525.0760420116658,216.16201930608665,1868.967417911651,146.44300138197565,3325.672491299304,589.0489672265663,0.08068536107888631,0.020141344986277773,0.010499871,0.0020701254,95.703125,classical.00099.wav,classical
-23.104954,31.88352,70.25588,18.418518,3.8055308,15.352728,28.323957,11.635995,13.754286,10.536606,5.728135,10.359011,3.9737794,9.261491,7.4728084,7.9552445,2.6279068,7.820394,8.490234,8.495019,-2.3202078,8.558387,2.08908,6.4710956,-3.3720126,7.9114227,0.28090787,0.20368637,0.42642587,0.29188645,0.33555853,0.26243773,0.3660879,0.24419962,0.36974525,0.2971451,0.39160532,0.23498967,0.58974004,0.34516487,0.39428896,0.26668605,0.46357352,0.32665747,0.32929933,0.25085428,0.31457648,0.2488089,0.34534767,0.28333527,2798.0656266251635,595.5039649002385,2847.5411814192466,325.0463609221413,6221.38434516059,1340.3166165057264,0.1072048611111111,0.04182911482563996,0.24829563,0.026756322,86.1328125,country.00000.wav,country
-7.9727893,19.007256,62.72463,9.6487665,-1.4591705,12.17481,28.109985,7.792583,9.967061,8.578346,9.363964,10.32275,5.415904,7.038028,9.82543,7.3000255,3.0275455,7.7941136,8.420949,7.4043627,0.310713,6.9494567,6.540354,6.17174,0.73737174,5.5703044,0.31558168,0.19023201,0.41513735,0.2612181,0.31909874,0.1960337,0.44664744,0.30465782,0.41662493,0.30493057,0.45482275,0.23693502,0.6393341,0.31076288,0.4212629,0.24652122,0.38003987,0.2922908,0.26149207,0.18929467,0.38873154,0.25851378,0.5098791,0.33894956,2938.1313051156862,319.10207811810886,2839.646685978091,202.44576150958613,6279.551664914443,791.3486707493231,0.12698824499709976,0.029606000441850557,0.23040177,0.021279683,129.19921875,country.00001.wav,country
-120.3052,41.18671,79.22588,21.092384,5.2293863,18.760616,34.548218,13.865409,16.506737,9.961913,13.129608,9.139942,6.3450894,8.128934,9.962078,7.3972454,-2.0015073,9.557331,6.8100667,7.8479404,-6.352069,7.0926986,0.22815081,7.2963033,-6.8128085,8.015751,0.26329693,0.29683262,0.33077008,0.34306085,0.25216135,0.2718086,0.2524801,0.2683955,0.36021242,0.3657326,0.26171848,0.28287223,0.22777994,0.27826992,0.2216862,0.23152171,0.37365136,0.31572276,0.4660134,0.39552498,0.29311904,0.25831807,0.2620475,0.2993657,2308.811438098025,738.5926726918201,2618.613432216076,315.5970881544693,5190.094610091744,1328.894086522263,0.07416238114009939,0.06275680054301873,0.14652665,0.039316844,83.35433467741936,country.00002.wav,country
-57.75979,36.567272,95.76648,28.702124,-10.109319,20.353632,40.979633,13.900382,13.979035,11.559926,-0.9898583,13.093038,-0.18847127,10.344227,7.4250774,10.045149,-3.6333375,10.178609,9.545139,8.9778595,-2.9410646,8.63831,2.4362512,8.950903,1.9947803,7.29988,0.30632687,0.24607417,0.3565916,0.24044757,0.62147534,0.3653158,0.34400615,0.20375642,0.33014706,0.26448604,0.23276834,0.19715557,0.3699314,0.27522117,0.507103,0.33707872,0.37883714,0.23897138,0.47026652,0.3248528,0.27344313,0.20595832,0.33295572,0.28509337,2174.1604935047117,755.2893257198713,2281.058760714112,454.8307336912207,4348.07370779315,1605.685772698808,0.1025643835864938,0.04864669971210088,0.2042707,0.043812517,161.4990234375,country.00003.wav,country
-20.78135,19.53648,62.950428,12.512724,2.3044407,12.706579,30.773718,9.653581,6.973462,7.8836384,6.5058117,10.732003,6.3236365,8.308582,9.873086,8.50085,3.4352968,7.224203,9.372202,7.4369283,-0.404158,7.239142,7.5194154,6.4609427,-0.9842739,6.592605,0.31379923,0.20444222,0.23277387,0.19792432,0.21850537,0.19027431,0.36114886,0.23700193,0.5383796,0.34816757,0.35542586,0.22703603,0.37827832,0.276797,0.32234088,0.22275737,0.44787967,0.31263468,0.379818,0.28839767,0.41035584,0.2518944,0.6344665,0.33695188,2966.1571589936843,439.23134025151757,2848.1234947138532,272.94613389708184,6349.4199392596265,1086.0760457248387,0.12416100280572756,0.03553262765514058,0.2093933,0.028376399,117.45383522727273,country.00004.wav,country
-24.671667,27.4845,62.440266,15.911187,-7.7540884,15.230172,28.432592,11.514571,10.997147,8.9849205,5.551389,9.292953,-0.08674415,8.270479,13.74509,8.273146,2.8998165,8.164856,9.909151,9.744408,0.85377365,8.330383,5.952079,7.595452,-1.2259915,7.8324447,0.4400665,0.29624072,0.41111332,0.2668341,0.4956497,0.3236261,0.36644217,0.24782805,0.44267502,0.30836028,0.35165522,0.25212163,0.403609,0.2765496,0.5229227,0.33111754,0.37062085,0.24477139,0.41117105,0.3145915,0.3325606,0.22567019,0.4441683,0.28284076,2926.532916728232,525.192261582112,2737.079970118491,271.55972318984936,6177.674360999856,1080.0745496795607,0.13637249376438987,0.04720271812575041,0.20379831,0.038084295,129.19921875,country.00005.wav,country
-23.201923,24.433964,71.15687,20.725164,1.576013,16.530863,24.438925,11.660616,16.31995,12.471612,4.5767665,11.296651,-3.8856642,8.88343,17.993046,8.137944,-3.3505054,8.374586,2.435541,7.616438,2.9157152,6.9540625,0.81521153,6.667693,-1.1092839,7.6335735,0.38722196,0.28047964,0.3239738,0.21595606,0.47947612,0.2971311,0.41007283,0.2843241,0.4554081,0.22864512,0.64173454,0.29890513,0.422131,0.2114019,0.43806067,0.30867827,0.2958626,0.19903347,0.38344535,0.26774704,0.48703817,0.35612214,0.33480936,0.21968357,2807.9125120088343,650.6905146079814,2778.308824727949,329.1749406712623,6023.044502707776,1413.8087825818814,0.1283081334879495,0.052832123070840786,0.21399127,0.040002197,112.34714673913044,country.00006.wav,country
-20.81746,28.347754,64.90752,18.35739,6.767102,13.926512,26.357126,10.722819,11.665423,9.762289,13.185629,8.153298,-1.9791069,9.339266,8.582197,7.5677595,0.47289515,7.3199515,7.441096,7.6929026,-0.41490933,7.4301248,6.945586,6.774068,3.6606066,6.4287868,0.4749507,0.27814567,0.42914668,0.31379926,0.3860818,0.28237993,0.5202968,0.30473304,0.36138844,0.2640653,0.3855162,0.28932172,0.3128999,0.21821003,0.42753577,0.25833207,0.5793955,0.33942252,0.39890057,0.23580915,0.43052384,0.289987,0.35075328,0.23470716,2898.787368032488,614.2762438829901,2878.9661651993006,308.4945990041143,6400.052966421972,1186.5338609985793,0.11293582502902477,0.04223924747191198,0.24406008,0.025491852,103.359375,country.00007.wav,country
-19.763226,22.88566,76.64638,19.18788,-4.826523,12.569161,32.238724,12.379019,7.710495,10.962018,17.18376,11.202767,-1.4951017,7.7916446,9.149327,7.424237,2.7572665,9.72045,9.145537,9.053635,-2.6543097,7.9291778,7.5196223,9.217171,0.38755095,7.651559,0.35568422,0.24680352,0.36208802,0.31699023,0.2672985,0.20992763,0.32272097,0.25069016,0.48402634,0.3655037,0.3806468,0.2815297,0.38942772,0.30019355,0.2803484,0.19677754,0.39095172,0.3227389,0.29855505,0.26913902,0.26630712,0.21811742,0.46599716,0.3225367,2505.851670781852,531.5666063857138,2574.313231970527,345.22954836386265,5480.083979104424,1192.4727501944585,0.10456258734097919,0.03450110668466942,0.2743448,0.03211721,66.25600961538461,country.00008.wav,country
12.145776,13.800978,58.997505,11.994409,0.9395953,13.503297,26.743252,10.870326,9.245794,8.694021,3.5632026,9.2809105,1.5272026,8.333967,8.654258,7.1412435,1.00294,7.8537025,11.647983,6.720687,-2.1983073,6.675708,1.1939832,6.308345,0.48530084,6.26459,0.34358016,0.26032186,0.32982498,0.19954664,0.49209076,0.27176145,0.28118724,0.16606897,0.35516948,0.24524382,0.43174502,0.2802616,0.4809279,0.23494706,0.75351524,0.29434413,0.46447664,0.2196548,0.4557186,0.25267556,0.39459974,0.26951727,0.37248132,0.22193886,3191.2596105890007,421.4540979282354,2948.014284587389,261.79347203460145,6926.771206325955,930.1908858059039,0.15687278464988427,0.040043410306013764,0.23645693,0.036689132,95.703125,country.00009.wav,country
-197.70265,65.19889,106.49648,30.600538,-4.4335303,24.037014,37.656395,17.872818,-0.8653605,17.290688,-0.96210355,12.698015,-3.4531171,12.068574,-0.04980563,9.500719,-9.302802,12.331845,-5.177724,12.422217,-4.2500987,9.930071,-3.5460408,9.765732,-1.3531576,8.671323,0.35558906,0.35533574,0.24536449,0.25169632,0.25055763,0.29365692,0.2349105,0.24139208,0.3667679,0.3560312,0.31835893,0.3242336,0.27029368,0.24692754,0.43762633,0.3726131,0.27982667,0.23273854,0.28098798,0.33597767,0.20958297,0.23186304,0.24764659,0.2616657,1861.4546090166984,746.617341132508,2127.2426522755313,370.5059974834327,3769.3680553037993,1415.095657858023,0.07654006851798144,0.04940798316631504,0.074670546,0.033453237,80.74951171875,country.00010.wav,country
-199.05687,73.15314,61.1464,37.53815,9.977331,23.431808,23.48061,15.519578,10.260272,15.158555,0.0013762885,13.348549,8.017387,12.737303,1.1231514,11.475555,-4.8983784,10.971041,9.487702,11.26438,-6.3569746,9.407977,3.8757424,10.466403,1.6276604,9.885876,0.24819353,0.26255575,0.25877765,0.26674235,0.40739083,0.3721773,0.26747596,0.25762713,0.2684567,0.2974355,0.24873531,0.25480825,0.36654642,0.33431032,0.37981993,0.38109678,0.24934079,0.2239883,0.32244295,0.34902903,0.25873166,0.25767928,0.33494714,0.32152507,2839.25842945996,1131.1281227348636,2798.5048227301195,448.9461709345551,6047.924011655307,2003.0077430820456,0.11016274531129157,0.09542522639294192,0.07847474,0.042705633,112.34714673913044,country.00011.wav,country
-141.01443,44.449715,123.921104,34.023285,-2.5103798,18.32735,27.954958,14.842891,-0.004282374,14.253278,1.2101256,9.068702,-11.015173,10.992189,-1.3653064,10.002484,-7.0197535,8.185876,-6.1295595,8.193711,-5.1838574,10.045221,-2.1625636,7.5666723,-4.5987415,7.41341,0.4290154,0.37046468,0.27573392,0.23786493,0.26660195,0.27515236,0.21646178,0.22051524,0.36062795,0.345532,0.39284983,0.35563228,0.31897968,0.26433107,0.45254052,0.3786674,0.25413316,0.22817402,0.17228349,0.22196567,0.15570036,0.19081424,0.2633767,0.2518308,1667.5169597765603,684.9766135871791,2052.754370274817,528.4179633089456,3439.733518525232,1663.5411962560147,0.06405358782869296,0.03324013555864331,0.12688757,0.044425923,89.10290948275862,country.00012.wav,country
-126.20302,45.62798,77.6602,23.199877,3.1578352,18.68029,19.944595,10.315564,10.8167715,13.161823,0.7296956,10.189589,5.2284603,9.542829,-0.49303114,8.863709,-0.995941,8.829756,5.39514,9.333448,-3.7251055,7.394393,-3.493331,6.7978706,-5.336726,7.055034,0.27635795,0.23535281,0.3696868,0.3070568,0.28968337,0.2525182,0.26818132,0.20544754,0.53759325,0.35585386,0.36395556,0.25663295,0.34896386,0.29075733,0.30430537,0.24369435,0.38729352,0.2740455,0.5407392,0.34344363,0.3541663,0.23623668,0.37632138,0.32700965,2811.872177544087,723.2221555604924,2841.7562730726136,418.73230698771,6061.51341130728,1682.2346796104757,0.1295221716695669,0.048846039793045366,0.08002811,0.033331912,129.19921875,country.00013.wav,country
-124.6224,48.298836,72.49065,24.365458,16.715553,17.60023,18.250063,13.419675,12.224811,10.99176,8.094713,8.943052,7.9860826,8.174295,-0.5102592,7.825566,2.3697214,8.699457,-0.56879467,7.6280475,-5.5688143,7.0255766,0.543314,7.812136,-5.0568647,7.8507605,0.24992967,0.19808842,0.4367784,0.31049448,0.42828226,0.3161873,0.37774205,0.2854227,0.4762231,0.34386817,0.32921335,0.2560028,0.32977724,0.31980446,0.23325534,0.20881698,0.3551767,0.27221656,0.51305765,0.35414922,0.33403343,0.23307587,0.31721917,0.27937752,2952.9885811173413,983.643045507993,3036.4590945849873,354.22920578817156,6570.3581559962295,1633.3268305980769,0.12478399313611756,0.08163604203140433,0.092618205,0.0323963,135.99917763157896,country.00014.wav,country
-116.19743,49.386234,111.75399,28.809359,-5.2453566,18.116432,33.98964,9.913094,-12.460974,10.453208,4.2414293,7.371592,-14.408441,8.29943,8.494257,9.291553,-8.198441,9.736751,-1.3370373,7.224097,-12.551117,6.1694613,-5.0011096,6.440773,-2.139346,5.771236,0.33787775,0.2619012,0.3177804,0.26405248,0.37770438,0.20745668,0.76054233,0.28591412,0.36444086,0.17456163,0.30319825,0.28542402,0.32089707,0.26503634,0.30611968,0.22201635,0.40493375,0.28997332,0.32724187,0.21684523,0.42295521,0.30827835,0.3113497,0.24277517,1958.9864228599774,596.7554996393187,2146.923519804291,321.0189077603775,4208.1924190654,1246.7885221260176,0.09423639307811292,0.046845285272833416,0.104739845,0.025836438,151.99908088235293,country.00015.wav,country
-210.10042,57.82934,139.62177,28.625948,-17.025503,28.4232,57.99346,14.297505,-9.658052,15.263918,-1.9567311,9.108194,-17.993433,9.510649,-8.213174,7.8146086,-11.769385,8.737441,-7.876312,7.510818,0.6242504,9.872971,-9.962924,6.588719,-6.469421,6.2378793,0.4789347,0.37538564,0.23966946,0.19823198,0.19934846,0.2546043,0.15311442,0.2064302,0.3226555,0.24136516,0.6175612,0.35935113,0.3346232,0.21886437,0.27877003,0.29361287,0.22334725,0.18703036,0.36846772,0.28068882,0.37288222,0.35093758,0.2822893,0.17930716,1426.0207482117,481.6503695202068,1648.467920931343,331.3239388436505,2880.8278236477668,1166.3284574402971,0.060195297394624904,0.024276201705736335,0.079806626,0.02752163,107.666015625,country.00016.wav,country
-171.32309,57.657146,137.33298,32.469456,7.9547596,11.355654,28.53364,9.638159,2.6904233,12.032929,-0.50326514,7.7362022,-2.9567094,5.8753777,-1.148197,8.155493,-6.1525826,7.467275,-2.397033,7.95965,-5.854901,7.179998,-2.1742196,6.6169868,-5.3409767,5.986641,0.2437705,0.19289488,0.38557604,0.26998097,0.5562794,0.34436256,0.3446777,0.20549268,0.42201483,0.34526557,0.28083923,0.20813186,0.40747005,0.30990788,0.39510143,0.29101256,0.27666792,0.19463399,0.40430084,0.32516125,0.2475879,0.1696041,0.32281107,0.30417123,1470.2190431491572,532.9875607079736,1960.209861429048,446.44474095073815,2967.8432809781034,1361.1508478112999,0.06387005752126837,0.02857264056683284,0.088679396,0.018620491,89.10290948275862,country.00017.wav,country
-131.1577,44.522415,102.98625,23.140884,-11.529913,18.253277,17.738117,12.774418,16.948603,12.669819,4.4418244,11.811122,1.2972012,10.889503,3.4134758,8.904198,-1.5013237,8.111861,1.6068558,9.47592,-7.989871,7.5335975,-0.82989705,8.197378,-8.8802805,7.495812,0.5737066,0.33927,0.36213323,0.21214616,0.31187055,0.30022848,0.26165548,0.2457563,0.36042696,0.24585067,0.5146538,0.34271497,0.32175216,0.20290324,0.40986112,0.3311785,0.3131486,0.22555096,0.39411563,0.30911887,0.29424256,0.24984363,0.3207753,0.22228308,2068.869796587892,585.1078897573071,2370.15807218592,379.284983736779,4098.677845399507,1433.3950830036028,0.09558907941802011,0.04033713946759188,0.09675965,0.031797282,86.1328125,country.00018.wav,country
-256.0997,72.54831,163.07938,29.5625,-22.86085,26.944212,26.92573,19.453358,15.294624,15.622568,-3.5060468,12.679249,4.2238126,12.7445965,-0.787576,9.9614315,-9.461129,9.290911,1.7529935,7.805597,-4.4277163,7.817129,-3.6453378,7.0205774,-4.2500978,7.148852,0.37916756,0.35830662,0.25728756,0.24200062,0.28697702,0.31275642,0.24381799,0.2390154,0.331847,0.30861822,0.29419258,0.2937005,0.3320548,0.28657743,0.46621665,0.36629716,0.2868924,0.2376458,0.2857152,0.3220409,0.25773624,0.25267786,0.3668058,0.33329856,1138.970375102019,402.2607447600923,1462.5548366603607,274.69916882319194,2118.197709723028,829.1752230342628,0.0509447656854215,0.03179580673172117,0.082008675,0.05647939,83.35433467741936,country.00019.wav,country
-161.19606,73.02688,74.76473,36.99193,22.41922,16.0716,46.01183,19.819258,5.2807126,15.1913595,25.113438,10.574471,-0.5761162,11.353432,10.385749,8.780156,-6.833753,11.120802,5.054583,11.524991,-0.7702397,7.097836,1.403467,8.587648,-6.0123224,8.24067,0.31707484,0.29075205,0.31210843,0.25267166,0.46917522,0.3292477,0.39186877,0.29340026,0.3245229,0.27697566,0.37559357,0.31283695,0.29311112,0.24046415,0.2685428,0.24460016,0.2686159,0.23023105,0.4082926,0.2713454,0.56729156,0.35158506,0.38934895,0.24486378,2407.9531761672592,1035.0136173280864,2532.4203413039213,392.8205682730495,5212.450718713747,1816.0962116222233,0.08680454853054911,0.07362215812932278,0.105174266,0.03147125,103.359375,country.00020.wav,country
-209.33365,52.025665,167.1017,21.646828,-20.841473,18.462793,36.802998,17.94048,10.272971,17.329163,3.9958642,11.198523,-5.6698804,12.433043,-4.625789,10.232485,-6.24442,10.243676,-4.1741776,9.2464075,-6.6804767,9.3458,-3.2626216,7.247965,-7.9688377,7.451991,0.3579665,0.36504394,0.22975111,0.24553904,0.2272971,0.29384148,0.17803271,0.20615849,0.28875262,0.29298723,0.31486863,0.31659073,0.268448,0.27501124,0.2988087,0.3221868,0.28464153,0.25168625,0.42782992,0.3725487,0.30738136,0.28566486,0.2870906,0.2798179,1044.7200862613543,322.01627596674774,1393.8079039816196,228.64320028294696,1947.6307596795243,751.83172374124,0.04564919881090487,0.019727666531107264,0.10979616,0.04093584,107.666015625,country.00021.wav,country
-195.07317,55.90116,114.25745,20.97217,0.04147554,21.137863,38.20062,15.899332,11.286058,16.905699,-6.0460644,15.171964,1.2285594,12.698474,0.014777211,9.521012,-15.413632,12.38862,-3.5779057,9.864414,-6.1284695,9.585511,-4.5047817,9.419573,-0.124256626,8.008889,0.2682861,0.23981161,0.29398224,0.30547774,0.32058954,0.26915056,0.44046864,0.36603224,0.3145686,0.26121393,0.23191148,0.25009415,0.29378936,0.30091518,0.31822342,0.26423863,0.39630216,0.36565483,0.28926373,0.24937402,0.35120237,0.3322047,0.34198412,0.30950546,1719.4714520311265,419.60216716901937,2142.376265771634,327.7849618444139,3449.9672024543215,1083.6455013416592,0.06805726749806651,0.026137455748029007,0.07508869,0.0320141,184.5703125,country.00022.wav,country
-353.09116,80.405014,110.67462,28.264084,32.743443,26.404219,24.189941,16.602318,18.754097,15.20938,5.9265885,11.134765,-1.7344853,10.642029,3.8793368,9.325509,-2.979119,10.19398,-1.9010768,7.716864,-2.8730125,9.225176,-0.9832502,9.843181,-6.486425,8.128078,0.3050969,0.3238946,0.22888198,0.2468949,0.25192145,0.32179865,0.24595265,0.26425713,0.33685207,0.26927835,0.5548098,0.41612864,0.4018781,0.31657547,0.28853208,0.26779452,0.23047554,0.21967131,0.3191525,0.35231918,0.28260005,0.3139017,0.21906039,0.24422443,1495.5580556268485,790.662963212395,2331.9170617315413,496.9857004091079,3053.293292760296,2099.243931966096,0.03546364438321732,0.04356868996278641,0.03888375,0.021679103,83.35433467741936,country.00023.wav,country
-200.06026,74.745285,109.140465,40.176796,-5.542463,17.833176,48.140514,15.384126,1.2196505,19.599913,4.592618,14.181238,-9.150064,12.1949005,-1.4768001,9.6660795,-11.666416,8.482772,-5.2047043,10.946649,-11.545386,8.092887,4.9804335,10.33667,-4.9844666,8.458993,0.51985914,0.39242697,0.27720717,0.2524836,0.20144774,0.23697594,0.20667863,0.26974848,0.21526712,0.24452907,0.20572639,0.28347453,0.24924251,0.24503879,0.4142486,0.37925553,0.21719448,0.22451025,0.18488272,0.25693056,0.2017125,0.24333575,0.3521359,0.3181608,1738.8802794251499,756.3939982646162,1907.2670832046538,399.1087815590377,3424.7701905996228,1531.456237221273,0.08241794760247487,0.047737900280557403,0.09655079,0.040971447,129.19921875,country.00024.wav,country
-200.6344,63.532192,119.69184,31.622902,-3.590749,17.507938,31.953747,16.485806,9.979258,14.297231,15.293263,13.224657,0.64658076,9.956053,0.23592453,9.776586,-4.4701905,8.584156,-2.3123803,9.073681,-5.2613406,8.01617,-2.4783907,7.311032,-6.041272,8.278425,0.372095,0.307026,0.32562944,0.2771566,0.35402983,0.3040764,0.32711878,0.2556653,0.38083676,0.33292145,0.2485892,0.23129402,0.33649343,0.2589097,0.43221113,0.35353273,0.32965752,0.26118287,0.3278933,0.34198862,0.29511622,0.23235512,0.43828115,0.33745158,1565.155663257242,642.397839188714,2016.0878279617248,386.7492197623736,3188.704332674739,1412.5895277020584,0.05727693892594741,0.03975227013680062,0.07988017,0.03366641,73.828125,country.00025.wav,country
-194.2351,55.89663,151.79347,31.170961,-3.0450046,20.1254,29.494707,18.175022,9.111862,17.051296,5.969347,12.174196,3.7879229,12.210982,3.7599015,12.148389,-5.853435,10.545422,1.5923067,9.905827,-3.765781,9.800664,0.94019234,8.188623,1.9712701,8.463953,0.34045184,0.28700608,0.2998252,0.2261505,0.4791754,0.3539798,0.29208487,0.21613981,0.24041428,0.24184714,0.1940008,0.18227662,0.34484667,0.29961973,0.38079828,0.3509663,0.2623551,0.21768759,0.4149317,0.34241346,0.28333205,0.2044089,0.42607108,0.3387239,1270.301226914328,521.9478808285717,1702.208123239175,365.8921935793428,2498.1929628589037,1262.9777227602694,0.05480418902262181,0.02995744781804147,0.10050229,0.036165662,107.666015625,country.00026.wav,country
-100.76679,43.99696,106.98421,21.141598,-27.158413,23.91836,29.09983,15.363878,5.039681,14.893009,-5.423927,11.337366,3.2426603,10.86531,-5.179371,6.854955,-5.1185827,8.317188,-0.8158502,7.6694946,-3.8342147,6.696285,-2.705255,7.187864,-6.645411,6.5281916,0.26727608,0.22798222,0.36429122,0.29583058,0.3319756,0.26525107,0.40060532,0.21715978,0.5926683,0.32774994,0.39323115,0.24466051,0.32996452,0.26408628,0.28913432,0.22513333,0.4509738,0.2689758,0.56268466,0.32866028,0.36107722,0.22601256,0.35789546,0.31355673,2011.7251476004385,425.5235174375416,2140.448308361406,410.21374436306894,3907.7517763921114,1050.48344176124,0.09735036615429234,0.03059209358264315,0.11655147,0.03204946,92.28515625,country.00027.wav,country
-169.22511,40.050114,132.78679,18.368755,-13.487547,16.340187,31.186213,12.688389,6.340469,12.717646,-3.7556653,10.193198,-2.0590014,8.645435,-3.6253164,8.379695,-4.56124,11.473911,1.2809825,8.450694,-6.97704,7.577363,-7.2528353,8.986695,-1.3950256,7.603407,0.22448868,0.2545932,0.34386247,0.2955984,0.41307896,0.32785705,0.2715223,0.23518157,0.34005466,0.33732462,0.32426375,0.27575386,0.4487859,0.32566038,0.3651335,0.29719654,0.2731204,0.24958193,0.36588416,0.34578696,0.21594718,0.21741372,0.23324952,0.26746276,1474.2739870616333,348.478697580094,1886.0071281542077,278.6026526393599,2925.9676125652554,772.4731841127058,0.05981539721094354,0.024364100367692636,0.09406918,0.03087018,89.10290948275862,country.00028.wav,country
-171.242,47.417877,160.48726,24.779217,-17.805805,21.968355,30.491003,13.315331,7.5109696,13.601813,-8.247462,11.6350975,-5.667516,8.538166,0.13154978,8.519119,-8.835052,8.753199,-2.655703,7.243915,0.71199787,9.728872,-3.7818263,7.602925,-6.502074,7.5223813,0.26938057,0.26006263,0.39480573,0.3387189,0.31846076,0.25741035,0.3748523,0.3481688,0.32284835,0.25063783,0.437432,0.364214,0.32814226,0.29804304,0.25167623,0.23002207,0.39332706,0.34794873,0.2615905,0.24023382,0.20934594,0.2752989,0.1578252,0.18034962,1214.2001323890852,382.79519638231704,1555.577737612877,391.59807915817606,2274.3092689602668,977.4093454110398,0.054210547781322505,0.021578027202080904,0.11706559,0.045031648,89.10290948275862,country.00029.wav,country
-277.10757,62.062286,128.25293,29.72204,42.425163,16.932245,37.693504,9.986594,12.766559,11.046598,9.593898,10.212848,-5.988017,10.154007,-7.539555,8.678081,-8.03414,9.366139,-4.942542,9.470959,-6.532016,10.265464,-3.6276443,10.89585,-7.2275624,10.749701,0.04743941,0.0722515,0.1303022,0.16455911,0.34815407,0.37687156,0.17619422,0.15027545,0.22960673,0.3709594,0.14567664,0.16475117,0.26103708,0.3149118,0.27845505,0.318531,0.2221617,0.1888415,0.5091872,0.44359952,0.20452732,0.1733931,0.103744,0.21211305,1240.7101460307977,580.1642930152541,1997.01199708467,534.3176701184442,2413.3841176044084,1908.0476528403078,0.0428343121616396,0.015187194855981684,0.07958206,0.04654333,161.4990234375,country.00030.wav,country
-130.48167,46.51578,104.1242,28.989712,-19.271059,17.569689,34.147877,12.028624,5.397541,11.988853,-2.171723,9.471296,-0.7280454,10.555423,-2.9078915,10.003331,-5.4620857,8.219693,4.0693655,9.125436,-4.469832,7.674704,3.5257306,8.2433195,2.148122,7.6932154,0.54776794,0.36289933,0.2592791,0.20058706,0.2713653,0.2699796,0.16810736,0.18238758,0.26454106,0.20789263,0.35276955,0.33248693,0.26718062,0.19172026,0.49042037,0.36389267,0.2489525,0.19606346,0.31300354,0.29159778,0.29037964,0.29468265,0.2876432,0.21913083,2053.1842219986365,718.9763131762862,2187.743333767352,456.06999646748045,4094.547733740574,1425.5437773706087,0.09532511298820573,0.04942355121479075,0.100796506,0.035191868,112.34714673913044,country.00031.wav,country
-237.93953,68.26266,97.7333,31.357576,6.486745,18.947329,45.971268,14.688397,2.1488123,14.43408,16.21856,8.721006,8.811721,9.647654,7.7636333,9.324366,-0.5899204,9.47362,4.483779,8.407532,0.149199,7.499089,3.019927,6.8975863,-1.6625812,9.725168,0.376821,0.28627655,0.28788033,0.2883191,0.21328081,0.21460609,0.2994995,0.25249377,0.4909486,0.38546762,0.34727505,0.2841143,0.2859063,0.24682781,0.21514772,0.20030841,0.27332547,0.28470373,0.311268,0.3183373,0.34608528,0.28387368,0.52545804,0.3536393,1823.2405420958114,740.9905760912036,2205.841484150421,462.0039835169779,4016.0006706786544,1497.520164549324,0.06758635742942769,0.04506599928747342,0.060507,0.034884866,99.38401442307692,country.00032.wav,country
-133.27147,64.51259,78.98,27.261812,-5.6516805,21.782005,35.54217,19.32942,-7.5470138,12.799704,7.928213,11.442957,2.7289069,10.932721,0.40225086,10.453263,-1.1442518,9.424649,-1.1125528,8.541792,-7.844962,9.417527,-1.1714913,8.473962,-4.817747,7.9909654,0.23748973,0.20953758,0.25401774,0.2705064,0.20563088,0.21185866,0.36495107,0.32593456,0.35451365,0.3294968,0.29218113,0.24145456,0.46413228,0.3788567,0.2806306,0.23904562,0.35664397,0.3272147,0.24372464,0.24328658,0.29408526,0.24800225,0.45420244,0.37489438,2456.7182165816203,675.6496871847329,2387.4975939529986,391.55037399458723,4914.87450832004,1264.115568979493,0.12363183065061871,0.056650630311935415,0.1045934,0.048042614,92.28515625,country.00033.wav,country
-153.86862,53.393867,83.66914,28.959492,-8.426157,25.066092,13.954346,12.961669,13.531212,12.183113,3.7665932,14.575665,3.009783,10.355997,6.355866,8.752012,2.077902,9.403319,2.068881,9.318497,3.1684868,9.879178,-0.48438066,8.6701145,-3.0256162,8.936624,0.2783804,0.27430472,0.35348272,0.27579853,0.45321772,0.34832665,0.35154757,0.27148247,0.39548224,0.3210447,0.3509975,0.28920776,0.38176826,0.30373043,0.32662037,0.29533848,0.30367398,0.23591274,0.4958729,0.36024088,0.32399076,0.25758544,0.2952089,0.29135907,2614.3440997684415,889.6857367931707,2655.9285724653673,526.3650090091518,5435.626631380511,2000.6851472416129,0.11928223789153132,0.058063112630528865,0.07823296,0.03988253,135.99917763157896,country.00034.wav,country
-120.41707,40.89488,95.35442,26.767805,-6.02527,17.823956,25.163818,17.26995,20.953634,15.031286,-7.1270046,13.70718,8.549671,8.9818325,2.4336689,9.887413,-14.656027,9.459214,9.28693,11.859411,-2.3609252,9.381613,-3.1556685,8.321106,0.61143744,7.161509,0.4254257,0.33537912,0.29908574,0.21834661,0.29396006,0.2627365,0.27789575,0.23564789,0.46206945,0.3058039,0.5493124,0.3431079,0.3383691,0.19991064,0.3834205,0.3082767,0.33362997,0.22136848,0.42962444,0.30320433,0.39547983,0.29358864,0.322289,0.22136694,2321.8879492685483,737.1359853764919,2545.383232254306,394.8167749347884,4580.651883791328,1628.2551468671345,0.10436530234918794,0.05056130399384196,0.099928215,0.03388729,99.38401442307692,country.00035.wav,country
-339.64667,83.435715,97.738594,33.67619,-9.763496,26.34461,50.972683,17.166664,7.8148556,17.457613,11.721101,17.07972,0.673925,11.5359745,2.4926813,10.071612,-4.7740016,9.201054,0.2095192,8.800935,-5.979658,8.625495,-2.9014666,9.096632,-6.1582875,7.412502,0.3695345,0.23434597,0.59667,0.35126555,0.36558664,0.23281729,0.31230614,0.25845736,0.21815614,0.20185296,0.30131674,0.3057624,0.19629577,0.19288427,0.31410417,0.23360424,0.62024105,0.37062812,0.3653254,0.2545486,0.2452859,0.24726403,0.23140934,0.20360202,1827.8001725934416,757.8131667821444,2050.2592014517736,369.36432853410696,3647.521434527262,1510.813795304342,0.08486652890564579,0.06113774830600135,0.022760969,0.016005535,112.34714673913044,country.00036.wav,country
-173.44347,50.88435,105.07096,32.122383,1.1555927,21.18945,24.1155,14.586756,22.134285,16.417109,2.5480728,14.035989,-1.5893732,9.834251,0.16644405,8.283588,-5.3277473,9.719775,3.8132274,8.614875,-4.5264587,8.708799,-4.5881543,7.841848,-1.5657426,6.892832,0.3346685,0.2771457,0.39903402,0.29638845,0.3363299,0.22833532,0.43355486,0.3524673,0.35396516,0.25033957,0.393063,0.30263513,0.3393726,0.26684433,0.30340067,0.23791105,0.41531774,0.3293411,0.3970632,0.2732652,0.45696753,0.34823093,0.3245796,0.24057893,2068.662126290897,823.9179529976985,2437.6024358625427,478.9292486111375,4232.98974269504,1882.4864589075746,0.08496433620939675,0.0508351558155718,0.07204812,0.028464831,99.38401442307692,country.00037.wav,country
-118.0589,43.0299,74.18071,24.011665,8.265662,17.445585,15.447167,14.437296,6.1578817,9.796966,8.441981,10.430053,4.1116734,9.541982,5.726584,8.816996,-1.9592637,8.908164,3.1633985,9.16318,5.048196,8.068733,-1.1217973,7.550525,2.4379733,7.460619,0.4962264,0.33679065,0.37055594,0.27545044,0.4321274,0.32275528,0.3408618,0.25091654,0.42038703,0.33003932,0.3270379,0.2638239,0.36279577,0.27597794,0.3941804,0.3023422,0.24619113,0.20198458,0.28536665,0.276829,0.2886069,0.23632202,0.44271994,0.30673495,2860.0275833530027,720.9866648653206,2919.6222345104266,383.85387160062913,6246.1527176080335,1464.4019668415845,0.12114926225348027,0.04497124878020468,0.09088994,0.030456413,151.99908088235293,country.00038.wav,country
-89.70955,44.35075,36.28278,21.365265,11.465646,17.990696,37.4974,14.295045,9.179834,14.070949,3.7314453,8.131128,2.8276622,10.670768,6.81722,9.288918,1.4637537,7.736718,0.09840076,7.5682335,1.0316733,7.4321804,1.1726795,7.099996,-3.5680354,7.320829,0.43053254,0.23872647,0.6495246,0.30191132,0.45897612,0.26074046,0.45078602,0.24889916,0.6284804,0.29974896,0.38018218,0.21392949,0.3937985,0.28505632,0.34629187,0.2325343,0.39520103,0.22782971,0.48073384,0.3054615,0.29234496,0.17209986,0.34590137,0.22208804,3760.408113053086,765.7338558491481,3052.8443953202923,357.24198008764006,7442.153116389936,1314.9639874701213,0.21236722375290024,0.06241884193221471,0.09632568,0.027601559,123.046875,country.00039.wav,country
-102.86877,57.478394,85.338524,20.530495,-4.320379,18.644487,30.584402,14.377264,3.0148714,14.470995,-1.9487438,11.499812,4.437098,10.331686,3.4139795,8.113822,-4.258278,8.995258,-1.7707374,8.011388,-3.9678407,7.7372427,-1.3573309,7.547405,-3.7603476,7.6818943,0.34974477,0.27756724,0.41964886,0.2770651,0.56217027,0.35496163,0.34449494,0.21556295,0.33534634,0.28640494,0.24094567,0.21079852,0.34119833,0.29342073,0.42850578,0.340738,0.355064,0.2524509,0.4327652,0.31866106,0.29370844,0.21176068,0.37786633,0.30912605,2449.7536777060777,546.6097185358038,2560.4589639124774,350.6826399615053,5042.957930775087,1267.0957587928135,0.10630558778035576,0.035843442523193735,0.10900008,0.03893346,143.5546875,country.00040.wav,country
-111.62214,51.363377,82.249146,28.395105,13.051351,19.767878,31.925335,13.17626,23.684826,11.878426,-0.5329458,11.640153,12.03311,9.095706,3.66216,9.661196,-5.7393713,12.436665,3.3419154,7.6051254,1.4315193,7.67488,0.77138203,7.0202155,0.54974717,7.234883,0.3631429,0.30935743,0.347721,0.26427257,0.38769755,0.29059687,0.4304453,0.24117617,0.48979113,0.3050045,0.30003107,0.21776746,0.27514315,0.23351492,0.33119687,0.26648954,0.47208795,0.26309124,0.61762166,0.33786014,0.40211305,0.22617719,0.38600135,0.2953106,2634.223606489956,905.8720436398293,2898.649215130567,483.24529520669523,5808.127730296549,2134.7693317306234,0.09586022090100542,0.05357424557559377,0.11321748,0.024175415,129.19921875,country.00041.wav,country
-101.28794,39.194233,84.11575,18.718828,7.7757306,14.519551,30.372738,12.00564,13.849443,10.68395,11.625496,9.123453,-0.11909639,7.367267,-4.9368935,8.87377,-2.364723,7.3546224,-1.968338,7.5053144,-8.188103,7.150939,2.8200758,7.757481,0.5401414,7.8126907,0.45231035,0.32742298,0.43192592,0.29814106,0.41733205,0.31413972,0.32561538,0.2273781,0.4133822,0.30191553,0.30981147,0.23930933,0.24323392,0.21595432,0.31314638,0.27711043,0.37767154,0.26266572,0.54947454,0.32824817,0.4559852,0.27257624,0.4099899,0.28182676,2387.97203880899,588.0501503576145,2716.6177620554517,345.2071485501846,5391.869097574681,1282.7154021031754,0.08704434636020882,0.035701332760299895,0.11766618,0.022288043,103.359375,country.00042.wav,country
-101.192665,51.699955,85.44991,24.62872,-19.70174,17.734346,20.570631,12.74429,9.992322,13.031935,7.598467,9.033924,0.10015638,11.403439,3.40321,7.904647,0.056307457,8.513345,1.5763917,8.57055,-1.4527315,6.975785,-1.2911735,6.660441,2.1356745,7.3863187,0.36353543,0.27425393,0.37590146,0.2496134,0.5015632,0.3089346,0.34070602,0.23422554,0.38907105,0.29249418,0.2987216,0.23652548,0.41676024,0.28222218,0.4250815,0.32546997,0.39553982,0.24032672,0.65969294,0.31556442,0.3163146,0.1960451,0.3545475,0.27094477,2530.4998439482647,626.4748195621297,2491.290219955262,365.33146689516656,5070.286613163428,1350.9132729983733,0.13428527407192575,0.04712216435979457,0.094972506,0.038286835,135.99917763157896,country.00043.wav,country
-162.78079,71.26001,119.890144,33.884674,-2.9078407,20.375196,20.508928,17.754868,27.810158,16.059519,5.4901705,19.54146,6.040869,11.196459,1.1912667,9.268328,-3.696575,8.6931505,0.35227898,8.623557,4.4168353,9.551773,-0.41024768,7.424263,2.4561374,8.607969,0.2956183,0.23940024,0.3605746,0.32657495,0.2692472,0.21329173,0.44638532,0.33528432,0.39330757,0.29722703,0.25788835,0.19598413,0.4102812,0.34984097,0.34494567,0.2398683,0.45832077,0.3183669,0.39692205,0.31976965,0.33280054,0.24440366,0.3548716,0.29360422,1729.7885870910534,749.3064448375856,2247.6077330866415,551.104846100424,3359.5210878589037,1728.9914651135493,0.06650367966937355,0.03920999111209752,0.11364318,0.037610516,78.30255681818181,country.00044.wav,country
-61.222664,48.440395,71.25142,25.520355,-17.037924,21.633976,17.114265,19.953503,5.0512624,13.889394,-4.2119603,12.922736,-1.6805953,11.861156,1.1818883,9.873114,-0.8543821,10.998271,4.967768,9.201257,-1.7029345,9.381796,4.8418956,10.110262,-0.16024244,7.8714013,0.31099436,0.30457908,0.28934714,0.2935093,0.3232524,0.26221097,0.54412884,0.35513332,0.30419478,0.24055114,0.29188737,0.2952399,0.25815445,0.24506296,0.38453794,0.3238569,0.45315894,0.35786495,0.31755987,0.25582877,0.38529843,0.31934685,0.28392473,0.23863508,2777.4882405051285,728.3628545668748,2647.8062084161784,344.68971744208073,5622.539164461282,1397.9640812729053,0.13297072880413766,0.05913091034776759,0.14658697,0.042216536,78.30255681818181,country.00045.wav,country
-126.90665,48.008244,103.49357,25.756449,-31.897821,19.109583,58.728836,16.659393,-1.9615221,16.0997,-3.1359189,12.274769,-2.9429367,9.931262,0.36023772,9.489993,-3.034348,11.759304,-0.8273261,7.583908,5.5868716,11.274604,-10.137715,10.407071,0.7289897,9.350861,0.23344673,0.22022255,0.3672983,0.2631813,0.40671298,0.3279515,0.35911888,0.22763065,0.55667865,0.33106512,0.45478675,0.3007406,0.40137786,0.30217102,0.33290392,0.27492458,0.42736316,0.25802517,0.48407063,0.32350543,0.2593348,0.20862636,0.20701727,0.22318587,2109.417730689385,546.821887791784,1933.8314274427828,293.6028347714252,3843.893255601073,905.2622610539997,0.11588466139791183,0.04759764384627627,0.10329493,0.033262044,78.30255681818181,country.00046.wav,country
-165.54424,42.12504,117.90447,25.004303,-33.605473,15.566286,42.598927,16.521793,-1.3801006,11.0591755,3.827964,8.781401,7.166964,8.865929,-7.171045,7.850259,-1.6472125,8.158205,0.8621202,8.194997,-12.5100975,8.674479,2.884921,7.485663,-12.365843,8.59459,0.46702397,0.38409513,0.25875902,0.19812614,0.34672615,0.33893168,0.23274197,0.21639204,0.28663477,0.25078508,0.26811904,0.2749906,0.26434636,0.20412189,0.53059644,0.3611546,0.31962034,0.24650533,0.25658807,0.2624311,0.19213814,0.20629382,0.29996178,0.24635832,1784.0387310049896,446.8392155872026,1840.0082750714125,273.0424867929941,3556.0594456931553,938.2959844902069,0.09410006706786543,0.04013074662689404,0.09062656,0.03128315,151.99908088235293,country.00047.wav,country
-148.98796,72.3028,107.2436,26.477371,11.189903,19.848291,26.696136,14.595348,11.397693,16.327936,-3.8045833,14.20146,14.0203285,9.584527,-5.8768187,9.498492,-11.0484915,9.935192,2.7971046,9.205666,-8.450597,9.103101,3.1810462,8.181922,-0.7678391,7.7668605,0.3248612,0.32095423,0.27760234,0.27413893,0.3296493,0.32336462,0.27966544,0.2793772,0.2964971,0.26106995,0.49741188,0.3822702,0.27589852,0.23348144,0.22075883,0.27423754,0.18930568,0.19018301,0.2688615,0.25050604,0.43835977,0.37693167,0.33557463,0.26252353,1939.8088633748253,649.51926464752,2482.5238380341193,404.2116027917231,4126.805904237964,1536.6215404387578,0.06396371084686775,0.03403418003821703,0.11688875,0.045811143,117.45383522727273,country.00048.wav,country
-110.04325,47.456867,134.77678,28.807137,-24.017365,16.502432,19.40414,11.895525,-4.402763,13.6697445,-4.810312,10.551512,-7.802366,9.990389,-0.3913303,8.181527,-5.4069877,8.399429,-2.9562922,7.6250224,0.7801952,7.6607203,-4.774832,7.5441957,-0.17851049,6.7028103,0.29022902,0.2609741,0.20588258,0.20027784,0.43984473,0.3509286,0.3248037,0.26265708,0.31474912,0.32285756,0.24294636,0.23776485,0.3033044,0.2714304,0.42531514,0.34921026,0.26950216,0.23059857,0.33055443,0.32175815,0.30552894,0.26387465,0.43392166,0.3570414,1599.911202685332,495.9675708052045,1826.2848279513296,359.5667246648145,3006.7296145410382,1091.6973994862697,0.07579197481631864,0.028130328389056047,0.14351887,0.041094672,112.34714673913044,country.00049.wav,country
-143.05974,50.526722,121.874374,24.54829,-13.355456,19.15662,47.767853,13.972028,-12.669741,14.043781,23.367556,10.5870905,-11.009172,11.864386,18.85914,9.935286,-13.707747,12.040947,15.945983,11.033892,-11.358796,8.744721,10.289537,7.9508357,-6.009821,9.263024,0.47680998,0.36135265,0.29756504,0.22018273,0.38705423,0.3341035,0.30831897,0.22723442,0.39852044,0.31831154,0.3019453,0.28730223,0.2691239,0.23267266,0.416596,0.31076843,0.32827437,0.23042846,0.44525605,0.35842776,0.28262922,0.2351151,0.3016245,0.24032712,1780.2063536153119,627.2919627073505,2036.274218634949,400.108908580209,3875.043956641531,1365.4126415701896,0.07894522186774942,0.04593055620466915,0.10936974,0.031489916,117.45383522727273,country.00050.wav,country
-204.64368,51.527554,121.91709,26.549353,-17.759083,16.933874,46.325153,12.78254,-1.8045661,15.141656,17.01744,12.018298,-14.691548,11.748498,14.671547,10.321303,-19.392052,12.050719,10.927665,13.132771,-13.47539,9.351424,1.1953375,9.5681925,-6.2094746,9.319336,0.2253894,0.26049253,0.12675166,0.19563036,0.101405665,0.13201687,0.2287484,0.23853417,0.3806269,0.3693663,0.27880785,0.26551408,0.29369187,0.3384437,0.2461697,0.24375609,0.40156907,0.38718367,0.3786023,0.36416173,0.2741121,0.26764593,0.3599334,0.36066136,1553.0252624967882,611.8018310707365,1848.587709670697,368.22160677123856,3167.3210126341355,1202.5922043425421,0.0592791563950116,0.043583448794653604,0.09030824,0.028782016,64.599609375,country.00051.wav,country
-265.2709,57.498917,138.86661,25.233839,6.1286917,16.991524,47.477863,16.492868,-2.3875468,19.324865,21.05125,10.498346,4.0907435,10.295286,17.650291,11.233549,-12.018802,11.763103,15.490483,13.516004,-1.128818,9.219291,7.8953543,10.386736,0.5013678,9.472949,0.46255738,0.37159917,0.2576036,0.20713748,0.22323152,0.23596628,0.25554013,0.21781331,0.4441524,0.32348156,0.5458829,0.39401895,0.35554233,0.2553278,0.39455283,0.31525746,0.27738583,0.23210393,0.26230913,0.25679314,0.20410019,0.21418847,0.26425627,0.21683434,1115.6797010252174,479.3514403391424,1662.9949935239665,375.0723031164477,2347.685365610499,1210.6055670593,0.03546288911446249,0.024980344024464685,0.06949131,0.019811114,71.77734375,country.00052.wav,country
-84.68879,37.441086,100.969574,17.758968,-16.019012,12.365039,51.744453,13.261553,-17.08682,11.213327,22.575502,7.4834723,-20.29776,9.266408,18.909782,7.752391,-19.486067,8.434134,15.338605,9.187106,-17.739527,7.636441,8.58395,6.738104,-15.003451,7.665073,0.28581655,0.28613704,0.3245839,0.27812615,0.38036454,0.30363482,0.3685509,0.247155,0.5988276,0.34788576,0.34196955,0.21096961,0.3064315,0.2832741,0.35655364,0.28645217,0.34626344,0.22125484,0.5380677,0.3336452,0.35119575,0.23982592,0.2820831,0.2329307,2271.8519286411943,491.0071199703859,2297.3720365951885,246.3637836311745,4957.865973027842,959.2267058101057,0.10830818288379737,0.03519430968960226,0.1335271,0.033587,89.10290948275862,country.00053.wav,country
-175.00964,39.749554,115.713554,23.740242,5.1007943,12.814532,58.16809,11.133899,-3.307456,10.5190735,29.656008,9.443946,-10.033722,8.973631,19.65937,9.926904,-16.311836,10.091242,13.744991,10.468621,-8.834571,7.4357667,7.2225156,9.605041,-8.883326,8.820937,0.2526562,0.30600327,0.20944957,0.19104612,0.4057095,0.3318276,0.39871696,0.3578924,0.3007652,0.22968146,0.32187432,0.33215192,0.247971,0.21362524,0.35138345,0.33531916,0.31067434,0.31836352,0.3010016,0.23421071,0.4088121,0.35636255,0.24370852,0.21249522,1654.4094237766933,555.6412762112067,2105.4593581100467,368.13907990483557,3907.9599473426624,1332.04628183309,0.06018472363205723,0.024969711170126436,0.10427781,0.02998709,75.99954044117646,country.00054.wav,country
-82.9455,39.023106,122.53112,19.149372,-16.672253,10.913532,40.01724,9.644005,-15.014211,11.706031,21.675642,8.967201,-18.251837,6.8073874,18.362713,6.4074407,-17.989063,8.091748,16.989254,6.859502,-16.042936,6.3091226,8.533768,7.6994057,-8.709853,6.8135734,0.3025184,0.21833733,0.31253546,0.29448405,0.26011574,0.21946426,0.4058381,0.29538316,0.46981743,0.3124718,0.2761579,0.21866766,0.316247,0.30730858,0.29551,0.23551948,0.4782441,0.36180004,0.37018818,0.2825689,0.32471702,0.22808562,0.47351387,0.3331077,1881.2205095617792,401.48377867148884,2116.164563170347,291.72807501553024,4111.442888087297,1060.6731820432192,0.08111548663476412,0.023311309511614562,0.1549709,0.03855246,129.19921875,country.00055.wav,country
-164.78546,68.95869,123.44315,23.700504,4.22473,21.984795,48.800877,11.135424,-5.1533303,15.496128,22.848055,11.90659,-7.809706,8.869422,19.28812,8.941199,-11.021053,10.377965,21.256647,12.31182,-9.741074,8.064379,5.161778,10.27268,-6.143532,7.261084,0.3617763,0.32206705,0.24791834,0.2431329,0.20804338,0.24362123,0.15534441,0.14030035,0.27228972,0.21747768,0.60477567,0.37311128,0.36410645,0.22969864,0.28827342,0.27939034,0.27749565,0.22939886,0.43247533,0.32119608,0.37617025,0.2985938,0.24088566,0.21987765,1468.4574659783882,538.5625229155106,1960.4811504411473,402.908009177566,3212.660645664153,1403.9671777845535,0.05492503202339521,0.03177895839752675,0.13616844,0.045040473,80.74951171875,country.00056.wav,country
-137.86005,66.239075,121.520035,22.591185,-13.279323,16.314463,43.328953,13.413635,-10.695389,12.719094,17.859846,14.193015,-7.950051,10.19698,9.101156,10.471771,-19.791092,8.053014,9.442091,11.091997,-19.604746,10.281045,6.9056215,7.749645,-12.5497055,8.778099,0.28782758,0.27130058,0.35800576,0.31529525,0.23301052,0.19811402,0.3692229,0.34672087,0.23074485,0.21620782,0.24855654,0.28110805,0.26386195,0.2656875,0.27935556,0.18455869,0.56254977,0.38130963,0.39826208,0.25249833,0.3338307,0.32954794,0.2155632,0.23297529,1741.8884862826515,572.662644639261,1985.7526618758286,399.289851954296,3791.309273491879,1316.9259844174546,0.07544530645784996,0.03720220431409177,0.13006952,0.048536304,67.99958881578948,country.00057.wav,country
-101.2983,57.717632,120.435974,20.069595,-0.41283745,19.610348,49.03769,12.983751,-15.870198,11.2927,19.87758,10.447958,-13.09662,10.268866,18.572926,9.034722,-15.718034,10.036633,15.2437315,9.668351,-5.916708,8.742963,6.655968,7.422124,-10.362753,8.318471,0.32264024,0.3024235,0.2128658,0.1886809,0.31858045,0.25395688,0.5221745,0.3789434,0.34628904,0.23663607,0.41033733,0.32728687,0.2865721,0.24044487,0.31664035,0.28398865,0.26905036,0.28249842,0.2950213,0.2083704,0.5648797,0.34966558,0.31370997,0.20306347,1796.7119762329241,517.4868472868246,2148.5828916129603,355.6564605629231,4165.017763921113,1272.8293705331798,0.07328712599091261,0.032089556318933066,0.16378078,0.049899273,112.34714673913044,country.00058.wav,country
-185.06337,85.585304,120.51211,36.39498,29.720224,20.95872,56.37222,20.784124,-3.028255,18.738523,22.213934,13.288683,-10.350044,17.195574,20.053122,12.009142,-13.679165,12.173957,9.170145,10.965953,-6.4301715,8.608125,3.3002465,9.4351015,-8.73294,10.253347,0.1875259,0.28200412,0.13427402,0.18783848,0.21459076,0.20932703,0.39444235,0.35545832,0.2574758,0.2152784,0.32046244,0.3570131,0.2748153,0.23329744,0.44903752,0.33591577,0.42779395,0.3443145,0.29035112,0.25698507,0.28884524,0.3230491,0.17292339,0.1860885,1535.405936256092,750.8041741452868,2011.7598763199053,564.8811249932568,3510.478334360499,2015.382801607486,0.0525349840487239,0.031109695942516075,0.14542289,0.048798997,135.99917763157896,country.00059.wav,country
-178.47949,61.656662,130.10803,31.765778,12.076066,15.68028,47.04983,11.170612,2.611667,13.130821,24.099432,11.075733,-4.625375,10.362088,22.778528,10.146227,-10.929766,14.281236,13.5343075,12.009385,-6.806915,11.455192,8.726394,9.817099,-6.0959067,8.942176,0.48702085,0.37670448,0.2703115,0.19431162,0.2319967,0.2556724,0.2198602,0.1708363,0.35275185,0.26039,0.49080598,0.3756047,0.41966188,0.29337466,0.4470365,0.33589426,0.3326267,0.2867726,0.33117312,0.300219,0.24757719,0.21401119,0.2743957,0.22937962,1373.6283725007315,722.2646189642528,1930.5879081818048,547.641398554225,3070.4965401138343,1846.3447473378944,0.04291625882153906,0.033462551658240754,0.14097315,0.041448854,69.83741554054055,country.00060.wav,country
-186.33115,68.18988,135.86916,28.98886,5.9504013,16.135422,45.837704,12.016626,-5.776936,13.343953,22.777603,9.690439,-12.992676,10.443976,17.125881,10.431275,-13.762872,11.46381,9.738707,10.784752,-8.365436,9.198302,6.6548285,8.632247,-9.0857115,7.851694,0.15066569,0.17311202,0.29893413,0.26924643,0.43747196,0.36341104,0.2556981,0.20267163,0.2916077,0.29342788,0.1594976,0.15165573,0.23850405,0.27271876,0.289342,0.30535778,0.39235628,0.1958173,0.67754346,0.3487774,0.35227218,0.19191018,0.23103444,0.23947924,1397.8552412349427,615.0726054997217,1896.1999666670195,497.7497474638346,3101.2558797672564,1662.1159386972367,0.04858304028905646,0.026545364745759862,0.1072092,0.03772765,60.09265988372093,country.00061.wav,country
-94.15291,40.124424,109.18758,19.23184,-11.854671,14.206118,41.572716,14.365393,-19.4826,10.631488,23.833261,10.212764,-19.930464,9.194509,20.372795,7.8233423,-17.291353,8.635353,16.565329,8.78734,-10.201443,8.844315,9.387508,6.654774,-10.049828,8.590096,0.3350047,0.27509835,0.38690442,0.26502076,0.57661176,0.3670652,0.4264224,0.2671697,0.44247198,0.2943682,0.39887273,0.3065541,0.34677026,0.2646065,0.31443164,0.2631603,0.36114246,0.2367212,0.5273614,0.32460445,0.28203285,0.21332839,0.28567228,0.26039645,2166.6058738727033,532.4691809374394,2277.452693095105,265.60648827992225,4793.95216656395,1044.320976217966,0.10233551757057231,0.03932384165474769,0.13012476,0.037989214,172.265625,country.00062.wav,country
-185.41428,74.83303,118.49516,36.159008,17.795778,17.82605,48.869015,17.98744,-2.1734655,13.862518,21.354282,14.559921,-8.994565,13.801116,20.53351,10.372615,-11.412323,13.455803,9.274986,13.39217,-5.4781685,11.106911,5.7618504,10.687307,-2.9883935,10.829102,0.29379308,0.2590475,0.38006344,0.31106213,0.4755396,0.36676717,0.33289248,0.2711542,0.37837547,0.36886036,0.28747347,0.25030166,0.38613668,0.34431094,0.28192317,0.28871953,0.21917637,0.24207982,0.28369632,0.2951174,0.29944646,0.2739566,0.38871074,0.33462682,1614.587918187712,775.5994335757276,2016.5163398799498,575.4819492540942,3657.9216552167923,1904.3417650971608,0.05825803303847641,0.03559296695653856,0.1314034,0.049243327,83.35433467741936,country.00063.wav,country
-217.81781,58.851395,128.37343,25.641981,-7.5112424,16.270964,39.284595,16.115147,-2.541402,14.299473,18.173687,12.922343,-15.148812,11.363038,16.760803,12.1517315,-15.247553,9.866117,4.8962364,11.925168,-6.500653,10.4310055,2.9013946,9.389291,-11.492002,11.006336,0.31386507,0.3194564,0.21534267,0.21209522,0.23614147,0.30092543,0.25621927,0.31175858,0.33203503,0.29567966,0.5466319,0.4011927,0.27874145,0.2446894,0.28737745,0.3496307,0.21055685,0.25959742,0.19269094,0.29114106,0.15370908,0.21135305,0.13852769,0.15409836,1511.6824075794038,444.6544939725618,1865.1117334500536,381.89938532107817,3237.6494865683003,1126.0707336173784,0.06007520966260634,0.025862668230930835,0.08254984,0.03175703,66.25600961538461,country.00064.wav,country
-250.85716,72.531944,163.07423,26.468159,-3.8745751,31.072037,30.153006,19.66943,5.589061,20.900166,7.5009403,12.1250105,4.0263863,12.606259,-2.1164129,11.332555,-5.477513,11.889527,-1.0621209,9.74512,-9.981778,10.18795,1.8189912,9.046512,-8.753831,7.2634687,0.24510676,0.2490442,0.22748657,0.3000382,0.14052318,0.19648162,0.2042217,0.23855041,0.31658256,0.327323,0.28536588,0.25626504,0.35695907,0.38698265,0.27859592,0.2584391,0.37638113,0.35835192,0.33463815,0.353599,0.26729372,0.24639253,0.36024842,0.37970454,894.539232530137,402.6338207435702,1195.985254819665,317.5840292853347,1639.8291921947505,925.9816203243904,0.0386682497099768,0.021038074796274533,0.11052865,0.062331207,123.046875,country.00065.wav,country
-102.481804,43.934986,135.68375,19.169842,-46.884445,14.985796,32.738888,13.956632,-11.159096,11.531579,23.469543,13.299016,-9.779007,11.12255,16.897072,7.9297748,-11.684482,9.246248,13.215306,8.508778,-7.1829667,9.968468,4.7462153,8.627599,-8.193246,7.052878,0.16791385,0.1452303,0.24839333,0.21013531,0.3315837,0.3083626,0.23434784,0.15693405,0.45137253,0.36851877,0.2591571,0.20298555,0.32572106,0.27645543,0.35540998,0.3271038,0.3134726,0.20541888,0.6584515,0.34277123,0.27044153,0.15970254,0.23175539,0.24051182,1701.9620057889863,330.78230570648213,1709.5446449055682,246.27006832738937,3244.6606841828598,775.8530362312733,0.09890433161736273,0.026538035189024242,0.13644499,0.03816751,112.34714673913044,country.00066.wav,country
-328.71906,85.1517,167.03047,30.840105,13.017286,36.112072,28.825632,18.26678,11.25177,21.728582,14.431291,16.365816,11.699713,10.930931,7.8014154,10.900298,-11.720729,11.280654,2.3800797,14.204526,-8.350321,9.718015,-3.8527913,9.36259,-6.7398524,8.575459,0.33969226,0.2795501,0.37171924,0.33979994,0.2966132,0.2566066,0.32516235,0.33833945,0.31916633,0.26862046,0.37908813,0.33998656,0.2531768,0.2426852,0.27752084,0.26383108,0.3787144,0.34592173,0.30872723,0.23467743,0.3397697,0.34438914,0.26649645,0.224828,858.111709711865,534.0104901722164,1238.2195319306365,413.436959374527,1446.105305611949,1251.2241892561963,0.035363948907579275,0.024617110673210506,0.055416528,0.03509575,64.599609375,country.00067.wav,country
-229.49329,48.24739,157.29971,29.65243,-16.750404,17.335169,31.881748,15.248087,-0.10805432,13.730248,16.648754,12.093594,1.357668,10.559889,12.212552,8.655268,-3.8637102,11.611311,6.8358235,10.299817,-4.2673755,8.369984,1.3341367,6.872736,-5.9014387,6.593793,0.24501508,0.21882226,0.38847908,0.278835,0.46139482,0.34736714,0.34271246,0.25235254,0.3290558,0.3191333,0.301663,0.24618593,0.44952762,0.36092275,0.28310436,0.25806567,0.31423807,0.26447046,0.45560002,0.34433436,0.33892873,0.26509804,0.2817527,0.30201152,1131.0769030321617,439.95255051748137,1458.695646588428,401.0309467587729,2216.987316016531,1149.5008509894587,0.050235945959010056,0.022838087331616477,0.0834524,0.040156,172.265625,country.00068.wav,country
-217.11801,51.46424,136.18945,26.41965,-10.36323,15.12295,51.37767,15.795482,2.598726,14.597119,15.119397,10.607983,-0.6796688,12.795798,12.281109,11.194746,-6.229038,9.767023,7.803085,9.527553,-5.412614,9.903919,3.6122782,9.876745,-2.7987618,9.976549,0.20633192,0.19172738,0.3748919,0.2640325,0.57567316,0.35066897,0.33493525,0.22386244,0.2695334,0.25363508,0.22517562,0.21212958,0.33578336,0.27488548,0.33937317,0.31712288,0.37887758,0.25156257,0.5798932,0.34934774,0.3167929,0.23644535,0.28851345,0.2736963,1327.7101968688285,417.9437760799486,1632.7341671284419,261.5873599985049,2755.833658098898,848.3144759257677,0.06107367495649652,0.03181112453107174,0.08714103,0.04694152,112.34714673913044,country.00069.wav,country
-99.33054,51.804955,117.57579,23.85291,-29.873354,15.541541,40.84807,15.300108,-15.25619,11.368261,27.988762,13.102462,-11.962531,11.071346,13.341765,8.538472,-11.372492,8.801254,10.539091,9.37469,-8.746651,8.461279,8.420694,8.489374,-6.837034,7.1656265,0.2973712,0.23717926,0.31796324,0.2734055,0.27134758,0.23057118,0.44126406,0.29659274,0.5798888,0.35694253,0.34415972,0.24645181,0.33999798,0.29540637,0.28010684,0.2419299,0.3960214,0.3051591,0.3840095,0.3078173,0.3052985,0.22462231,0.42496765,0.3270877,1934.7410487910734,500.022643691877,1970.0805807414333,314.08132233147523,4048.308802204176,1117.0652951444054,0.09472278615622583,0.03780862036325661,0.14430228,0.052920576,112.34714673913044,country.00070.wav,country
-185.85483,80.073074,155.27069,33.917038,-25.015509,23.122847,20.559324,16.779253,-3.8406792,23.88976,-0.5795827,13.303341,-4.573758,11.826683,-5.901456,8.416416,-16.531105,10.731461,-0.44806433,12.426897,-16.299582,12.275172,-4.2123995,11.690463,-16.80468,10.505919,0.19654594,0.16397671,0.23051995,0.21866089,0.42506284,0.36217496,0.26807985,0.2152083,0.29553467,0.3401065,0.18941243,0.20298707,0.28687733,0.28439155,0.2861896,0.27649468,0.2584189,0.2521437,0.36206385,0.35987714,0.2837812,0.2201748,0.42912802,0.39085826,1261.49873667509,577.7860557206678,1396.3977374184838,454.48482063111464,2422.3354684781034,1249.7111194392023,0.0605177971529389,0.02984773267511054,0.11837015,0.06269926,143.5546875,country.00071.wav,country
-96.24628,42.314102,131.92442,21.130764,-26.341778,17.30225,35.975468,14.019407,-22.810158,13.382293,14.495447,12.130069,-11.845881,12.898606,11.814582,11.151701,-21.22422,10.08797,11.547977,10.176003,-12.930905,7.497205,7.1881933,9.715839,-13.941332,8.262272,0.24906103,0.19639766,0.48537478,0.31524873,0.37083498,0.306689,0.23568207,0.19189374,0.32926852,0.28925458,0.30311787,0.22420628,0.4971598,0.3703444,0.29908577,0.24387737,0.32502297,0.26291904,0.4969802,0.35218355,0.29677776,0.21234469,0.25215647,0.26148447,1711.3330130756563,409.2836411369109,1873.5437095350364,298.6794376928647,3556.5090949463456,1027.514845003922,0.08226991492652745,0.024405099921138644,0.15660793,0.048733763,151.99908088235293,country.00072.wav,country
-167.00668,51.55298,132.4709,28.163343,-17.308983,21.950579,46.921646,13.815009,-3.6383252,14.218001,20.937962,12.781121,-8.825932,11.160507,8.533768,9.696979,-15.142039,9.765248,8.106652,9.200511,-16.94435,10.597607,6.661936,9.930834,-10.934709,7.2353563,0.36868724,0.19386978,0.30234334,0.29808003,0.24075915,0.20296471,0.34533188,0.24684751,0.3844731,0.32208517,0.29474524,0.17329298,0.45514545,0.31866354,0.34046853,0.23261143,0.38598981,0.31390122,0.36533904,0.29885656,0.3940423,0.24246883,0.6209731,0.34788406,1548.9063873637622,508.34760584947935,1823.557931123347,406.65740732860087,3289.384131199246,1264.283415324269,0.06973622994006187,0.02943026965917424,0.09581993,0.038122047,151.99908088235293,country.00073.wav,country
-207.24358,108.571785,130.93799,28.905178,-18.50727,22.405907,33.30124,19.232628,-3.9344985,21.127989,15.381374,11.223541,-6.3937964,15.394871,2.9486024,11.475349,-16.781153,12.444863,7.0790563,13.542209,-8.595193,11.295611,4.7997184,8.483147,-12.249361,10.93676,0.35178247,0.31897372,0.30713034,0.23958014,0.4947504,0.33832392,0.3416016,0.27650303,0.2651093,0.26226887,0.20205729,0.18642648,0.36185583,0.23469009,0.56345695,0.37577468,0.34192175,0.22266102,0.37908357,0.3257779,0.28283432,0.23242657,0.36833563,0.27943066,1534.0502232319086,673.0358906685328,1696.9819905278114,449.8430224632995,3117.7596727269433,1396.5650028322013,0.07112819025522042,0.04272733342890468,0.08229554,0.05437799,135.99917763157896,country.00074.wav,country
-60.91825,39.81866,105.47954,17.292246,-16.908377,12.434063,40.71572,11.142174,-15.026839,8.039524,36.03335,8.088737,-12.812083,8.25395,17.487259,7.5618525,-16.74124,7.6526036,11.76303,7.5691586,-10.137154,7.413894,13.196802,6.935415,-12.209422,7.3951044,0.21285084,0.21017992,0.2946927,0.25494084,0.31437486,0.29450482,0.40082547,0.26980683,0.63786286,0.3296595,0.30908605,0.20540679,0.34711027,0.27536175,0.4584184,0.32553655,0.38684276,0.23306516,0.547071,0.3168661,0.31803408,0.2198156,0.23534101,0.19978009,2187.1340254846773,389.96160404643854,2241.9570925418125,207.66167874754362,4840.865571980134,788.5594749246902,0.11371855060904873,0.0387194681382021,0.17967275,0.053769488,95.703125,country.00075.wav,country
-183.98438,79.818214,159.79948,44.071453,-23.137691,26.534657,43.02262,24.124971,-9.470626,19.92572,8.825906,14.555404,-1.6558597,13.509422,4.3491735,13.680617,-13.371262,11.643378,0.83122236,11.15363,-13.96949,10.199148,1.4447743,9.894569,-7.3807516,9.092842,0.22096473,0.2422395,0.29551187,0.27108264,0.4115093,0.3572961,0.29060352,0.23975994,0.32783225,0.33993894,0.23501115,0.22994083,0.2708345,0.29096833,0.20817932,0.2425164,0.25191796,0.22303726,0.4806115,0.37455308,0.28381407,0.23473771,0.29028654,0.32886508,1321.6158527095001,636.7604857614074,1409.9383463673475,491.4473389976933,2589.8631226435614,1347.3837933925577,0.06649877042246713,0.040886469798155155,0.12828696,0.052777816,143.5546875,country.00076.wav,country
-118.21476,40.39972,152.9557,21.516216,-46.51243,15.738981,31.121635,11.529857,-17.298687,12.410842,6.282562,11.004699,-3.6962414,11.996886,13.058594,9.514959,-13.142221,9.0622225,15.704863,8.921068,-13.088502,8.83886,5.7085404,7.905095,-10.694908,7.2400403,0.5937192,0.33472115,0.24409151,0.19187942,0.24988925,0.28229144,0.20982857,0.2011028,0.35282937,0.24347937,0.51385844,0.33770242,0.2620908,0.19009443,0.4002612,0.34456462,0.2935399,0.23420162,0.39881784,0.30667308,0.23583937,0.21203378,0.29310346,0.21111442,1513.0709550116753,305.8120539186775,1558.09920643112,251.22295226395363,2922.4536869199537,687.6151098505368,0.08782189554331013,0.022915662622911278,0.13141257,0.04050222,184.5703125,country.00077.wav,country
-302.41064,87.47431,150.1164,29.03596,-3.7138386,27.757318,26.95196,17.008305,-0.26141748,17.981092,13.506062,12.784855,7.233895,12.354096,4.227106,10.65149,1.7578514,10.9616785,6.5712256,10.898619,-0.50072825,9.058079,7.9061255,8.99142,1.3247038,8.100143,0.37635136,0.29769006,0.3960598,0.30627948,0.3579744,0.31838056,0.40096548,0.31965008,0.44080037,0.3349155,0.31350365,0.25287881,0.32417816,0.31273776,0.2580663,0.20444056,0.3578646,0.28401855,0.41394117,0.33133438,0.40433124,0.2775616,0.47051847,0.3266467,1144.8885616291911,572.2905526967144,1443.9709863470928,404.71185617455467,2223.7570353284514,1301.633421255269,0.049895697384957464,0.038127870757720374,0.043314192,0.032929625,66.25600961538461,country.00078.wav,country
-229.05678,71.29001,180.33003,37.875652,4.5372114,26.906086,24.171104,17.383608,1.0911434,21.223639,4.0153756,13.190174,-6.006488,14.105258,1.9028653,12.768435,-13.129048,10.705469,0.015985783,14.460089,-13.5007715,10.485737,1.5909431,12.127135,-13.422154,9.684863,0.40946972,0.3464009,0.21889393,0.16665193,0.2999578,0.3274899,0.2416381,0.19727501,0.45524484,0.35476154,0.3520168,0.31767583,0.2593186,0.17338261,0.47128016,0.37680036,0.252734,0.18059292,0.30825502,0.3461425,0.18286598,0.16556539,0.27209106,0.2320025,963.6542370411188,533.1313470900764,1235.6457271521583,509.6981224638892,1754.931074173434,1287.5555592442165,0.045760600952242846,0.024565079549870396,0.11524875,0.039829306,80.74951171875,country.00079.wav,country
-101.02087,54.407875,111.61904,28.590399,-13.149067,21.445774,44.606804,13.2924595,-5.94553,14.171545,29.338867,11.624849,-7.9442205,14.542128,19.591711,10.493704,-22.431093,9.310554,17.265936,9.860476,-17.816374,8.532223,11.403573,6.666545,-12.458793,7.4131336,0.30158225,0.24896182,0.35038176,0.22776352,0.6031536,0.33074334,0.461113,0.2814072,0.27216128,0.22736216,0.22472546,0.19120319,0.38892505,0.2760618,0.4345442,0.3317861,0.34465873,0.2261762,0.4927804,0.32817096,0.37620056,0.24438547,0.3971766,0.31403852,2049.246281139036,760.6900803253088,2188.0938980479596,465.115417692712,4434.515876504495,1691.4354725416267,0.08936113326566125,0.04597052678213481,0.15319121,0.046363693,99.38401442307692,country.00080.wav,country
-74.15763,47.036167,107.61035,23.983784,-21.188368,17.437382,47.216305,15.989582,-5.984584,14.99208,17.79499,10.8337965,-20.406624,12.108776,14.978622,9.151046,-15.971438,10.816352,15.732458,8.998494,-14.664344,9.463896,10.680037,7.898693,-10.130847,8.568279,0.32280672,0.24872446,0.3284373,0.27053759,0.34268144,0.28047407,0.36162746,0.23589152,0.5062725,0.336979,0.30696002,0.2245494,0.28852668,0.2524044,0.31161726,0.25780597,0.41639727,0.2855508,0.54750884,0.35379168,0.38754347,0.24813794,0.4233426,0.32530192,2102.290176447949,629.3390011183454,2152.6591561071887,334.4570414421233,4417.928815164588,1329.100832953993,0.10104778434358082,0.04829663911036416,0.16783096,0.057369698,89.10290948275862,country.00081.wav,country
-68.574776,38.230812,101.349686,22.158857,-16.899403,17.369127,51.507862,17.032995,-10.240496,13.5862665,20.057524,12.287699,-21.787132,10.960302,15.519602,9.800936,-18.788994,9.901605,16.34265,10.049265,-17.896719,9.754789,12.110844,7.65558,-13.195823,7.9441533,0.3519666,0.29106534,0.3303465,0.2369845,0.44860753,0.31168187,0.3822442,0.2627978,0.3901613,0.31138194,0.3512338,0.29616013,0.4064598,0.27118352,0.5469316,0.34004265,0.37361118,0.2450806,0.37801751,0.3060737,0.31411988,0.25361025,0.3569822,0.2645399,2253.4147941386177,562.2517290348285,2261.6012389166626,295.9080213614469,4799.531148038718,1143.5973772940363,0.10606314651005413,0.04673325132644735,0.16648406,0.048531335,117.45383522727273,country.00082.wav,country
-148.5371,62.0991,141.28717,27.03338,-15.904905,22.004898,44.664753,16.713173,0.9870617,15.370037,13.670253,10.550536,-13.241115,11.998333,12.6545315,9.396605,-11.708021,10.583366,12.162337,10.339823,-10.48279,10.2738285,9.917888,8.507166,-5.0692515,8.023447,0.27000678,0.2090061,0.34188655,0.3369224,0.24118495,0.21281983,0.3190731,0.25990802,0.39754108,0.33888462,0.24862498,0.2275935,0.2892288,0.31375864,0.25571126,0.21816958,0.43294647,0.35155323,0.35623732,0.32745042,0.28159177,0.22635049,0.38755265,0.32348692,1436.1116636001782,547.1133615051906,1729.5519563242785,399.854704220201,2924.4271475311775,1286.1688931033948,0.059544633362335654,0.02865253263291784,0.1310126,0.042723395,143.5546875,country.00083.wav,country
-80.230835,48.460674,108.203285,22.721931,-23.831285,16.633244,52.62174,16.259787,-6.4135385,13.997485,15.064379,11.663205,-17.638653,11.507213,9.731315,10.13517,-16.172585,10.016414,8.9045315,11.03308,-15.960604,9.557091,8.001686,8.903515,-10.708485,8.504672,0.34088975,0.31863073,0.27700227,0.21528782,0.44125918,0.32792252,0.2743891,0.21248479,0.2925515,0.3020906,0.2216779,0.23426382,0.26490232,0.24109612,0.40734524,0.352538,0.28244874,0.2220748,0.39630052,0.3628099,0.26360625,0.21335731,0.37398028,0.32937768,1964.9561710023156,522.6096499092721,2036.4768026599284,294.2811781329405,4059.433457801624,1046.970514610034,0.0929928430732792,0.03909552416733687,0.18060894,0.058613326,86.1328125,country.00084.wav,country
-146.03406,56.313244,124.633896,25.09708,-17.923779,23.159218,49.246246,16.318424,-0.16373,15.203772,22.78391,12.219823,-7.1801314,12.543561,16.748547,9.141678,-9.71323,13.412495,15.436437,9.898564,-7.632503,9.082304,10.915412,9.181393,-3.4583304,8.925913,0.22526865,0.20621422,0.3070788,0.29753017,0.28534642,0.28102237,0.33594686,0.25169766,0.52139145,0.3539356,0.34091324,0.25709325,0.3044723,0.29856914,0.21874095,0.18889904,0.3723661,0.2713328,0.5061045,0.37817112,0.30825236,0.23378608,0.3291588,0.30062836,1596.3192351340854,527.8541852622249,1853.3171196002747,319.1409396703545,3291.640704303219,1086.9956400954607,0.06926758567768755,0.03541342159430297,0.13540727,0.043364726,73.828125,country.00085.wav,country
-122.42892,62.967445,111.49043,26.774757,-13.700005,19.921103,53.85051,16.647104,-2.6792428,14.911767,19.700176,13.949822,-14.1241455,13.021584,13.753133,11.191391,-14.02773,10.60625,14.631097,9.875609,-13.9932375,9.113953,9.227839,8.964766,-10.554295,8.632045,0.38928872,0.31607023,0.33680925,0.26296148,0.39849022,0.3035496,0.41529024,0.31043276,0.35791397,0.26075178,0.44727135,0.3464028,0.32298812,0.25252867,0.3363427,0.3121843,0.27374318,0.2277449,0.37110847,0.28806916,0.46463323,0.34082958,0.3524594,0.25405863,1879.437181005724,529.5720050841553,2085.362339170809,341.1081540008704,4031.4303015334976,1181.3977253305839,0.07828473934164733,0.030076998626659093,0.13355477,0.041690923,117.45383522727273,country.00086.wav,country
-170.8428,75.64571,124.75503,26.792078,-19.236622,24.191984,39.212093,19.327055,-3.7663841,15.866797,15.302875,12.428357,-12.9792,11.182377,8.529965,9.216491,-11.831754,11.375232,11.324966,12.120075,-13.776035,8.381994,3.11416,10.709138,-10.082476,8.785832,0.33368444,0.28377774,0.26507562,0.21029463,0.36504477,0.35388163,0.27323386,0.21017164,0.37389725,0.33228603,0.2361927,0.21444564,0.27036828,0.2558972,0.48098847,0.36352554,0.32239208,0.23701087,0.3547715,0.34664863,0.28096247,0.24289116,0.38625178,0.3167286,1591.3106552829145,576.2850683394319,1806.698666861193,355.1158790381994,3162.97440318663,1248.999299512011,0.07395969281709204,0.03677351466324559,0.10857797,0.052354198,143.5546875,country.00087.wav,country
-121.959,55.206825,123.24601,21.850498,-8.496771,22.720787,51.599014,14.866085,-0.10669123,13.484142,20.418154,12.1495905,-11.878725,11.30923,16.262135,9.403013,-11.5288105,10.838809,11.832639,10.724492,-8.090614,9.406349,9.130125,7.486621,-8.650755,8.723576,0.27203625,0.21742254,0.33125174,0.2932321,0.2600981,0.2256863,0.38522983,0.29170972,0.46315798,0.33877054,0.31484246,0.2255677,0.35692912,0.30911073,0.2984604,0.23668823,0.4197451,0.31393933,0.41716236,0.33084044,0.34194013,0.24176396,0.38298488,0.3306051,1622.809613480337,483.72918955560317,1963.3073228704848,360.32891112292833,3527.1653177566704,1214.3515328105789,0.06605051841647332,0.026330719573791007,0.15261815,0.05217519,103.359375,country.00088.wav,country
-205.06755,72.70749,140.98952,31.935638,-8.963087,21.969282,36.968815,16.494207,6.427648,15.819648,14.869453,12.511968,-4.316959,14.203028,12.22562,12.194336,-11.42915,12.171879,11.855211,11.0244,-7.889388,10.064082,9.9110365,10.856207,-2.3491375,9.053873,0.28966978,0.2826737,0.39117208,0.33801728,0.3504897,0.31709483,0.24240841,0.2289632,0.2949265,0.31837574,0.24911249,0.26114213,0.2649414,0.2859527,0.212647,0.2005498,0.35778752,0.25221238,0.525448,0.36618865,0.34370542,0.2441674,0.34377694,0.32710686,1321.763474149792,715.0415191928997,1667.4024816185888,467.5117455530752,2584.125931246375,1543.461981722065,0.052491933729698376,0.03534638152524863,0.10463604,0.047587045,143.5546875,country.00089.wav,country
-91.654945,42.00504,115.8513,24.035374,-30.201815,14.838813,52.284874,14.83703,-5.0187893,15.46793,16.961174,10.03104,-15.656676,11.123222,13.546172,9.324361,-12.756255,9.846624,15.970038,9.554491,-11.965698,8.314336,11.068041,8.025491,-9.953225,7.839077,0.29632744,0.20413049,0.33763975,0.29777995,0.24853422,0.18831396,0.3983438,0.2713579,0.48457816,0.33413687,0.36440626,0.23112358,0.4968745,0.33970612,0.33469668,0.2200252,0.41619396,0.34313396,0.27478275,0.22453958,0.32630748,0.22151597,0.47811112,0.33514532,1927.5251167094748,520.4051821161005,1972.2404208958328,288.29957834818674,3883.6122729662125,1019.6508157715298,0.09899685203982986,0.041782099664511935,0.14736076,0.048815586,135.99917763157896,country.00090.wav,country
-193.73314,71.17181,125.576965,27.054401,-20.945107,24.235022,46.33686,17.910662,-2.6908514,19.081049,12.840516,16.64761,-6.6026425,12.841037,10.736069,11.865941,-10.91958,10.865809,6.1234164,11.496014,-9.4414,11.94442,5.1659884,12.6687355,-3.6614413,9.097443,0.34929866,0.31019112,0.30051622,0.24702662,0.38512802,0.28001007,0.4754933,0.36320466,0.32240683,0.21962194,0.40250954,0.3544351,0.30246997,0.23831362,0.3598242,0.31249213,0.32677537,0.30079028,0.31329376,0.27192378,0.39733958,0.32962272,0.30645955,0.248581,1563.3792654565405,612.1341705239134,1779.1317819389692,377.3799442696047,3233.794160564095,1242.5137271922536,0.06473823895494973,0.036488594269812755,0.08944597,0.042037793,117.45383522727273,country.00091.wav,country
-50.79226,27.101461,96.71365,15.424847,-24.32533,13.604839,66.08503,11.866371,-14.70023,8.604852,24.393627,7.725663,-21.02959,9.260834,12.470781,8.207771,-18.150885,8.49911,13.2603655,7.428664,-12.813222,6.718719,9.8000765,6.63562,-11.347795,6.3149347,0.270938,0.25148222,0.2866822,0.20006698,0.47188687,0.3346803,0.40748847,0.22971411,0.45179507,0.32935023,0.26802,0.2127551,0.3680974,0.27961078,0.5437891,0.32383752,0.4019444,0.23953028,0.37566772,0.30344388,0.2692086,0.21484561,0.32977515,0.28073344,2335.0896330198325,425.14173123568287,2212.517869932969,242.294754578598,4839.225184889791,789.1010675021665,0.12120930611948956,0.036298214353630495,0.176431,0.029992016,161.4990234375,country.00092.wav,country
-213.623,64.712875,117.20727,25.017586,-21.871634,22.630215,45.657173,17.052809,-10.280004,17.305424,5.0579906,13.097516,-11.914002,14.233289,5.5748677,10.014965,-17.7996,12.825511,0.18725954,11.297919,-14.170548,10.958172,-1.157218,10.388374,-10.304957,8.908832,0.120357975,0.18392368,0.20695311,0.2473373,0.32763228,0.36603197,0.20994838,0.22542813,0.25032854,0.34776747,0.18343255,0.2271969,0.32001588,0.32634515,0.38189387,0.38196498,0.2591458,0.23183489,0.35534886,0.3761324,0.19258897,0.185575,0.20454597,0.29476768,1537.7806406173002,582.3722412100898,1716.2300413475903,309.44514812992514,3055.5581927022913,1085.438623442297,0.06812788512664346,0.04342037545874413,0.09251183,0.04185456,86.1328125,country.00093.wav,country
-104.32959,45.814037,136.42427,29.69366,-20.96272,19.449167,52.845562,14.567523,2.018694,14.041718,20.423431,12.999964,-11.615845,10.443001,17.667425,8.895652,-15.739914,8.78351,11.050942,9.982109,-11.3228245,7.9860673,3.6751578,8.951414,-6.4964414,8.068372,0.4573311,0.32695732,0.2830207,0.21544512,0.29925543,0.2848416,0.2636022,0.22659956,0.35557812,0.28046787,0.36605215,0.30494073,0.35775816,0.22414243,0.59681267,0.34822762,0.40332296,0.25200823,0.38126585,0.29824802,0.26290786,0.20246567,0.37371728,0.30015254,1474.7471732673926,585.7993374635203,1745.5611957168082,389.82766550384,3107.8590623187356,1238.310654502517,0.0629996102813225,0.0311626896399792,0.20668623,0.054988813,112.34714673913044,country.00094.wav,country
-124.79657,51.13514,127.310844,27.026213,-23.381498,17.699215,47.375706,14.436866,0.5761375,15.255666,16.01138,14.53468,-9.977922,11.303582,16.199665,9.492364,-16.736052,13.377924,6.788448,10.254918,-8.195151,10.333462,3.2016318,8.573358,-1.5992866,8.144859,0.27286133,0.2837177,0.26649436,0.22172087,0.4547934,0.3533908,0.34610072,0.29707658,0.3365731,0.28184795,0.39494267,0.3573835,0.2873328,0.22874701,0.3829344,0.35898057,0.25828916,0.22296035,0.37223208,0.334464,0.3331044,0.31819755,0.24060479,0.23135825,1557.7510489456872,643.4356419940606,1762.1920755783792,344.1739213522153,3220.9541763341067,1177.8874364700034,0.0673669518561485,0.05866540422088645,0.17527841,0.07037234,89.10290948275862,country.00095.wav,country
-69.83627,48.38493,124.2077,24.092764,-32.48237,18.160385,47.6898,12.923056,1.4008857,11.184901,22.60084,10.301671,-8.752852,12.28515,21.427229,9.074407,-15.660797,9.449964,15.749121,9.342059,-12.432543,8.1338625,9.573857,8.760153,-9.047071,7.3412275,0.24959195,0.265202,0.28988245,0.20174098,0.582303,0.36192322,0.25230312,0.19443713,0.21655391,0.24203372,0.1878163,0.18206218,0.3639532,0.26515505,0.5041891,0.34203398,0.28169897,0.20762174,0.39422232,0.3375848,0.24276806,0.2117412,0.34380257,0.3376374,1754.3169300488146,570.055503073083,1861.9497283151466,344.25996873295645,3504.9992749419953,1149.6623796699812,0.09741305346094355,0.04569029324248838,0.21801743,0.058790434,117.45383522727273,country.00096.wav,country
-148.36998,61.318604,126.86573,31.48226,-19.571285,23.143862,52.87677,13.606873,8.581605,14.667169,17.882395,13.158221,-8.099402,11.957355,17.780605,9.908372,-15.515441,9.240739,13.506864,10.678737,-10.96457,10.118059,9.469388,9.592687,-1.9210476,8.052395,0.35502636,0.30394384,0.27426985,0.22488023,0.34452122,0.32312855,0.26768544,0.23904023,0.29551795,0.2322913,0.47887522,0.38789195,0.32771212,0.2366434,0.3983443,0.33826318,0.37014198,0.2669251,0.44605577,0.33911198,0.34833655,0.30898643,0.27004164,0.24886875,1561.0425270580386,762.6670027252773,1782.651773669968,409.17665487150634,3175.33143081134,1390.0707871233442,0.0671992821925754,0.052147304243597994,0.1530273,0.05327575,112.34714673913044,country.00097.wav,country
-139.56085,45.533875,128.79108,24.30095,-20.232744,19.196423,49.427704,14.505425,-2.1633642,13.391298,16.994392,12.28806,-8.339966,10.192181,9.827166,9.480508,-20.141237,8.922041,2.5050974,11.669634,-11.247482,9.119088,3.7663162,8.236151,-6.4156575,9.561987,0.32353264,0.33524117,0.18548164,0.19747786,0.24050884,0.2910637,0.18323046,0.18711713,0.3011688,0.32128477,0.32274696,0.3687537,0.25861168,0.20597908,0.43678683,0.3826137,0.23551826,0.1963813,0.26234877,0.31571716,0.18010002,0.17714873,0.3224877,0.33489195,1425.2797032637804,517.742388480113,1691.0074862059769,345.98367624191513,2981.1912023274363,1093.7444310943486,0.06172207318252127,0.03097414794868093,0.17621148,0.060354203,117.45383522727273,country.00098.wav,country
-42.18055,45.263153,106.264595,23.960958,-24.218506,16.097315,44.67555,12.293892,-12.344403,11.208378,20.534286,10.044998,-16.052776,8.965792,18.492975,8.1088295,-18.786243,9.058025,15.519279,8.32558,-15.459702,7.7520013,8.954699,7.964218,-9.982072,6.9472737,0.32060468,0.22576024,0.44356358,0.3102254,0.32251722,0.25818893,0.33497262,0.26585513,0.31816116,0.23083873,0.42859662,0.27664524,0.63855416,0.33084464,0.3548505,0.23806474,0.33873695,0.28224424,0.29747358,0.2526763,0.34246713,0.2488703,0.43053043,0.32676914,2157.4833631480387,582.102937916053,2160.2796737786603,296.1941148323117,4478.689752211427,1137.4683495303514,0.10824587321152358,0.053863966568465316,0.22070146,0.06506075,143.5546875,country.00099.wav,country
-111.09919,66.33326,94.025856,37.838722,12.438059,23.715454,16.629438,14.190775,8.1260395,12.498225,15.663839,12.023993,-1.4103329,10.641625,7.014441,9.052893,0.959783,7.5969114,-1.4994508,7.453428,-3.0789328,8.818752,-5.0989857,8.4521475,-3.715649,7.272674,0.31772628,0.22137478,0.39294803,0.27320874,0.5092093,0.30282927,0.43429092,0.25452352,0.49327222,0.35415298,0.48024252,0.29884693,0.57519805,0.31235132,0.47856358,0.27842912,0.4293992,0.27998814,0.41263077,0.3273247,0.36792383,0.2598648,0.4555287,0.28039816,2298.1112240567795,947.9120624733843,2566.1150752624544,438.26343241059055,4889.646293275712,1971.1131968033553,0.09652545382318953,0.08381902613943304,0.14208542,0.06429163,117.45383522727273,disco.00000.wav,disco
-29.0431,33.809193,51.860497,22.905075,-7.5676084,19.46441,21.507437,13.46533,8.141378,8.922003,18.118086,9.673929,6.8945746,8.735842,6.569047,7.3145294,0.7113645,6.9111905,11.159763,7.7900286,-1.816327,6.473473,1.63559,6.763771,-2.5911899,6.5271115,0.39817724,0.3058237,0.3206945,0.2576528,0.36278677,0.29436576,0.45692784,0.28800854,0.5894337,0.33999023,0.41277862,0.2789712,0.35375115,0.25939023,0.38463834,0.2856279,0.42981914,0.2675793,0.46828488,0.31230906,0.32534423,0.22448806,0.42416424,0.29851577,3292.704549878069,743.2820358322437,2768.0390848656034,371.2935327244115,6522.435342111895,1437.9290434731072,0.1885523173483103,0.0661264090280252,0.17707454,0.051123135,117.45383522727273,disco.00001.wav,disco
-53.1693,36.92182,57.173717,16.292206,21.160828,15.47381,11.305263,16.221949,18.118341,11.147095,1.6628118,9.776474,0.34510273,8.911348,2.3239794,7.119164,-5.1052694,9.246593,2.747911,7.2804694,3.1522436,7.6230345,-5.5144777,7.1802535,-3.1615028,7.019219,0.31980294,0.2541684,0.3120322,0.22447377,0.37158817,0.28983822,0.37147182,0.25790158,0.516339,0.31983066,0.50701714,0.28350982,0.57351214,0.31517613,0.4311749,0.30242947,0.36462137,0.23885949,0.4441271,0.3180173,0.3352126,0.23563045,0.3970209,0.28757647,3592.2181145867817,705.6304304470298,3398.4114032727275,264.8013801111141,8074.817942466648,914.4381169492988,0.153338438950116,0.06718282680155808,0.1612736,0.046779294,92.28515625,disco.00002.wav,disco
-44.433094,56.20031,52.32051,26.773188,3.242855,25.482395,43.93931,13.805929,12.584174,11.267612,24.506044,11.905068,4.923503,7.448648,15.30651,6.9916706,2.041092,6.1211004,10.386366,7.3492413,-1.4623228,6.424,8.834608,5.758783,0.41668227,6.0309696,0.6607908,0.2995297,0.45809639,0.2446358,0.3555403,0.23266503,0.3923998,0.27241483,0.40725008,0.21084595,0.4312432,0.2582523,0.3520068,0.19986826,0.48511958,0.2553285,0.4839282,0.23031342,0.61469495,0.28621092,0.6952075,0.28721097,0.6057287,0.23225476,3045.783197240785,885.8271412349538,2720.412267311668,373.4587823406259,6206.430158943966,1403.1096445863604,0.1495607339559387,0.06873012648753221,0.19629128,0.04562101,129.19921875,disco.00003.wav,disco
-83.55509,46.309776,64.49134,20.143034,5.6444163,19.585583,2.70193,13.823009,0.78633994,12.937534,6.165176,9.619777,1.884115,8.690664,1.9749736,8.07504,-1.8108131,8.846944,1.8658113,8.317915,2.4624798,8.227673,-0.22272581,6.6934605,2.9572232,6.7705116,0.29642406,0.21502563,0.34806696,0.27505887,0.2833247,0.24718763,0.37249923,0.26161632,0.42997536,0.31908,0.32130224,0.2608107,0.41713285,0.34117523,0.32015625,0.25100797,0.45373186,0.32986942,0.41620377,0.33718163,0.38951576,0.25993466,0.53715426,0.34111422,3328.4809117165955,800.4515269655467,3111.6719473592766,365.85019966092216,7195.770306155742,1391.3957193730998,0.16901441959106728,0.07155382163235259,0.11454933,0.05659447,123.046875,disco.00004.wav,disco
-24.816133,39.33684,73.69842,23.9898,-11.7444935,17.252394,28.304634,14.488456,6.291743,11.138445,2.1907134,10.457714,8.419229,10.383952,12.195894,8.620483,-4.0575852,8.218872,13.498219,7.3420787,1.8683927,6.3419013,-0.92594606,7.556738,0.5338902,6.018305,0.46081838,0.3184994,0.37290856,0.2670427,0.4528078,0.3052133,0.38606662,0.23642293,0.4969332,0.30195493,0.40072596,0.2696775,0.37628815,0.22314477,0.5524576,0.30211267,0.4851254,0.25680482,0.538049,0.32148626,0.39453903,0.23834749,0.45968592,0.291862,2722.8382056047735,657.5752917091916,2569.440633678847,297.6726192098465,5472.246935614224,1293.8661111687006,0.1446281579262452,0.06178007260640079,0.20679496,0.05373172,107.666015625,disco.00005.wav,disco
-14.574817,30.918417,65.19933,17.099817,-19.888517,18.38839,31.502684,15.099189,-4.814699,11.809201,11.8655615,9.171857,9.996404,11.114117,5.9602337,8.283776,-3.8007708,7.8661065,9.38057,8.500342,-4.387615,7.8953624,3.3392262,7.9064865,-4.4454346,6.9411044,0.45097035,0.25047675,0.4813968,0.2944861,0.39704564,0.24108772,0.5354029,0.27863395,0.48675787,0.2939259,0.33895266,0.21672809,0.42672047,0.26270187,0.52598095,0.25302497,0.6557659,0.29884,0.41837037,0.24849929,0.45415094,0.24872345,0.51698536,0.30636108,2848.395241985928,385.52372022063014,2490.6398551435586,281.3847356842971,5506.662886546549,911.7651206664193,0.16364521401295437,0.036600004766153424,0.19189338,0.045997165,123.046875,disco.00006.wav,disco
-53.432594,41.965885,56.165604,27.930817,-6.337501,18.073776,31.602524,17.835247,4.648096,11.471438,16.339651,10.281968,4.108209,9.299453,1.8778181,9.42292,-0.38534987,7.610934,2.4980185,6.982025,-0.54528874,7.6709576,0.96003777,7.019446,0.4909867,6.446592,0.43320742,0.29542518,0.48304322,0.31011662,0.35722825,0.25053155,0.34059522,0.24386993,0.4447272,0.30099803,0.4140928,0.27573872,0.41809472,0.29947183,0.35511798,0.23720816,0.47279286,0.25940967,0.56316626,0.32335946,0.419521,0.24331924,0.47741166,0.3166184,3099.082005849926,738.163998129457,2728.23313756183,359.4382676179551,6098.201459632395,1306.7773195171478,0.1402915488447409,0.0534542088605152,0.15957549,0.06998543,129.19921875,disco.00007.wav,disco
-32.569878,40.138233,65.03629,20.354897,-26.761168,19.563644,30.300564,14.676721,5.697337,12.788325,11.660783,11.149329,-2.227687,11.739527,10.421782,8.989,-2.373412,9.786857,5.365474,8.638938,-3.8786147,9.911302,-0.8631799,7.6485586,-0.2106435,8.221027,0.4207033,0.29589674,0.49952266,0.3124035,0.39799517,0.26005208,0.4463775,0.30562964,0.38258353,0.2597795,0.5157534,0.2996285,0.4917932,0.30356848,0.41706294,0.27472976,0.57719064,0.31338665,0.45680448,0.2789396,0.45252156,0.28830054,0.39317837,0.27290016,2801.719944106093,555.629385009389,2423.6424425279492,313.54845928896486,5445.952622059036,1083.217037695864,0.1643124669216705,0.05600163767019623,0.19048811,0.075025335,123.046875,disco.00008.wav,disco
-68.92688,64.30405,63.117622,24.93187,-15.855327,23.181717,28.002327,12.481047,8.173502,12.329563,7.323385,8.570984,-4.9316792,7.946783,9.490028,6.348373,-0.974049,7.107319,-1.5963364,7.547394,-6.184394,7.4329557,-3.936597,7.0655622,-1.1669567,6.8551326,0.5565843,0.3136038,0.48000172,0.24518113,0.5722894,0.32150182,0.49309787,0.27760234,0.3801825,0.21479295,0.5343367,0.30537176,0.38702038,0.22474657,0.38592467,0.2616187,0.28994456,0.20958263,0.30312392,0.22765715,0.44463465,0.28440744,0.47897398,0.27094072,3016.9654959671584,752.819633219235,2623.440908104261,412.730254124323,5955.0381335194315,1401.0533202957508,0.1706677028953983,0.06876910268905359,0.11894341,0.043386165,129.19921875,disco.00009.wav,disco
-6.7652006,34.234386,61.12942,19.555382,-16.672161,17.194012,27.438726,11.314834,7.734437,12.362332,16.013573,9.789663,4.646263,10.230883,11.44598,8.426724,0.34369335,7.866683,9.835787,7.621766,3.1894264,7.0187364,5.0318027,8.087496,-1.8564006,7.132415,0.43995792,0.31178257,0.4549552,0.31488714,0.39162746,0.2483347,0.46884185,0.32062107,0.42471647,0.2624431,0.50137186,0.3195938,0.39250037,0.27063438,0.3825614,0.25941047,0.49899545,0.30749738,0.4208813,0.2698693,0.48987842,0.34359246,0.38589743,0.26757565,2877.4074655436298,581.0315960455632,2624.016008247831,276.45577829284156,5865.166570747535,1060.4676264799114,0.15030263619006187,0.05950060593233995,0.23285724,0.05501872,107.666015625,disco.00010.wav,disco
-41.31514,38.863003,62.78868,22.765368,7.3239293,18.871994,12.122528,13.190077,6.358506,10.338022,9.252999,11.621443,3.0642164,11.1173115,13.849786,8.681696,0.15274546,8.464258,8.056879,7.775439,-2.6997383,8.391665,-7.2205544,7.8140717,-3.241377,6.5795345,0.35473377,0.31444642,0.26683477,0.26004246,0.26464957,0.26361436,0.2871941,0.28598017,0.3309382,0.284649,0.2603344,0.24440295,0.27287257,0.23112805,0.45595944,0.31423822,0.4710041,0.26490003,0.6162578,0.35120064,0.48626184,0.2951188,0.4153762,0.26739356,3132.9752097469195,792.2483665218838,3008.0152396758117,332.4096631420247,6864.145655089907,1201.2081597435174,0.1309711547757154,0.07372506817829894,0.18884107,0.04547613,95.703125,disco.00011.wav,disco
-57.955585,48.624535,68.42821,25.92638,-15.226618,19.451166,23.4141,15.252515,14.886023,11.5664835,13.217155,12.300434,2.1807864,9.446548,12.793449,8.744261,0.0489805,9.763047,12.763609,8.041108,0.007023705,8.48753,3.38002,7.505668,0.8436664,7.3508754,0.5504569,0.35878447,0.4233901,0.28147426,0.37314472,0.28087053,0.3485911,0.2637289,0.4113398,0.2944519,0.34198633,0.2751592,0.34158853,0.2534802,0.48050672,0.31381506,0.4619186,0.2815926,0.5225592,0.3260435,0.428072,0.2757723,0.45688093,0.31059682,2737.358914673473,698.7191242518231,2613.804056295593,359.4631705429967,5710.012308756511,1369.324138714033,0.1314991138599537,0.06225125727166208,0.1755619,0.06065147,112.34714673913044,disco.00012.wav,disco
-40.076855,51.29732,56.219803,20.141584,23.692863,17.52793,31.93953,14.478548,2.454801,10.653558,2.5702763,10.616653,-2.4864347,10.955004,3.1007562,7.4652534,1.8817089,9.842444,3.3470368,8.086872,-0.00181484,6.7063456,-1.5163457,7.2231307,-2.451519,6.436296,0.26904437,0.18390991,0.31153992,0.2275823,0.38584453,0.27701405,0.4176817,0.24535336,0.58152026,0.3228979,0.4950426,0.2820544,0.47328553,0.3203989,0.48103774,0.31812444,0.44396162,0.25596657,0.45865428,0.32583204,0.3594037,0.23391257,0.38207814,0.2562753,3391.3650850232443,769.0645330553434,3108.933195274144,295.85822833279906,7203.947261093387,1162.6267180113766,0.1595289992991106,0.06959103530255427,0.17077066,0.0487711,184.5703125,disco.00013.wav,disco
-23.927662,32.494637,61.220757,19.2317,-0.9586992,13.169732,25.331013,10.753072,0.3942347,8.341041,6.0302544,9.081338,2.4890816,7.481739,6.189192,6.187473,-0.32926697,7.726344,9.696876,8.258092,-5.5078354,6.731968,1.0618181,6.2398376,-2.4369648,6.965564,0.55214685,0.33203605,0.3281583,0.22907382,0.29118687,0.19374433,0.38045132,0.28127325,0.41945153,0.2308529,0.61662316,0.29944155,0.42800313,0.24803507,0.4120987,0.24036801,0.43074828,0.27670178,0.4084433,0.23424615,0.5546969,0.31353477,0.41255212,0.20769918,3087.483970853388,535.0500369905202,2812.6634814898784,241.57634378206478,6530.043847051567,979.7236944832774,0.156306688999613,0.05200051163441934,0.17372327,0.034415472,103.359375,disco.00014.wav,disco
-46.762787,50.20582,103.70078,29.798607,22.12663,19.977474,9.223701,13.596404,2.2584796,12.046505,-4.7948833,10.683827,4.798995,11.90724,0.9515379,7.518264,-9.411774,7.655629,-1.0667287,9.350544,-0.8673272,7.7375135,-5.279599,7.059998,-1.7630391,7.7313056,0.39262033,0.25377825,0.32191575,0.2256994,0.46536678,0.31240514,0.39072898,0.27706608,0.5191586,0.3057273,0.397112,0.25879112,0.45207486,0.2891153,0.47867748,0.308615,0.29876205,0.17398085,0.44640076,0.3153852,0.31371626,0.18893719,0.50065243,0.3140757,2362.4116318966007,831.6140777568654,2806.8455038185907,564.3163373596152,5439.756743039443,2269.870822535574,0.09022704889307812,0.03947131714840767,0.21586056,0.045994632,123.046875,disco.00015.wav,disco
-35.856197,43.370396,83.80528,27.243734,-2.9019706,17.801897,32.213963,12.913652,9.144426,8.810114,4.18242,9.897213,0.13708669,9.402134,11.094396,7.7745576,-2.8947356,7.722742,7.9954515,7.0700355,0.6289428,8.16232,3.6732092,6.7157025,3.7831783,7.8370566,0.45442286,0.27786186,0.50761455,0.30336186,0.45746,0.282162,0.45282888,0.28304085,0.5279255,0.3009573,0.40667036,0.2710799,0.41206643,0.3145347,0.34020826,0.25939634,0.33560875,0.24025084,0.43387756,0.29686755,0.41845366,0.25946316,0.47473785,0.29178187,2520.434661747475,721.7997550288721,2562.6587965455155,427.225655334381,5334.772696659483,1560.9186099907586,0.11424808429118774,0.04728691087204145,0.20567748,0.0440512,123.046875,disco.00016.wav,disco
-98.18701,58.63798,92.406166,29.334972,2.6589994,20.759537,19.365164,16.83388,3.5725617,13.795018,-1.7528336,11.841423,-1.7048805,8.58411,-3.1811252,8.631642,-9.103381,8.811017,-4.0845356,7.3445854,-5.1873956,8.067984,-5.4817677,7.249736,-4.233032,6.8290977,0.48638308,0.3418148,0.36115116,0.19497131,0.52845466,0.319874,0.43105814,0.30010727,0.38022107,0.2556419,0.43260634,0.31147245,0.3744395,0.212876,0.52003616,0.34133697,0.2692868,0.17045562,0.28421405,0.19905254,0.44689843,0.30874625,0.33977973,0.1952024,2564.2888412274115,941.6520984293234,2669.9240408934897,542.6183843989276,5388.221942521027,1956.8838272347218,0.12072102486948956,0.06478558935426415,0.116038404,0.059123162,123.046875,disco.00017.wav,disco
-73.086945,61.538177,71.74661,22.71719,12.055069,23.582539,1.4190236,21.141027,4.5368185,15.26877,10.854836,14.233798,3.8677087,13.142288,0.938452,10.775682,-5.9773855,11.655831,9.039347,9.493096,-2.3677554,9.592755,3.5528102,8.400505,-0.14295746,8.928578,0.36183155,0.26391795,0.43809354,0.32928175,0.29673547,0.22498997,0.34020776,0.2851219,0.29752585,0.2786431,0.2812673,0.22610477,0.40924105,0.33404326,0.36534503,0.26258582,0.4911605,0.348903,0.32735667,0.25783625,0.38477936,0.30546284,0.4480411,0.3309283,3043.1123946763596,674.0852078789076,3000.57859278733,333.11358267029505,6837.516427095417,1259.6635640142579,0.14358338771268367,0.052438724859348244,0.1387322,0.04768546,123.046875,disco.00018.wav,disco
-95.04604,92.598335,109.33905,40.449562,-30.173485,29.293734,16.371214,15.944454,20.04151,17.421507,11.963911,8.247469,3.490323,10.452233,6.1774545,6.8328457,5.204813,5.7913666,8.618461,6.0668745,0.3315828,5.8179216,0.38170952,6.0508146,0.5376681,6.0522556,0.36937788,0.29244864,0.3730603,0.22292477,0.53375685,0.3042579,0.5034798,0.31908694,0.44068044,0.27470773,0.47497874,0.28238362,0.36040232,0.21898466,0.43747276,0.29151133,0.3849599,0.25549656,0.5148172,0.2941129,0.57665473,0.31267655,0.37093818,0.23887232,2117.6008935704253,961.1158189082929,2143.8668308789474,747.0721130157812,4198.641535854118,2173.8729281588276,0.10365534971964424,0.05282000771028832,0.1469729,0.05660647,117.45383522727273,disco.00019.wav,disco
-104.13797,54.98947,105.87117,37.719166,-14.32759,20.948925,36.710423,15.296612,-10.330668,14.128204,16.791773,9.355801,-6.818429,8.746267,8.1312,8.63084,-4.46437,8.162922,0.9813637,8.880789,-10.006949,8.822348,0.37547293,7.99409,-1.7045553,7.498642,0.34223825,0.2640151,0.34231994,0.31074414,0.32239887,0.2648187,0.4118337,0.31834897,0.29344094,0.2717824,0.2474471,0.21497387,0.34705076,0.3151192,0.2453537,0.22535494,0.28585345,0.27087963,0.29688594,0.25725704,0.4125245,0.2944557,0.56335163,0.35801944,2116.937132007475,717.6692882608351,2114.1336867953573,439.66638877830655,4349.140806264501,1406.3018061518194,0.10326298760150812,0.047052092381873474,0.12454408,0.028960845,161.4990234375,disco.00020.wav,disco
-115.077194,50.415974,70.42093,21.9544,31.231396,28.607874,11.171844,15.820813,13.070835,11.217881,3.878579,10.71862,1.8067201,7.1850758,4.9745398,8.812964,-1.0353943,8.8411045,3.9286358,7.3043294,-1.287067,9.060538,-0.6889938,7.662426,-1.0698988,6.375542,0.7455489,0.32360002,0.52548844,0.2547685,0.39328867,0.2615526,0.33285177,0.27774057,0.28595343,0.23821273,0.22942896,0.20368752,0.2389152,0.18880281,0.41193387,0.27189407,0.35565135,0.25544506,0.35722274,0.28883025,0.43088564,0.3058512,0.50834936,0.25556114,3248.710113626103,826.631890345793,3305.0654052212344,472.1428328097893,7422.743256960557,1658.687456854765,0.12404534029389018,0.0449765564219575,0.111359596,0.045035664,107.666015625,disco.00021.wav,disco
-71.953896,45.700592,46.87051,21.364239,21.02663,14.9882765,29.955154,13.59247,9.50348,11.818083,2.398713,9.6821,8.242609,8.809438,2.5120273,8.046954,-2.1593833,6.358618,0.44539666,7.9006114,-0.22787969,7.280245,-1.5480236,6.9942613,-3.60627,5.9804926,0.34103227,0.23846085,0.36171275,0.2591157,0.46618086,0.3349871,0.44113275,0.3083195,0.5042932,0.3418196,0.4753978,0.28719977,0.5736876,0.31720188,0.43951058,0.27250275,0.31569386,0.21820973,0.46749106,0.32731465,0.42805436,0.25880247,0.4104894,0.29844695,3708.1110849955126,895.0721768873259,3249.5970110747917,334.6255516023664,7808.475701493619,1303.3276876656337,0.17288668249709976,0.09125831344954809,0.13684142,0.06558433,123.046875,disco.00022.wav,disco
-32.176426,52.393974,60.042603,27.739904,3.3742273,20.131554,18.975922,19.465202,4.3331447,16.938053,0.68896496,13.520437,-2.0220764,12.890978,1.329652,10.323181,-4.6426954,9.413342,3.790977,8.459545,-6.739723,7.551841,-4.8872533,6.2242203,-2.336693,7.6367607,0.45452645,0.3129008,0.37325898,0.26036903,0.398638,0.25934833,0.45151716,0.31334835,0.39006186,0.26487514,0.47304824,0.33103356,0.45809665,0.28379613,0.53329325,0.30731693,0.46804088,0.30200323,0.41077873,0.27693206,0.4314758,0.30477086,0.38199103,0.2647297,3167.5553238891907,837.028940852934,2934.880440699375,316.1007600765433,6730.133523963167,1408.369778271884,0.15097822409126063,0.0811366603933173,0.17817323,0.04435893,112.34714673913044,disco.00023.wav,disco
-69.63065,48.211746,83.07227,20.987648,-16.599928,17.476086,0.118371174,13.7547865,7.420607,10.223347,0.7700079,10.034362,1.3374782,8.661865,4.6957984,7.707412,-1.4168245,8.616606,3.3194354,8.162474,-2.8782651,7.8356166,-8.20215,8.075592,-5.767511,6.921044,0.28671688,0.21958424,0.36967084,0.28223842,0.27406985,0.19695853,0.37176877,0.308205,0.3111177,0.24050069,0.48725116,0.31703907,0.5516754,0.34793478,0.37533614,0.21871485,0.50855947,0.3291273,0.28271693,0.17551672,0.37627688,0.29460067,0.2776904,0.23622246,2624.814629146055,585.2873922727651,2709.8971083894817,360.41923157058324,5605.777239522912,1452.1653947466018,0.12021650534126063,0.03888267080574622,0.14292744,0.06291413,129.19921875,disco.00024.wav,disco
-124.16993,68.3949,90.155014,29.910925,-11.328686,16.519062,10.931417,15.647428,-1.1485723,10.612242,-3.7591834,13.539463,-0.85792863,11.006879,-3.8354805,10.877802,-3.7047462,10.171909,-0.25987905,9.262156,-5.8160195,8.584752,-3.4383402,8.027402,-4.632643,9.556773,0.5332137,0.36377013,0.49431622,0.32019758,0.34369972,0.2752424,0.2574079,0.26228794,0.2519818,0.24684282,0.42738327,0.3455958,0.33018297,0.26319647,0.37259182,0.3203757,0.37753347,0.32370523,0.2804162,0.23504321,0.32195956,0.2980932,0.3048102,0.23916054,2410.17299144527,770.1396250368471,2575.783795970125,454.1335459652666,5080.412048198231,1761.255810999132,0.09966035564095127,0.05011315715071013,0.10787889,0.0584177,123.046875,disco.00025.wav,disco
-68.05401,51.73413,66.35393,23.348558,11.858418,17.993639,21.977438,18.495293,9.757756,12.884981,6.6893187,10.987727,1.5989807,11.511119,3.808797,8.257766,0.95074654,8.518689,4.7707677,8.8405075,-4.210415,7.859647,-0.06348852,7.225307,-1.2341598,7.3075576,0.34151763,0.28103736,0.3351032,0.24697451,0.45916328,0.3275251,0.364668,0.26045087,0.4271808,0.2955503,0.5091317,0.33425295,0.43089527,0.2616884,0.51654315,0.34156474,0.37167898,0.25169036,0.38940254,0.29306337,0.3743127,0.29558617,0.29491517,0.21565199,3043.44261890053,886.8675574489537,2969.142812448396,346.92015104914543,6612.500283225783,1552.1618009812048,0.13159576203596288,0.07439473904272009,0.14299113,0.03917812,117.45383522727273,disco.00026.wav,disco
-155.67004,81.15615,60.623177,35.128082,23.156448,37.66841,31.176702,17.872942,25.046492,16.213032,16.90212,12.336982,9.445918,10.8081875,8.451037,10.986536,5.319857,9.755492,6.5556526,7.8937554,5.769587,9.337341,3.9236524,7.5149045,7.5681047,8.201681,0.44453532,0.28014615,0.42292368,0.28083757,0.44803467,0.29857177,0.45002368,0.28020588,0.5210273,0.30981588,0.5122193,0.31015334,0.45396957,0.2778039,0.45546067,0.27359024,0.49113858,0.27603513,0.5591909,0.3236181,0.5522802,0.29160056,0.51423585,0.28524393,2908.67464508436,1221.0911239623238,2990.1379592166795,518.2475020200715,6348.173137054089,2121.685715719171,0.10118297745069606,0.0742663090559658,0.115590945,0.05898451,112.34714673913044,disco.00027.wav,disco
-20.4939,41.04517,53.692123,20.76961,5.9808583,19.101696,10.135651,14.327578,17.066591,11.222157,9.531477,7.772233,4.6186805,8.625782,6.3997,7.0164185,-0.33616528,7.2958684,1.7284749,8.009965,3.6760638,8.985626,-0.7774312,6.3575516,-5.881969,6.897945,0.4188972,0.28729653,0.4984923,0.2830008,0.6146534,0.3039006,0.52357686,0.28119716,0.45308936,0.26336518,0.46475434,0.28911296,0.45605883,0.25548774,0.5770914,0.29716325,0.47647712,0.25526065,0.45104584,0.2687606,0.47452384,0.29291478,0.3887038,0.256678,3715.1863608882204,1013.2769619287425,3188.905341597431,289.7153413488826,7728.130041418938,1248.244535904534,0.19837511480085074,0.11603324381299503,0.17249633,0.058130436,123.046875,disco.00028.wav,disco
-58.975624,42.965057,68.86752,18.379627,-8.4672365,15.012517,3.615686,13.656401,5.0683937,11.421463,3.2651877,10.557555,13.515075,9.727754,-1.3705546,9.317371,1.667458,9.204244,3.7045982,8.657555,-3.7095897,9.24062,-0.32859462,7.444044,-2.8358054,7.731062,0.3110236,0.2613087,0.36772388,0.29399946,0.35283908,0.2816551,0.3997704,0.3097447,0.48791343,0.3463257,0.44132078,0.3257487,0.47241455,0.33704072,0.4308545,0.30232477,0.41895887,0.3361469,0.31477052,0.2725074,0.29436928,0.25406256,0.3166317,0.26677608,3075.0244878578837,619.94450848007,3031.615634682487,345.2536567200578,6847.716803672419,1414.2929966240379,0.13853592662412992,0.049947668202086154,0.14753455,0.0564272,103.359375,disco.00029.wav,disco
-40.752613,44.738476,63.94863,20.888952,4.9002733,14.77296,16.338194,15.727586,12.109656,14.130781,9.335104,9.620658,4.537441,9.524716,5.185624,7.9882135,-0.590275,7.651596,-0.08554627,8.300962,2.94747,7.1655045,-1.4827536,6.375504,-1.7634141,6.1911435,0.49326965,0.29753938,0.42275792,0.2441795,0.4943019,0.3026395,0.4710125,0.23530242,0.47001737,0.32285902,0.341682,0.22101684,0.35747886,0.21990778,0.42243013,0.28478158,0.43605733,0.258685,0.51560605,0.31262448,0.43623644,0.26427382,0.5405803,0.32726994,3167.957019535548,819.0741177855821,3047.7515848614516,283.07154963783694,6935.539964290893,1303.3898547183107,0.15077543443058777,0.07709744949443906,0.16993791,0.06810467,135.99917763157896,disco.00030.wav,disco
-66.57301,49.257088,58.33059,18.325169,-8.167375,16.09326,15.471976,15.339711,5.5654945,11.911501,7.6850796,10.979997,4.063464,9.250974,-3.5938892,9.649752,-1.3324877,8.399182,1.6080923,7.1183877,-5.4819927,7.13624,-3.7419508,8.083543,-3.2483392,6.595241,0.35350525,0.25994322,0.41031882,0.2815536,0.46098998,0.29339182,0.3189783,0.22290634,0.37540394,0.30259022,0.32057506,0.22618881,0.5033431,0.30344424,0.5408625,0.32932293,0.42337793,0.27208644,0.45087242,0.30883536,0.36117774,0.23459817,0.4867573,0.31187317,3256.824592073175,623.3646623993362,2898.247907370289,305.4106859890925,6681.488136238399,1261.0424183339942,0.17375184285576178,0.05280381827228558,0.11573668,0.050111663,123.046875,disco.00031.wav,disco
-123.33121,76.68847,86.98849,30.941164,-22.510225,22.818596,6.942469,17.579065,8.465196,13.024635,12.644246,11.94425,-0.8552823,11.493529,-0.8346987,11.117656,-3.2606728,9.631078,2.6243713,8.520924,-0.7705085,7.8790393,-0.41433403,7.9574604,-3.8346293,7.8944664,0.37948027,0.31874958,0.2942013,0.24077983,0.3922879,0.32743728,0.35718754,0.28422257,0.4677676,0.32400542,0.43462318,0.33891818,0.30316427,0.25603658,0.32163286,0.28465727,0.3763904,0.26177204,0.59397936,0.33780175,0.24307744,0.17852667,0.25712228,0.22372364,2446.973203805007,700.5017390030247,2449.1310646825214,464.0904147195431,4958.0408366263055,1628.0685161172148,0.12325117519818252,0.05248418729570098,0.11106248,0.06635987,112.34714673913044,disco.00032.wav,disco
-57.81615,46.60169,86.559784,27.832134,-11.807115,21.25846,38.770008,14.909529,2.3708022,10.997074,8.82681,8.94972,-1.2821877,7.636306,9.910632,7.913347,-1.6604491,7.153194,9.840833,7.449464,3.0085049,9.270756,7.504814,9.239081,1.7077206,8.667986,0.4586605,0.31619126,0.2908446,0.21648896,0.33762136,0.30176222,0.27619293,0.2203142,0.45758694,0.2626715,0.63802445,0.3403262,0.36891723,0.23302984,0.37891144,0.28806025,0.34541065,0.23119482,0.50055367,0.32620528,0.33764407,0.26638818,0.31227314,0.24125415,2450.056640885936,638.719752828337,2387.70491588244,418.5192241473342,5023.3482272331785,1342.5506404361427,0.1244871725154679,0.04078962144956128,0.15692227,0.03213705,129.19921875,disco.00033.wav,disco
-65.7685,40.114735,52.818344,13.915545,16.573313,18.008608,12.561863,15.04238,5.6153107,11.641636,8.380825,12.377053,-0.6204211,8.580813,-0.6156937,8.235007,-4.0818486,8.433347,0.6821997,8.967877,-7.784731,7.863788,-1.8936242,6.9705753,-7.254853,8.443518,0.23292899,0.18940732,0.3737148,0.26162532,0.51720893,0.34992623,0.37882525,0.2681481,0.36420062,0.31611422,0.35039794,0.27286232,0.48755828,0.3175097,0.39396793,0.30902183,0.30736837,0.24454461,0.35535145,0.30932826,0.23649417,0.1923151,0.29424274,0.29017788,3653.6600399416443,564.2258009131604,3234.1174131634207,248.78310495151797,7835.304773600638,745.4458236738682,0.18081285044470224,0.056607360522882205,0.122863606,0.04482422,129.19921875,disco.00034.wav,disco
-51.76516,43.273296,55.671803,24.290071,11.406057,17.406502,7.478552,13.193807,12.002954,11.098008,6.2611246,8.120708,4.352581,9.159875,4.310239,6.8469725,-5.940638,7.4657116,0.56399125,7.25177,3.5921662,9.728291,-2.3924642,6.9279313,-5.827445,7.108291,0.27408034,0.20322043,0.29105976,0.23334916,0.35836107,0.23391783,0.57846016,0.33432308,0.4494136,0.2749515,0.45316622,0.2994716,0.4489005,0.2898568,0.375735,0.25781947,0.39332438,0.3257612,0.3767941,0.24835621,0.51114774,0.32172793,0.32002246,0.21769421,3623.47282265526,957.3428470594141,3229.7424316853844,327.68475197957,7702.866414860064,1379.9214088795866,0.17633637253480278,0.08559098138055381,0.15245456,0.06625475,123.046875,disco.00035.wav,disco
-23.554235,39.79892,57.342735,17.07367,6.998448,15.810548,16.543451,11.924015,5.511961,9.095408,11.862946,10.499895,1.6884779,7.482938,5.4613194,6.7125325,2.7518313,6.9214764,7.33802,6.8162646,1.9618068,6.443497,1.2653592,6.8612223,-2.344999,6.7246857,0.5258702,0.30877092,0.40978295,0.25075015,0.4497814,0.30199227,0.3254977,0.21937674,0.40041357,0.24619716,0.49463505,0.31131494,0.3750326,0.21390486,0.5291292,0.30915645,0.42428035,0.23543972,0.5326158,0.31291893,0.36449835,0.22998792,0.38581225,0.2382652,3347.8914159725437,541.2834710333093,3013.0752700610165,268.3948699564124,7057.02020419446,952.0325364241113,0.16203007178074247,0.04992473032857326,0.17306404,0.055017397,135.99917763157896,disco.00036.wav,disco
-26.572124,42.129322,52.05681,17.496393,4.1798263,13.88758,12.867351,13.309794,16.744804,10.879806,10.1250925,8.273087,4.477274,8.214035,6.3274975,6.8389225,1.1676531,5.8712263,0.65146893,8.047787,4.6326404,9.531499,2.135598,5.6924806,-3.3680081,6.997325,0.39841503,0.2640336,0.50223505,0.27305397,0.41656885,0.2523349,0.41654092,0.27475375,0.45228037,0.25967655,0.5760636,0.27600205,0.74052167,0.29268646,0.5112841,0.25651842,0.40188232,0.26402706,0.34514242,0.23496754,0.39560392,0.29365674,0.29696816,0.20301995,3637.157091722293,697.6321424922365,3198.9280541157386,247.22808655681,7770.988276718387,1005.5520552783017,0.19001126860982212,0.07170260970224263,0.16394664,0.060291562,129.19921875,disco.00037.wav,disco
-77.44353,42.249832,52.192024,21.767448,-9.003063,22.018091,12.85945,17.29311,8.564754,12.889573,2.8909404,14.915568,8.93061,12.433852,4.0074058,9.923438,-7.3485837,9.494564,-2.2597075,9.620102,0.9599889,8.181293,-1.0451939,8.6439,-3.765717,7.865193,0.400219,0.30104625,0.33379132,0.27376622,0.3741684,0.3144328,0.33591,0.27138528,0.41538525,0.2864096,0.48489475,0.3236273,0.40158546,0.2909892,0.44751728,0.33219057,0.3618177,0.2859148,0.3021404,0.24290739,0.2822022,0.26961526,0.30759603,0.25680214,3353.4041591983114,749.5779564441538,2986.9225933221205,334.20460069348394,7042.789638014791,1328.5799425018574,0.16820212804524362,0.07508175574420592,0.11308772,0.04343488,123.046875,disco.00038.wav,disco
-107.419014,48.789143,91.06335,26.601046,-8.360448,24.056276,34.299168,17.335608,-1.9180146,11.332028,3.7762592,12.302937,10.525865,9.26958,5.5680933,9.764372,6.945284,9.480036,4.772103,8.01221,0.68487173,7.887131,-3.846765,7.036877,-2.577472,6.7907925,0.24240384,0.21846053,0.19388166,0.18254295,0.33957765,0.3112994,0.29252928,0.22412924,0.44180164,0.32364416,0.27014732,0.25138938,0.33374453,0.27344278,0.52435863,0.3740718,0.33921278,0.2084604,0.49004668,0.38005754,0.23676533,0.17639574,0.38825962,0.348937,2328.0941748431023,581.2127515619255,2431.626228701913,506.60545982000144,4866.670443010441,1400.9827507284613,0.10115843121616395,0.028203723818170476,0.12429802,0.036109798,112.34714673913044,disco.00039.wav,disco
-78.310104,51.159393,80.05325,25.297215,-9.145553,16.85681,25.454119,16.724703,-3.3875406,13.183584,16.801464,9.21427,7.2613983,11.656363,1.816661,9.928648,0.4876322,9.903823,6.316795,8.009717,1.4947495,8.161077,2.1649706,7.764477,0.6583117,7.828766,0.34805316,0.27238408,0.35831308,0.21763246,0.5207785,0.30055112,0.39601743,0.2529283,0.43687147,0.28915966,0.56091136,0.33739936,0.48732612,0.27340585,0.5967426,0.3440457,0.37619215,0.2498636,0.339444,0.23599671,0.34009218,0.2524078,0.2891037,0.20437053,2606.2991274506444,639.1522457477892,2534.060693426273,355.99772132201963,5354.906263594838,1242.855655885219,0.1264267026778809,0.0492677723323505,0.1451297,0.07557727,135.99917763157896,disco.00040.wav,disco
-122.0258,65.95683,116.833405,30.262121,28.316168,20.095858,24.712555,16.739193,10.907239,13.9085455,-1.897335,11.67453,-1.3955237,11.193022,-0.9501111,8.071874,-3.5476987,8.91862,-2.6201527,7.9507256,-1.1254318,8.1761265,-4.189509,7.4846067,-2.5425723,6.5585575,0.22459142,0.20189865,0.3639415,0.27534866,0.42324677,0.32687736,0.32929823,0.24937779,0.41298804,0.33796367,0.30044988,0.26781067,0.36541504,0.3179985,0.32173273,0.29996338,0.3556386,0.2353275,0.5750915,0.37843308,0.3130139,0.2222916,0.28275517,0.28063062,1776.2078695953194,786.9542782544156,2452.39520455993,555.140153584914,3874.369482761746,2176.129748324654,0.05384424243522815,0.036511934773104916,0.17539127,0.05853175,161.4990234375,disco.00041.wav,disco
-62.335667,59.254574,92.05891,24.119522,-19.73222,19.773869,17.626944,10.788774,-3.195096,8.64226,5.4077826,9.5272455,-4.0143547,8.17262,8.878788,7.3227906,-2.5088322,7.0704994,3.154782,6.0853753,-0.53769916,6.7977114,-1.5001122,6.3283677,1.2933992,7.531952,0.3853221,0.29328793,0.33422586,0.222489,0.63552815,0.34504092,0.39836612,0.23552285,0.34552982,0.2803738,0.25768408,0.21325941,0.3254923,0.22096935,0.54470605,0.3322042,0.405357,0.25299308,0.3871029,0.2799016,0.3196178,0.23937967,0.38961816,0.29143453,2403.5943006159314,553.0299290733072,2394.759734193427,388.33923977313447,4900.7438641966355,1279.6985559201735,0.12164094221287702,0.04013853121317477,0.13595319,0.04370829,103.359375,disco.00042.wav,disco
-62.772682,61.320026,77.844574,36.680622,3.5485418,26.93781,26.009861,15.941671,5.935958,13.828484,11.293566,9.417965,11.112388,9.861107,-1.9588369,11.016093,1.8317076,8.329404,9.176684,9.193577,4.068672,7.7801547,0.9862056,7.060994,5.6128936,8.202346,0.5090176,0.34581438,0.35272557,0.23370093,0.41143152,0.30977264,0.3622219,0.26251504,0.4482587,0.31490013,0.3763238,0.29282397,0.37596217,0.26245973,0.44562867,0.29307592,0.44064844,0.26409864,0.49796063,0.32235408,0.4133105,0.2862341,0.4088721,0.25641087,2875.4360880726217,1129.124792228151,2761.0276574989916,731.6816930343933,6020.828480731583,2426.5366914598762,0.1347388129592034,0.07237231866032515,0.17365672,0.049395487,129.19921875,disco.00043.wav,disco
-71.29618,63.755375,97.73015,31.022802,-18.382889,20.530876,8.58388,16.43716,5.191988,14.619815,-0.9440428,12.221368,0.4582461,10.938758,1.6218204,8.387465,-4.783834,8.582269,0.06174308,8.646637,-0.5539029,7.8839064,-4.458565,6.853665,-5.319331,6.6860704,0.42172876,0.32134882,0.2893303,0.24009337,0.32195228,0.24009994,0.5320193,0.35019892,0.37964353,0.24200337,0.40125108,0.34581465,0.26108834,0.20136046,0.41105634,0.29049397,0.44945854,0.3360309,0.27015278,0.18374461,0.36533687,0.32942286,0.29961213,0.22358873,2330.184617913994,702.4390766714091,2437.1730406230477,494.96039986210985,4644.4354630401685,1748.406443286407,0.10958987396075019,0.04038928023400177,0.1488845,0.054482732,123.046875,disco.00044.wav,disco
-81.30502,63.2076,106.47955,38.425903,-9.540607,20.55689,17.966782,15.325229,3.0102844,13.7402935,8.300962,12.116322,3.889344,10.04352,4.250727,7.135008,-3.7409382,7.427674,-2.074669,6.155947,-2.2095342,6.575845,-4.5908613,6.628612,-1.1636229,6.753658,0.51489836,0.34542784,0.37194782,0.22582187,0.5359412,0.33569545,0.3951121,0.26463392,0.31836855,0.23669887,0.40615168,0.29909465,0.35578775,0.23071419,0.5117638,0.34463617,0.31445247,0.20152096,0.2779954,0.19356854,0.47827026,0.3270025,0.40686092,0.2318032,2248.030510146551,916.6285634881349,2368.674846952351,571.588510167703,4609.5460117278135,1932.9077058159723,0.10971902491782676,0.06585477861357578,0.13538006,0.053010605,123.046875,disco.00045.wav,disco
-125.7326,55.726585,101.78745,20.108446,-17.478825,21.112417,33.670853,17.78634,-15.239169,12.430192,23.698206,14.855221,-8.662551,12.348305,18.543148,9.983397,-14.054488,8.623553,19.967379,8.749206,-15.139362,8.600386,12.968243,8.366358,-14.305062,9.9286,0.3170255,0.2928771,0.33603126,0.26911998,0.48670113,0.3274996,0.36331046,0.29508853,0.31297913,0.27677774,0.4088725,0.33174798,0.40648654,0.27377242,0.6067849,0.35788336,0.38856208,0.26583654,0.31938523,0.28113827,0.30085048,0.28180793,0.27157882,0.2310078,2259.6134225197134,527.851311800397,2273.0172811820316,370.7581050567002,4889.502632866879,1220.750829048389,0.11419814626836813,0.04784424179231711,0.11295763,0.054811507,123.046875,disco.00046.wav,disco
-280.8543,62.998135,120.81254,24.098627,-37.62976,26.631071,28.712122,16.407255,-10.775235,12.8125105,-6.4053197,13.204734,-13.794428,10.878416,-4.07455,10.168754,-14.849012,10.172541,4.7964478,14.609055,-20.164257,8.630227,-5.091476,8.245018,-6.790002,8.43413,0.23562767,0.3243074,0.15407477,0.22916509,0.18385637,0.29344326,0.15777189,0.2319691,0.23703477,0.32663026,0.22961968,0.3235595,0.21479027,0.28237554,0.33529863,0.39245123,0.24226308,0.27848986,0.29470015,0.36425224,0.17962562,0.24436146,0.18211818,0.26234743,1710.9750338855315,646.9635881489035,1620.237854066107,343.5742183417835,3238.8652049195184,1101.0910516528709,0.08700922636310905,0.05299181927771193,0.046983007,0.032779384,123.046875,disco.00047.wav,disco
-105.02221,49.55293,80.18619,21.724127,-41.07682,22.825403,54.00217,14.877523,-8.363626,12.45913,25.715185,12.358042,-12.457802,10.011857,28.7062,8.962948,-15.013625,8.32559,15.607914,7.530366,-7.6197186,7.513101,12.427019,8.041223,-7.360461,7.6113315,0.35417485,0.2700146,0.3345225,0.2592443,0.5220294,0.32275212,0.54576486,0.30675754,0.562304,0.3176688,0.47966647,0.30357876,0.4126984,0.29527703,0.31447947,0.25253028,0.26529,0.22741187,0.34372512,0.27871886,0.35439882,0.27885422,0.4280394,0.29838058,2617.495747563951,587.1645971656959,2156.578982396535,310.19944438567285,4986.227183330917,1077.135947365828,0.15433765951276102,0.057614203117626654,0.11226138,0.040885862,99.38401442307692,disco.00048.wav,disco
-45.15996,60.111774,98.66788,30.227037,-24.665955,22.360966,40.495197,13.15908,-18.095556,12.315138,26.117126,10.502655,-12.685222,11.877349,13.979276,8.425859,-15.417927,7.8930817,16.17709,7.849688,-14.375685,7.5059295,8.136641,6.8342915,-11.938592,7.8428392,0.43714747,0.25432748,0.3664228,0.28636646,0.3418538,0.2381682,0.44580278,0.30573907,0.34988037,0.28563675,0.3550061,0.22647943,0.4676309,0.30917293,0.33694512,0.2336277,0.4948716,0.32788375,0.39011666,0.27202103,0.461613,0.26999065,0.6076704,0.34671476,2396.988699228778,751.705536211847,2208.615403294916,366.6421485395024,4920.578392365139,1324.4168668540701,0.13527580904389017,0.07364665179775771,0.20944752,0.085009255,123.046875,disco.00049.wav,disco
-45.837555,36.45376,101.74323,18.102816,-32.09262,17.155943,34.283173,12.536889,-17.53784,10.789085,32.319088,8.875129,-15.645128,10.004963,22.037209,6.84498,-16.113321,7.3003235,18.675735,8.387241,-13.077868,6.88936,16.480183,6.305199,-9.910721,5.7743187,0.63933337,0.30004275,0.3522061,0.20331632,0.37844616,0.21543375,0.5529976,0.29480505,0.38021457,0.18834698,0.41039813,0.27539274,0.4210833,0.24840835,0.61644924,0.27198166,0.38748538,0.22682782,0.33113116,0.21171166,0.50563484,0.27930352,0.4382093,0.21327825,2376.0247896611013,442.5782138241662,2258.317118856743,260.9700269593375,5006.06171149942,956.4698128288642,0.12873971323955916,0.03609539862383918,0.15894556,0.04235904,107.666015625,disco.00050.wav,disco
-77.267006,40.75301,89.39314,17.896606,-34.23403,16.989126,38.691704,12.1107645,-22.262562,10.631293,31.242887,8.584288,-16.381735,9.770701,22.33546,6.7744856,-16.01921,7.1754603,19.276945,8.112554,-13.239378,6.834851,16.7234,6.0537205,-10.390649,5.628231,0.6304535,0.30108657,0.3566092,0.20224161,0.38979825,0.21324243,0.55484486,0.28902245,0.39184475,0.1891073,0.4203767,0.27403557,0.43868935,0.24810348,0.63951015,0.27232558,0.3939381,0.22400638,0.3464889,0.21395122,0.5197389,0.27902624,0.44284385,0.21361779,2650.7330123265733,454.80920178122386,2308.757448778504,231.34070766244935,5370.86048524507,842.713305315325,0.15762987601508122,0.04219049947921854,0.10630639,0.035164546,107.666015625,disco.00051.wav,disco
-70.546455,40.5216,90.50209,18.864855,-48.061337,18.194855,36.66895,14.286805,-17.68213,12.809286,21.58345,11.517267,-30.1917,9.950002,24.033106,9.904495,-20.452553,9.265321,14.475555,8.804853,-18.49691,9.283884,9.121702,7.342187,-12.047788,7.7160892,0.41456097,0.27653137,0.38013008,0.23166664,0.5316748,0.30619445,0.3371552,0.21861745,0.38866994,0.28001487,0.4006767,0.29044765,0.38504776,0.27120408,0.4406825,0.3010296,0.3440432,0.22334637,0.49198192,0.3116611,0.45797467,0.28133422,0.4234704,0.2814419,2590.895265318272,506.28413060580397,2163.0263132154587,259.04248798138286,5061.243667071491,973.5687066503089,0.16977497522718485,0.05170602925531263,0.1252895,0.0447995,123.046875,disco.00052.wav,disco
-108.56484,106.618256,69.97128,41.692387,14.885138,37.907406,45.513443,16.891365,-5.3743443,15.34725,41.795094,11.706842,-13.517867,9.438795,32.5666,9.156741,-20.381012,9.07069,23.436947,8.257246,-12.128745,7.2532535,18.002752,6.7302356,-9.027057,7.2228494,0.36428085,0.23108432,0.43515736,0.30530038,0.44301322,0.2575703,0.55657154,0.32190645,0.40975833,0.2762189,0.4039452,0.2560795,0.45212814,0.28600734,0.516456,0.23173086,0.66000247,0.30299035,0.5457084,0.2580544,0.47069332,0.25937,0.35629413,0.2485147,3078.4715203424153,1109.3434301290492,2709.9647708913444,385.70442727772473,6405.67828043431,1333.8125370350788,0.15421266253383603,0.09952156086402433,0.172544,0.073004656,135.99917763157896,disco.00053.wav,disco
-226.30965,62.066917,78.28395,26.99539,7.82392,25.250843,53.82357,15.79567,-1.1362898,13.826316,11.3054,13.485782,-7.822295,13.386917,24.358282,10.477579,-14.937524,10.813013,18.476454,9.9877405,-19.132421,9.657245,6.134009,8.234867,-10.059035,8.324498,0.40753826,0.34556803,0.2957662,0.23719266,0.3477011,0.29291075,0.4362695,0.28466514,0.5245264,0.34398323,0.37675372,0.27550134,0.26498625,0.22312915,0.39539093,0.30891967,0.47423223,0.2983484,0.5276589,0.35057315,0.3982827,0.286816,0.3667011,0.29680696,2565.721387688884,908.5226813984652,2533.545587108637,336.56751738583904,5520.260613036543,1464.2287359449151,0.11460297032095901,0.07462067943529209,0.052147932,0.025790488,112.34714673913044,disco.00054.wav,disco
-103.10111,52.61859,107.495964,21.092018,-33.53895,21.171625,52.786156,11.736701,-9.130404,9.919994,30.337116,9.33202,-9.325207,9.521477,23.037294,8.084432,-11.889162,9.275933,18.169134,7.1180487,-7.546332,8.4838705,9.40074,6.371556,-5.4251604,7.065431,0.6206455,0.33754706,0.4465196,0.23071155,0.456448,0.2633775,0.38860533,0.25851253,0.42583355,0.25989714,0.4384865,0.2820997,0.41017976,0.24423474,0.5691259,0.29704362,0.40845698,0.22764558,0.4597509,0.3080723,0.48038596,0.28984648,0.45353246,0.24301048,2108.2221109107227,494.55642177338484,2072.4417848927824,346.59097841864394,4398.119267510151,1053.3300222289404,0.11039008120649652,0.04176129223989711,0.12146718,0.043111924,129.19921875,disco.00055.wav,disco
-182.81174,55.894035,124.19493,23.993366,-10.053613,17.328543,41.57794,12.428937,-7.377843,10.770164,26.939072,10.74687,-12.35473,9.778488,19.813566,9.244019,-16.044252,8.67875,16.194204,8.393029,-10.250695,7.3734727,3.1294541,9.016767,-8.979432,6.866571,0.32339326,0.27858683,0.27854386,0.24379614,0.307918,0.29274657,0.28787827,0.2511629,0.36308044,0.32776597,0.35349628,0.27541128,0.51747173,0.32906178,0.4883875,0.34601566,0.31436273,0.23657896,0.3468978,0.3165344,0.31326845,0.24285443,0.40623268,0.3387863,1755.0626026809587,564.6004679402192,2043.032911812032,361.30019178706596,3815.532045297999,1284.9249682073394,0.07692752138921113,0.03753710586681101,0.07617771,0.02974641,89.10290948275862,disco.00056.wav,disco
-143.2467,45.255947,122.61794,15.264724,-23.91729,17.453758,28.138706,13.577427,-23.6903,12.243392,23.092947,9.69523,-17.904812,10.246942,18.74588,7.788897,-18.637712,8.70922,18.351133,8.12712,-13.917981,6.711999,9.725552,7.024099,-12.233235,6.3162065,0.41437697,0.31587014,0.27856994,0.24589787,0.33675802,0.22434899,0.58175606,0.34063447,0.34625596,0.20906314,0.35043228,0.32092774,0.2585488,0.2127348,0.3922002,0.27330488,0.5199594,0.33523118,0.32461986,0.21348886,0.34565943,0.3103852,0.2921854,0.21844143,1937.5108828466307,360.1011169636636,2099.6513207178596,257.5465708966369,4163.010995957801,933.708918328973,0.0924305454853055,0.023812962347756,0.07616043,0.02316184,117.45383522727273,disco.00057.wav,disco
-109.57256,55.365185,104.138245,23.447008,-16.223967,21.131351,45.349792,12.847248,-10.189363,11.51293,25.546944,12.692075,-17.156565,9.668586,22.264034,8.566496,-16.84386,8.264199,16.52762,10.512909,-12.082589,9.039366,8.661935,9.067588,-8.848724,8.09996,0.39347732,0.29551792,0.37381363,0.26405007,0.43857956,0.2992071,0.37775323,0.25793472,0.4665941,0.30627817,0.46186692,0.32117158,0.37366015,0.27575058,0.38655782,0.2863037,0.45720232,0.2951513,0.5255323,0.33605173,0.37992194,0.29572213,0.37288052,0.2868145,2218.099825491157,624.8428530002809,2245.304793079398,314.2226090720175,4744.0410994598315,1166.3987903146206,0.11094558137567673,0.06027076016609382,0.122181386,0.048163537,129.19921875,disco.00058.wav,disco
-109.0909,64.21497,106.83238,31.990522,-18.271952,20.807882,23.419096,13.133112,-17.746166,11.357527,19.014435,12.904616,-13.604414,11.768283,18.686167,9.411705,-18.363712,9.728641,18.390692,8.750162,-9.709161,8.132791,11.85656,8.909674,-5.5525517,8.574073,0.37901652,0.27107555,0.44851035,0.307004,0.49613288,0.34412378,0.31713772,0.23401557,0.32522455,0.26909992,0.3134856,0.23440585,0.43898827,0.32222426,0.36783084,0.29209056,0.3492663,0.26734364,0.45100856,0.31036454,0.44057053,0.29090846,0.51833606,0.3514614,2280.0273192565046,762.9716907485442,2270.0535108917884,390.1779426113882,4829.1746913971865,1528.253015942512,0.11017558488012374,0.06896586554740962,0.116905145,0.053544804,123.046875,disco.00059.wav,disco
-121.1838,59.35416,116.97426,26.072098,-22.78105,21.41086,45.153744,11.896816,-4.218045,10.9791,30.24878,9.731951,-12.239501,9.215429,21.706038,7.987537,-16.536747,8.857132,16.226421,6.9972425,-10.650368,8.263561,7.3293166,6.615172,-9.341281,7.00034,0.5877527,0.34927198,0.39922667,0.21791613,0.39005992,0.24537137,0.34512293,0.25322387,0.40347514,0.26226276,0.43795773,0.30193055,0.40759817,0.25426868,0.5446559,0.30115357,0.3822567,0.22366177,0.43029323,0.31215048,0.45765558,0.2965868,0.43279642,0.23709328,1974.5076873650016,592.5015269469305,2089.6314580753333,424.860912864752,4249.843262851653,1400.465672951527,0.09297320608565351,0.041204843203510845,0.11445442,0.040772945,129.19921875,disco.00060.wav,disco
-91.98377,73.534546,87.6401,22.862232,-2.0667956,24.729223,34.27815,15.726048,-18.12457,15.136001,19.34566,15.799397,-14.665754,11.9429455,17.112078,12.134771,-15.336202,9.222271,17.028185,11.038783,-13.534051,12.20654,11.835089,11.01673,-9.81468,11.804406,0.43290183,0.37335098,0.3216491,0.2944016,0.36638525,0.34057626,0.3444401,0.33577526,0.32155576,0.32348436,0.33517438,0.33431965,0.33299035,0.30125055,0.35291415,0.33987236,0.26963547,0.2987313,0.24492773,0.2810503,0.23906168,0.2758839,0.3180065,0.30767947,2549.269756774819,695.078336134321,2485.5245481826305,368.5253036675965,5583.144893779002,1395.3905452410743,0.11583368075696056,0.05042695707178485,0.1843397,0.09847665,123.046875,disco.00061.wav,disco
-107.9877,71.68676,81.93319,25.955545,-30.605755,26.209597,41.328526,17.743576,-8.496704,14.271316,31.341997,13.156294,-8.859783,13.473044,26.03168,10.013383,-8.266655,10.691155,17.888088,9.435247,-4.6463256,8.892893,7.425041,6.7535095,-4.3540487,7.7024765,0.4757338,0.32928237,0.38168716,0.2682959,0.38479748,0.27799,0.41015592,0.3131164,0.40454254,0.25566685,0.5010847,0.32958534,0.40384337,0.25152966,0.5069089,0.318612,0.33538672,0.25444636,0.4119999,0.29966205,0.46618953,0.29854357,0.441493,0.29594603,2387.679352105525,660.6909571697469,2191.294481593388,315.777903224912,4919.995513703596,1186.2188524167655,0.12762833526682135,0.06211223744246142,0.15107872,0.0920192,107.666015625,disco.00062.wav,disco
-51.742363,53.38196,70.33154,18.885344,-3.8982093,20.398638,49.74502,13.618132,1.5872374,10.956998,35.711365,9.318079,-4.094437,10.844304,24.790552,8.334377,-9.71473,9.601029,22.046331,7.968079,-6.11539,8.231492,17.181833,6.769822,-2.779346,8.63816,0.6459963,0.28935447,0.5420227,0.23508835,0.5185099,0.24610133,0.56256247,0.28345358,0.5450286,0.25026456,0.60505253,0.31820086,0.5020061,0.22823502,0.50882506,0.21605247,0.5234872,0.27273518,0.52500147,0.30049345,0.5329398,0.28205562,0.5655917,0.26924244,2583.5803998593105,663.6360800913601,2626.602117682715,351.1224779105103,5856.390083472303,1245.5604497274805,0.0997170007975638,0.05809251219473973,0.29373232,0.11058805,129.19921875,disco.00063.wav,disco
-189.154,86.28466,93.94434,22.827597,7.849922,29.293034,41.894196,17.233057,-7.1112595,13.604068,31.876925,10.553481,-12.5919695,11.01678,24.209433,8.480699,-6.070887,10.476702,24.529634,9.686085,-6.031069,12.192029,16.755129,11.469818,-2.0233445,9.864498,0.6106062,0.39697826,0.44274458,0.26313514,0.36713532,0.28544688,0.29383627,0.25235945,0.3623236,0.3282666,0.37514362,0.33041978,0.38157335,0.305915,0.4518356,0.35816553,0.28955466,0.25330585,0.25123167,0.22787163,0.31273526,0.24534981,0.52130616,0.32336998,2144.867078927163,715.1528041572228,2403.8472224133425,398.62961279482874,4947.807152697216,1507.7690391155134,0.0648764531370843,0.03661561542599661,0.0921835,0.031151023,123.046875,disco.00064.wav,disco
-106.294304,71.58029,105.61095,21.98089,-5.504287,29.363705,50.051487,15.013894,1.2501888,11.433593,36.981842,11.039218,-9.61505,9.352426,23.992409,9.892115,-8.664799,8.014008,14.959678,8.132009,-2.5357456,8.36656,9.751112,10.042686,-0.925196,8.057628,0.41913238,0.2633797,0.42413402,0.27303728,0.44465148,0.29119822,0.3704514,0.26665914,0.42820477,0.30899394,0.5006526,0.2751588,0.68241024,0.2893677,0.50901735,0.2926002,0.40798566,0.2446661,0.4790437,0.28515202,0.43520886,0.25856933,0.5498683,0.3218591,1887.0062144326305,561.9770463134364,2190.841931924479,323.8456188603687,4363.138220979554,1292.7437021416213,0.07361868897428461,0.0449081307787439,0.18529183,0.07458666,129.19921875,disco.00065.wav,disco
-57.611416,61.275673,96.703575,25.420036,-24.457253,22.30021,39.99736,14.549473,-17.280684,12.712932,27.833838,9.817218,-13.284011,11.790059,23.197868,9.042152,-16.52066,8.107395,19.428204,8.467241,-15.479724,8.485673,11.827778,8.491838,-10.570341,8.726283,0.42518958,0.2658646,0.44804567,0.27341086,0.4585501,0.2902781,0.44786248,0.28108862,0.58629954,0.3264062,0.43585995,0.27167955,0.40639275,0.28154323,0.43886137,0.27288967,0.43884146,0.26657522,0.51893157,0.2991388,0.39414752,0.24078877,0.4101236,0.2761202,2492.590012831298,698.076725943564,2277.528939593561,334.5617257274214,5114.010839617169,1227.5349597458494,0.13856991371809746,0.06313711090046187,0.16955869,0.06248874,135.99917763157896,disco.00066.wav,disco
-103.8082,43.100224,92.46262,19.955856,-27.213505,16.89169,39.22121,13.7052145,-23.041712,9.325295,20.625483,9.312099,-17.76918,7.8618703,18.95148,6.5694795,-15.207714,7.5971065,16.388752,6.8490124,-14.656909,6.6601996,12.241646,7.0815454,-14.979623,7.2364497,0.30299798,0.2443868,0.4175317,0.31593668,0.35442045,0.27536795,0.30957806,0.21461767,0.57226306,0.3483213,0.33016276,0.20387521,0.33648804,0.29034197,0.24086304,0.20069857,0.3455325,0.24797566,0.51740396,0.3367599,0.31200734,0.21776195,0.3398882,0.29675618,2541.894374434493,508.6888800124051,2289.5008819088134,251.6098001888666,5183.456668720998,945.2161048837702,0.14323520881670534,0.05301219828979466,0.09131899,0.030679667,99.38401442307692,disco.00067.wav,disco
-93.356636,43.86873,77.85465,21.245514,-8.789851,19.613928,42.06367,12.943141,-11.246891,8.713273,24.241188,10.819077,-17.913877,8.245236,22.249004,7.486209,-16.031782,7.3545947,16.69252,7.0945387,-15.664026,6.47885,15.410893,6.8904786,-18.117002,6.5967937,0.3845163,0.21611954,0.60640603,0.305522,0.36654046,0.20214927,0.3520091,0.26133817,0.39022446,0.29082167,0.44151035,0.28243324,0.5619341,0.3430379,0.39152166,0.21960883,0.4362586,0.30824143,0.30849954,0.21056671,0.36975726,0.278789,0.38471645,0.29757702,2956.079112286355,721.0518134011324,2599.631125753222,287.634365087441,6131.50048488254,1098.9377541771562,0.1626135168938515,0.0743956703196745,0.10675535,0.04099598,107.666015625,disco.00068.wav,disco
-118.40577,38.65522,114.235756,17.572723,-6.7641063,16.428621,37.393322,11.410586,-17.423431,9.516554,28.37048,9.87548,-23.71712,8.53853,9.2814455,7.525514,-10.434624,7.143815,12.624009,6.655508,-5.1411767,6.3262405,12.2523575,5.6800356,-3.8654878,5.188934,0.5612374,0.34365913,0.29555434,0.19199295,0.36741683,0.2504746,0.54885405,0.3314476,0.4015603,0.23921669,0.49005064,0.3583897,0.34871563,0.23708075,0.39531058,0.28766343,0.2768914,0.23841368,0.2805935,0.22617458,0.33512002,0.26132357,0.37111562,0.2451357,1931.0406859349848,434.2281928606601,2209.1348619329783,207.9278346686053,4516.06060125435,842.4905265188692,0.0836037195475638,0.03576661668971664,0.11154942,0.041623585,107.666015625,disco.00069.wav,disco
-81.76208,40.597336,97.613686,17.98495,-27.614212,17.126638,36.65628,12.304926,-17.259203,10.741595,30.749075,8.700987,-15.952651,9.919299,20.968424,6.8577347,-16.221739,7.3175745,17.413183,8.171074,-13.369761,6.806844,15.092774,6.0983577,-10.377819,5.6307793,0.6378009,0.299394,0.35673523,0.20561066,0.38104856,0.21997297,0.5422369,0.2964053,0.381917,0.19225842,0.42357937,0.28114265,0.4337211,0.25193658,0.6155487,0.27115542,0.39329857,0.22796403,0.3442482,0.21700522,0.51184297,0.2806363,0.44435638,0.21188901,2449.2386358180374,460.8469192791283,2311.514117756808,251.28040589355004,5184.522503987819,931.4114418214605,0.13458360523008508,0.03890252352221482,0.11097853,0.03729322,107.666015625,disco.00070.wav,disco
-105.534485,39.870087,79.2504,17.785702,-15.200756,19.095165,40.806816,11.674234,-12.249134,11.431598,23.534966,10.943609,-19.939602,9.213918,27.30581,8.827291,-16.492477,9.656318,21.520199,8.553065,-11.67163,6.67859,13.985745,6.695359,-10.76467,6.5251594,0.49286744,0.31823984,0.35384673,0.2697061,0.38229108,0.26567173,0.5729228,0.31285837,0.55714726,0.2543827,0.648279,0.31913015,0.38139874,0.2111066,0.32601854,0.22603552,0.34239307,0.25012946,0.35879987,0.24410403,0.4112021,0.26172537,0.3996894,0.26035494,2809.0680167308506,598.5803586732377,2531.020800907524,225.9248405040599,6001.635119090777,850.7884287523483,0.155900310566512,0.06834432843384748,0.09810153,0.039563436,112.34714673913044,disco.00071.wav,disco
-128.43967,64.66723,67.26243,24.405067,-36.92178,23.272621,40.891,21.004185,-21.749369,16.785011,23.135218,14.99915,-13.251678,12.11666,13.081553,14.226267,-14.004083,10.698614,17.78703,9.632456,-15.169231,9.029938,16.377792,9.695296,-10.453286,8.219309,0.33883777,0.23899509,0.4878461,0.25728732,0.6150218,0.311945,0.4025449,0.23222248,0.4725678,0.34149167,0.36652595,0.23746659,0.41106427,0.27054912,0.34948438,0.26927754,0.39911705,0.26585925,0.5688204,0.31286508,0.40232363,0.2531279,0.39736435,0.2882797,2902.9084645115768,673.8897816874188,2302.244809669843,279.25148097554967,5470.108067629785,1061.601424523833,0.18406730350928074,0.07712601019569983,0.08449229,0.039793257,135.99917763157896,disco.00072.wav,disco
-95.26957,55.212173,82.22649,21.000196,-26.235989,15.370494,37.510376,13.485008,-16.362791,11.495807,25.28815,8.239267,-21.807663,8.917985,21.805656,7.76128,-20.065622,6.700303,16.303896,7.087462,-16.122408,6.5056434,14.430956,5.8443604,-11.909069,5.827282,0.38438427,0.2722647,0.39900783,0.20875403,0.6498641,0.29665574,0.3505548,0.22258052,0.4091961,0.25613147,0.5110661,0.3193352,0.44865334,0.2535233,0.6210065,0.31155226,0.34409034,0.20121536,0.36890298,0.23941675,0.4468661,0.2574127,0.4224279,0.23504081,2847.3774256059255,561.4130674666424,2460.224228637339,228.43823708419507,5925.935834632395,869.785200117301,0.17634505812548337,0.06719855283357536,0.095505424,0.04157332,112.34714673913044,disco.00073.wav,disco
-40.81154,42.304077,86.80334,17.950958,-26.940329,19.180212,34.944283,11.5721035,-20.044638,11.504754,21.66503,10.850846,-23.949266,9.264314,19.2741,8.706292,-17.52948,9.613287,18.05118,8.701264,-16.0186,6.7563033,12.443822,6.825555,-13.879082,6.3997593,0.47343984,0.32167104,0.30147097,0.23932622,0.34018064,0.24463892,0.54410565,0.3271008,0.5159398,0.2473669,0.63231695,0.3278688,0.3209496,0.19549972,0.28051546,0.22666949,0.32220572,0.2505748,0.349259,0.23941918,0.39672756,0.2620629,0.35657266,0.23314,2648.809544128405,515.8240594228262,2384.0748672591576,227.5015547356889,5546.0321767147625,865.8305991727718,0.15107338795436967,0.05437721561242023,0.17759283,0.0694664,112.34714673913044,disco.00074.wav,disco
-91.738495,38.41949,86.314156,16.237576,-17.3545,16.23451,43.086975,10.696454,-18.393627,10.3640995,34.048004,7.9731064,-18.388496,9.078224,26.830929,7.550102,-13.561455,8.160884,20.20347,8.249482,-14.606949,7.719557,12.665814,7.279901,-12.592617,7.202385,0.47971362,0.3408635,0.43233043,0.29729122,0.42614317,0.27326792,0.36548048,0.24512377,0.36119646,0.26049498,0.38946232,0.29369083,0.42716113,0.27591386,0.58956945,0.3244125,0.5173083,0.27958983,0.41332597,0.25850728,0.3606653,0.24179654,0.3880676,0.25641906,2690.503166212552,467.68888605902583,2480.383035220588,225.7861379275565,5775.486525250145,786.2859777764469,0.12989565206883216,0.04327527230718993,0.110883966,0.035716493,135.99917763157896,disco.00075.wav,disco
-95.91633,54.790085,103.34938,19.264189,-36.49247,20.738956,27.0972,15.477639,-22.864882,14.014326,9.97551,14.75259,-24.651752,10.760101,15.649426,9.493406,-20.1475,8.58453,18.732792,8.310731,-18.555283,7.679663,9.852911,8.477288,-15.085712,8.706449,0.31160358,0.28317648,0.22100507,0.20323665,0.39563918,0.31292003,0.43908125,0.3119937,0.44309327,0.3186598,0.50799674,0.36246043,0.2988442,0.20646626,0.36204988,0.31670994,0.30878946,0.24841046,0.3353306,0.29183665,0.33054408,0.2912075,0.2842074,0.22839488,2251.761016034297,476.56948633166786,2164.9531342533473,281.0082472011986,4557.353391005656,1054.1783769697843,0.12186072542053364,0.04010167500302628,0.12421887,0.05132342,129.19921875,disco.00076.wav,disco
-56.88446,52.57389,97.001236,23.380495,-17.859026,18.833607,44.92799,12.363273,-6.9238253,9.635321,23.798044,10.683416,-23.31005,9.050528,25.989113,6.83723,-10.4754715,9.773358,10.442651,8.051219,-15.224969,8.210116,10.02523,7.8256536,-9.1656065,8.526244,0.55101323,0.3156166,0.37888142,0.23554125,0.40718478,0.29644078,0.34293878,0.23351388,0.42911577,0.30554643,0.3774122,0.26355448,0.3426698,0.24084255,0.49802187,0.33850646,0.41100648,0.24058981,0.5215591,0.35026503,0.32903877,0.2149184,0.40002272,0.30145848,2309.274600517877,607.9429817782235,2278.1626470496617,310.7145090241507,4945.325754966648,1228.0624794142045,0.11758099502126837,0.05351976881752156,0.2065751,0.07055343,117.45383522727273,disco.00077.wav,disco
-182.10767,67.73381,103.43044,20.105677,-18.188179,19.054892,31.197874,18.895746,-12.529232,11.831461,18.83884,13.74399,-12.868975,10.93601,19.372463,10.226191,-17.702715,8.338402,18.492027,9.738954,-14.32581,7.990367,11.538478,8.507399,-11.629478,7.7099423,0.44038805,0.3420474,0.2873209,0.27303925,0.24693923,0.2502155,0.28368074,0.26564223,0.4297727,0.31848538,0.6027057,0.37553015,0.37381575,0.28586063,0.30662906,0.2903183,0.25307763,0.24704714,0.2408079,0.24554177,0.2357292,0.24437623,0.28234613,0.23599653,2218.89166415782,571.3402800977503,2307.129643752943,367.7773772231449,4882.1333812173725,1383.4397072848033,0.09612456496519721,0.046455103185844164,0.06821812,0.037733916,129.19921875,disco.00078.wav,disco
-154.65105,64.643654,97.93247,23.941761,-10.3476305,16.676338,39.127403,11.399198,-11.209807,10.780041,24.103395,11.314316,-11.851627,8.611027,24.192099,9.196474,-13.451448,8.220781,20.55775,8.29513,-8.3087,7.896658,5.8849826,7.9926214,-9.684563,8.410251,0.38840172,0.26767024,0.4242054,0.30118787,0.40624347,0.26646248,0.4475278,0.30658796,0.48504758,0.2667336,0.6476291,0.31202427,0.5115928,0.26796818,0.433393,0.27044642,0.557408,0.3493967,0.39180169,0.25619188,0.39021218,0.2723393,0.3524812,0.24498896,2292.343238495662,655.1082563334895,2348.2576081037573,312.95074473470675,5038.586340813515,1337.0102682197453,0.09976307219160867,0.053861041493325365,0.08474546,0.042140372,123.046875,disco.00079.wav,disco
-219.4053,57.620316,94.67405,24.543976,12.12384,21.653343,48.86188,16.41884,-7.2065644,11.797963,16.64001,17.299322,-15.078675,10.998547,21.71575,8.268716,-19.993557,10.312715,13.237187,9.84404,-15.69585,8.910688,5.0565505,8.489791,-15.275194,8.563148,0.3540672,0.26799807,0.4548778,0.3124998,0.285488,0.2323287,0.30537006,0.29101855,0.33953097,0.26161867,0.54257697,0.3534255,0.48534355,0.3331054,0.3573937,0.26529378,0.4614102,0.3293323,0.3516684,0.23468156,0.42608675,0.34650403,0.3009126,0.24843812,2144.4212945283607,750.5396260429565,2414.5894493235623,322.7698572451971,4958.257334414879,1537.2074493476157,0.08474190956109823,0.04930393307270676,0.05919658,0.03226746,99.38401442307692,disco.00080.wav,disco
-193.1521,113.862816,89.18025,35.427616,-19.990849,20.643051,38.738586,16.537638,-2.7211246,13.623774,17.049927,15.445732,-7.942614,13.3348,16.082537,10.435334,-16.751808,11.975046,7.717519,10.116543,-15.705438,10.906984,9.01895,11.288958,-11.315525,9.876739,0.41588667,0.32637867,0.3455454,0.29466128,0.34028387,0.3075976,0.37609512,0.31007928,0.5528622,0.34636882,0.43159997,0.31149006,0.24586004,0.23201893,0.331508,0.28837538,0.31537244,0.2697425,0.34613168,0.3387674,0.279902,0.26016438,0.32087034,0.2651794,2292.7794270588493,784.2167740589138,2208.6856602596486,398.1106315057534,4741.368184454756,1477.013091126874,0.11640202049497293,0.0678283736376499,0.07869997,0.0480146,86.1328125,disco.00081.wav,disco
-63.611023,65.71709,94.46296,33.38026,-13.432528,19.389004,32.754234,14.446494,-13.734656,18.479574,26.77005,13.069137,-19.403435,14.915551,24.649286,10.082142,-11.669471,11.146231,13.728637,10.351322,-9.449255,9.308911,8.831939,8.257644,-4.98481,8.376902,0.6227138,0.32339007,0.39127284,0.28962532,0.35393146,0.2769309,0.43080637,0.3017293,0.34982643,0.24932909,0.41967887,0.30413583,0.36344513,0.24716808,0.4848189,0.30398825,0.4531553,0.29985443,0.3432192,0.22693186,0.4077122,0.30879214,0.45202863,0.25542492,2577.207725556345,920.827122877641,2387.48142237022,466.36907579803494,5419.988829575116,1643.4671003107667,0.1381975662219644,0.07750676187526111,0.18085705,0.085638694,123.046875,disco.00082.wav,disco
-167.48877,58.56181,112.50459,27.632746,-4.57863,26.3433,37.091393,23.004747,-8.612248,15.569271,27.814657,13.799943,-14.70463,10.768067,18.51487,10.251713,-16.473206,10.341438,13.755432,9.326954,-13.324283,8.520439,10.204631,7.7645116,-11.572749,8.812622,0.3228354,0.22824351,0.39594203,0.29802814,0.43762758,0.2999401,0.45685047,0.2756195,0.5520723,0.36212075,0.4651709,0.31623116,0.3966817,0.28719112,0.41737643,0.29348442,0.48892784,0.31837896,0.38328868,0.28149188,0.30837327,0.24307615,0.34505153,0.2806059,1959.0741388861088,680.3495299785491,2210.6474517094857,375.60552160210716,4352.013565382105,1528.7560204406839,0.08998536289153132,0.05412825398680591,0.08756795,0.03298999,117.45383522727273,disco.00083.wav,disco
-197.21649,95.04201,83.3477,33.062347,-38.580997,27.626331,43.675888,18.009815,-7.3024435,12.733867,25.634623,10.798712,-8.659459,9.173766,13.366769,10.830024,-12.161141,8.66931,12.144545,8.750419,-12.045274,8.355911,10.619484,6.9295135,-2.3993301,9.300851,0.47936124,0.25462908,0.55603176,0.31589064,0.4944168,0.30580142,0.427185,0.28354472,0.43949702,0.30175748,0.3983484,0.25893337,0.47184628,0.2933069,0.4277595,0.26541972,0.52217615,0.3040424,0.5616906,0.30036443,0.6588279,0.2829976,0.6061527,0.27316192,2455.2491577692717,754.7392688175795,2100.2474542715263,298.60811473697373,4726.57972012761,1179.3944007881212,0.15141816814095127,0.08197435460373512,0.06199186,0.048154265,112.34714673913044,disco.00084.wav,disco
-166.88416,73.58327,67.67795,31.791471,11.208783,25.957918,37.441822,20.445047,-10.936878,14.80082,27.39581,13.583381,-18.942213,12.144687,27.296139,8.615143,-15.84909,10.155153,20.541367,8.913855,-8.619039,9.945551,14.184042,9.112796,-6.0462565,8.445821,0.647757,0.2655046,0.52900296,0.27167493,0.5141125,0.28139156,0.5567102,0.25756085,0.63319105,0.2848014,0.5829209,0.28458717,0.52143735,0.28277266,0.5594162,0.29952675,0.54322904,0.27951527,0.52965933,0.27336854,0.53514475,0.2459663,0.66456443,0.27388945,3004.2823843648275,911.248822417874,2745.823220302523,236.43247349749024,6576.211923125725,895.8475315333825,0.1586842311968291,0.09795355151053968,0.089196034,0.055099573,123.046875,disco.00085.wav,disco
-95.78374,59.664555,122.07248,29.149506,-29.341267,28.570837,50.330864,14.444218,-11.952024,14.529001,28.39348,12.975983,-7.055488,11.340863,11.860459,10.687872,-8.614768,9.410539,11.576042,8.121517,-18.401043,7.70521,6.876074,9.74611,-11.656873,7.3923373,0.467953,0.3226429,0.34802872,0.26083028,0.39476728,0.30065095,0.4299385,0.32648015,0.40039897,0.27780616,0.33325452,0.27232397,0.33908477,0.2522474,0.4809694,0.30419776,0.39680943,0.26999462,0.39288178,0.2797437,0.366368,0.275882,0.39157733,0.27123743,1867.9449473321624,641.2348861025397,1875.1005955510302,367.13477750629215,3804.782097411543,1194.4028674486176,0.09446561714520495,0.04593054471359888,0.1652407,0.05387411,123.046875,disco.00086.wav,disco
-100.28072,38.479626,109.986755,22.85638,-26.644407,15.779346,36.837772,13.420119,-10.409534,10.574424,28.786537,11.963551,-14.84601,9.92806,21.287558,7.8682866,-19.685312,7.571324,18.507954,7.668703,-16.396866,7.4920087,9.154231,7.6550364,-13.790873,6.274615,0.45013228,0.33254385,0.36842948,0.26526216,0.35854757,0.29713598,0.39023387,0.32167184,0.38077718,0.28737435,0.4814893,0.33806574,0.42094272,0.29375935,0.4060791,0.30125314,0.38665056,0.30605,0.3390207,0.2711078,0.32014164,0.27388117,0.31352964,0.24000284,2139.9275394701563,576.9130364029891,2190.4788401887386,313.64808927867426,4527.826423379495,1267.0378617145527,0.1002388915071539,0.0499597017902103,0.11922079,0.029245628,107.666015625,disco.00087.wav,disco
-97.904755,37.781956,101.02156,19.500227,-40.56285,12.007121,51.033695,11.163758,-11.7087,8.122596,25.062588,9.400059,-14.040237,6.911136,17.196808,7.323466,-9.614368,6.5956974,16.974564,7.0399685,-7.166898,7.1796865,11.722058,6.4482336,-5.7177386,7.1404295,0.49836344,0.32234097,0.34214184,0.2219089,0.47611463,0.33776012,0.3106283,0.23436685,0.3602904,0.28275067,0.40318322,0.29283503,0.353635,0.2175107,0.57667595,0.3418284,0.3634948,0.23134737,0.4089776,0.29447633,0.30134186,0.22292748,0.38084468,0.25156957,2238.5348872355758,401.31360747911725,2023.290677402401,217.55208935118208,4384.238428527407,753.2111625272902,0.13140618957849962,0.03793605195258232,0.11900523,0.054263063,123.046875,disco.00088.wav,disco
-114.935326,54.53622,113.476944,24.8577,-29.819769,21.095196,42.611168,11.577017,-10.305927,10.539434,26.97817,9.161195,-14.481592,8.886254,21.235638,7.7448874,-17.643864,8.565793,17.091944,6.8316536,-13.474372,8.09697,8.586036,6.291561,-11.412158,6.868501,0.56494313,0.3446243,0.37767994,0.20486335,0.3964923,0.25462613,0.34256792,0.24135615,0.41246444,0.2622492,0.44935337,0.30196825,0.4109028,0.25057766,0.57147497,0.31161022,0.37887883,0.21899545,0.4220197,0.3052855,0.4373843,0.29396105,0.39284205,0.22461425,2128.9326621445252,571.3407264217385,2108.8986957351976,396.8978191727039,4423.058147386166,1302.6472909195495,0.11182509184068058,0.04071939485912352,0.10029263,0.031689677,129.19921875,disco.00089.wav,disco
-125.691124,43.13925,88.54062,24.148952,-16.764915,18.804094,42.78476,14.379345,-9.905494,10.96482,29.165888,10.116966,-19.357843,9.628062,20.46263,8.29684,-16.48972,8.074325,15.013229,7.4698157,-8.7628,7.3224998,12.773269,6.7444115,-7.7579846,6.408943,0.44562194,0.28478935,0.44414118,0.25564212,0.6390341,0.29001248,0.4014131,0.2322865,0.47790396,0.2810927,0.61057496,0.27430782,0.55126643,0.2603607,0.54859024,0.28929883,0.39522776,0.19077283,0.4454255,0.26096338,0.43753228,0.28269437,0.42741367,0.2690581,2574.459664277503,657.7990362883958,2396.431955074073,309.73574327785985,5458.62535799739,1211.5841290686685,0.14611353804137664,0.06483502099162555,0.09060119,0.053650096,129.19921875,disco.00090.wav,disco
-116.882385,91.968605,98.47116,30.747486,-18.994415,28.673283,44.840286,13.516007,3.8026059,12.893931,28.490915,11.458511,-1.1055838,11.411244,14.694503,10.786865,-7.7551026,10.151207,9.754843,11.039381,-10.107707,9.882648,6.374911,9.609041,-3.9110444,8.709996,0.55509996,0.35562938,0.5278936,0.26604888,0.5074421,0.29678065,0.4793162,0.35722435,0.3238754,0.2634318,0.3232403,0.29276907,0.32778952,0.27058354,0.47352278,0.3486251,0.33531198,0.2614981,0.23476422,0.22330686,0.45124802,0.29224068,0.45956698,0.25065485,2038.0233320076643,786.6249246384435,2079.8453102333197,500.40017902177306,4205.2946794337295,1643.4316764424627,0.09160579200502707,0.05521379724366545,0.17357677,0.1012735,99.38401442307692,disco.00091.wav,disco
-123.83839,51.465435,89.85542,25.259203,-1.8465987,24.39895,51.16645,14.29725,-16.249851,11.360653,28.27051,11.073337,-12.485134,9.090886,19.029924,8.523045,-13.273392,8.25258,18.4808,8.310757,-13.773316,7.4511414,12.865,6.6423154,-8.755854,8.34472,0.30501503,0.21604231,0.39782432,0.333078,0.3050592,0.20195821,0.39751518,0.23487304,0.5853946,0.36821896,0.403189,0.26511607,0.31009123,0.29829863,0.32803342,0.24243492,0.5292634,0.33534628,0.24157238,0.1981953,0.22420281,0.18157846,0.4226237,0.31669962,2457.290836676926,659.5811250971168,2400.458463665014,353.36200300400515,5267.457810687355,1352.4765975368364,0.11746997051430781,0.04936828365468202,0.10665764,0.037140056,117.45383522727273,disco.00092.wav,disco
-86.06048,58.678093,87.53962,26.830986,-20.164946,17.159023,53.994804,13.843242,-1.0499108,13.746337,19.554422,10.334011,-4.0692763,12.599323,21.03328,8.493078,-19.54656,11.2336,12.379771,11.338557,-22.007032,9.714496,9.582276,10.286585,-15.912197,11.478026,0.51572853,0.34086093,0.4109083,0.2545384,0.45749658,0.32515478,0.35298353,0.24334934,0.40380916,0.26824448,0.52251923,0.3150476,0.3345845,0.21512748,0.40741935,0.30138996,0.31008428,0.19334193,0.4560604,0.30996004,0.38664627,0.2738357,0.34045368,0.26901668,2460.976249719336,700.242683768508,2302.7645721470553,341.4630114703784,5018.7851199971,1373.9398489527603,0.13702236803944315,0.06137659636156873,0.15328684,0.06024862,107.666015625,disco.00093.wav,disco
-130.04454,45.21086,102.52376,23.621792,-4.4473805,11.04489,50.05028,10.688775,-15.527548,7.392941,32.12771,7.975422,-18.167599,8.376345,24.282225,7.060344,-11.898269,6.812722,13.758483,7.177817,-12.887311,5.9753265,7.271593,6.1868725,-9.363437,9.165009,0.7009884,0.33334133,0.4386107,0.21020824,0.35868278,0.23922004,0.341537,0.24918967,0.40244296,0.2721866,0.3874152,0.31384572,0.32480952,0.22298737,0.44042543,0.29286188,0.33546126,0.21883196,0.3420886,0.25328502,0.44633767,0.29533923,0.4863894,0.20295322,2207.5083642922987,547.1049605850055,2353.468828901274,296.27116475741826,5074.241861223898,1089.44721965138,0.09355627356438515,0.034793897752055526,0.09929446,0.030415572,135.99917763157896,disco.00094.wav,disco
-159.87213,72.51605,81.97704,28.828081,-16.80941,25.725708,52.474285,16.07817,-4.483215,15.623451,22.819843,15.668014,-8.224292,11.375471,23.363256,10.71873,-5.5141973,10.2573595,17.695278,10.974122,-15.364145,10.340737,10.800621,7.9996843,-13.514515,8.379665,0.42181873,0.26512197,0.39375395,0.24951395,0.57081825,0.32929343,0.47955945,0.29996452,0.43457815,0.3105329,0.48535576,0.31122595,0.4372254,0.27525732,0.53483725,0.32936504,0.50014734,0.27010494,0.5171359,0.31375915,0.43690842,0.27887228,0.404395,0.2591385,2487.3290420447815,756.1292881158581,2276.752800711623,416.5362050355464,5008.401552983613,1418.2294652871121,0.11803151283352668,0.06673438896293425,0.09839544,0.052848466,123.046875,disco.00095.wav,disco
-133.85442,52.78354,93.47158,24.302607,-24.21527,19.769728,61.422466,12.851219,-22.842373,11.106898,30.967571,12.849558,-14.948222,8.723052,20.224098,9.0029745,-9.285205,8.984804,15.77714,7.9134827,-8.730885,9.850956,11.959778,7.724007,-5.31978,8.459084,0.42867538,0.28404394,0.374886,0.2783779,0.4367118,0.2966039,0.35265082,0.22760601,0.384983,0.30016893,0.33046648,0.23911387,0.41993773,0.27125722,0.52411187,0.33582944,0.41405183,0.27209532,0.41258973,0.2698926,0.38799927,0.25679624,0.53237224,0.31530726,2481.7391882072357,608.2583877143664,2178.6360814569034,263.7579750747339,4956.558659458382,907.4861086854128,0.13436042331303172,0.05812311899708115,0.09197087,0.040924024,103.359375,disco.00096.wav,disco
-116.93205,52.73633,75.749084,17.173904,-4.2215495,11.801218,37.290447,12.214001,-5.326528,9.408802,31.37679,8.797152,-12.156291,7.819503,22.918865,8.816556,-11.431438,7.1197944,14.620313,7.501036,-13.048337,7.4236965,13.39182,7.982188,-13.21757,8.041598,0.37500995,0.24477093,0.3303998,0.2745667,0.3608066,0.29273728,0.27493978,0.2508435,0.29718965,0.22803766,0.59532475,0.30260858,0.3300201,0.22024569,0.26990354,0.21623717,0.39920598,0.28485632,0.461552,0.1718864,0.80236477,0.26579806,0.48298487,0.20344584,2825.987251028338,561.5179048107954,2680.4123913874064,261.03184313742054,6233.179503969693,1003.0356853071806,0.12045063865525908,0.047792877568777065,0.108068004,0.047244336,129.19921875,disco.00097.wav,disco
-91.60158,42.9243,99.44184,20.600815,-8.968849,16.371105,40.157185,14.322718,-18.011234,12.035564,22.539673,11.079327,-21.947449,10.808758,15.766949,9.704118,-25.639265,8.016972,17.657349,7.616642,-13.664313,7.2974315,15.622417,8.496051,-15.459026,7.0010624,0.3863364,0.21904059,0.4518318,0.27782917,0.46920806,0.2805622,0.42787966,0.2544537,0.5168328,0.3421199,0.485432,0.24101791,0.62520516,0.3325183,0.4391731,0.26908726,0.3153542,0.2511832,0.32965264,0.2682757,0.34622857,0.23050019,0.49908367,0.29775402,2418.030526971729,594.1424808483317,2432.294029126342,287.60109172829794,5386.464979698376,1188.945911726531,0.11256940919856923,0.051871172749135726,0.122635394,0.039501496,123.046875,disco.00098.wav,disco
-91.60158,42.9243,99.44184,20.600815,-8.968849,16.371105,40.157185,14.322718,-18.011234,12.035564,22.539673,11.079327,-21.947449,10.808758,15.766949,9.704118,-25.639265,8.016972,17.657349,7.616642,-13.664313,7.2974315,15.622417,8.496051,-15.459026,7.0010624,0.3863364,0.21904059,0.4518318,0.27782917,0.46920806,0.2805622,0.42787966,0.2544537,0.5168328,0.3421199,0.485432,0.24101791,0.62520516,0.3325183,0.4391731,0.26908726,0.3153542,0.2511832,0.32965264,0.2682757,0.34622857,0.23050019,0.49908367,0.29775402,2418.030526971729,594.1424808483317,2432.294029126342,287.60109172829794,5386.464979698376,1188.945911726531,0.11256940919856923,0.051871172749135726,0.122635394,0.039501496,123.046875,disco.00099.wav,disco
-80.93423,69.844055,84.780525,27.397537,-31.534628,23.427021,33.90174,20.180634,-19.836761,12.600177,23.553936,11.64812,-22.136858,9.675196,20.0265,9.838654,-16.764809,9.6691885,19.219479,7.4722457,-13.098828,8.665294,11.502166,7.242873,-10.718429,8.612101,0.3754906,0.26041323,0.3575955,0.23954305,0.47837618,0.30941716,0.45156065,0.2604451,0.61405134,0.3164931,0.47052017,0.30969068,0.4557137,0.29423383,0.46837455,0.28876308,0.4652331,0.26340687,0.53918374,0.32481414,0.4175224,0.26750347,0.43590024,0.26537418,2668.0004395576575,646.9759461623977,2351.252049555612,328.37794167678385,5475.470551315981,1250.7024583919294,0.147308750845901,0.05376990088333853,0.12520437,0.049680114,117.45383522727273,hiphop.00000.wav,hiphop
-81.23491,60.483727,49.593636,30.2495,-14.54748,31.466303,57.964966,18.003633,6.8197694,19.676743,27.149471,15.953518,-6.858138,13.554167,31.304558,12.128763,-10.085702,11.785019,20.306627,9.428737,-2.5411096,10.62116,12.749884,8.853222,3.9834008,10.1608095,0.49321428,0.23258,0.5511517,0.20306277,0.7130405,0.24062723,0.8043496,0.2696958,0.62522334,0.20516334,0.4158608,0.22538498,0.29882807,0.23408447,0.2418168,0.24601714,0.26997674,0.27828398,0.33026156,0.29382384,0.347739,0.26452821,0.3950269,0.22009958,2808.925771808581,969.1751988652825,2441.416675729904,397.7739814616125,5528.454221650232,1441.124684212152,0.09770647537219644,0.07165936104502389,0.28538305,0.082970075,92.28515625,hiphop.00001.wav,hiphop
-202.88803,68.24754,132.37215,32.19236,12.0172825,28.378355,43.746815,17.81464,-10.215273,18.555046,17.12158,14.4484215,-13.547271,13.374532,15.044368,11.309468,-16.248148,11.709985,9.423361,10.627475,-11.636703,11.492378,7.048088,8.8814535,-4.321259,9.962942,0.3922503,0.27645558,0.40130383,0.29274923,0.41632813,0.3057698,0.3756684,0.30932054,0.34371805,0.28386077,0.3709711,0.2871511,0.30665505,0.27300417,0.2878969,0.25632372,0.36184493,0.25397608,0.4698921,0.29310244,0.607116,0.34989256,0.5172949,0.30060306,1490.683575771141,795.9721712640174,1910.490628858794,483.2868362584592,3095.0940196309457,1845.8600796011385,0.05871157192575406,0.049811052666069396,0.09347894,0.033537157,99.38401442307692,hiphop.00002.wav,hiphop
-40.30154,70.37605,80.84723,27.38878,-25.67689,35.48486,38.443054,17.083408,-11.0728245,16.694586,24.899412,17.605825,-7.373214,16.450027,26.759275,13.698296,-5.30603,13.196454,16.782677,10.395353,-3.5075712,9.461363,8.458928,8.672742,-5.6017284,8.473889,0.57149637,0.3140931,0.55055493,0.29773217,0.5816279,0.30782014,0.5056279,0.28194425,0.38393167,0.26257908,0.3428673,0.2629997,0.33554903,0.24778849,0.33405122,0.2566229,0.3359872,0.23920308,0.49889994,0.30854598,0.55519396,0.28526005,0.61114544,0.32375756,2492.9547227672974,703.7237315294673,2330.1743629992484,441.39718574670695,5125.735027552204,1345.5650152971998,0.10350127489365817,0.04778517781257181,0.26632264,0.116119236,92.28515625,hiphop.00003.wav,hiphop
-140.16278,111.354225,71.62643,32.658108,-3.7887423,38.809994,38.988525,21.414312,4.189599,20.410582,31.528362,17.512213,-3.9393044,16.698072,19.742453,12.47244,-3.7496216,13.660196,16.006996,13.781949,-3.1765268,10.584588,11.833971,9.494874,-1.247125,10.507342,0.4028529,0.2578944,0.3771101,0.26804817,0.47044736,0.3383469,0.4102829,0.28324583,0.47131976,0.30233324,0.45537424,0.3110983,0.3936851,0.27222052,0.46964028,0.31586155,0.52868325,0.35597304,0.521904,0.3375912,0.4573174,0.29227757,0.43349367,0.27502528,2372.6884690482993,1035.1037146281662,2359.4094823790497,605.9558605372501,5060.011295044229,2084.1681734288427,0.0998514386359242,0.07825579419844424,0.20046541,0.12402949,95.703125,hiphop.00004.wav,hiphop
-11.706974,36.734253,81.97666,19.631945,-8.50863,15.445199,52.77378,15.238689,-14.69211,12.403928,31.962574,10.289108,-19.680723,10.736871,22.857765,9.39611,-14.704154,7.849264,14.509826,9.009259,-10.078541,8.755917,14.002207,8.154259,-8.072071,7.2129087,0.43487015,0.27243724,0.46968427,0.27650765,0.4831037,0.29268387,0.47975862,0.29396826,0.48781908,0.26869312,0.5239946,0.2918097,0.5371998,0.281212,0.5413912,0.2983538,0.5058324,0.28113618,0.5443018,0.29845226,0.4566657,0.27218762,0.42430195,0.26103872,2709.1715224983186,498.0490462313749,2510.848005701867,220.22015597847025,5794.946345707656,702.0936978780732,0.12458309164733179,0.05111310731413429,0.26158613,0.07344298,71.77734375,hiphop.00005.wav,hiphop
-59.565926,82.91942,63.92967,31.969063,3.4871747,27.469923,45.23575,20.804008,-1.1528622,19.794626,28.24374,15.003382,-13.170861,14.551813,23.591469,12.45545,-6.623231,12.169583,16.47062,10.899907,-7.2728996,10.142698,14.477064,10.408298,-5.800775,9.887914,0.42536518,0.28771225,0.3998857,0.2894076,0.41215923,0.267809,0.48367336,0.29613918,0.52826214,0.31417397,0.42201674,0.27815276,0.3871948,0.26196927,0.42968506,0.27096012,0.49120033,0.298409,0.5675492,0.35394126,0.5249423,0.29084492,0.49936065,0.29709724,2858.1926146109076,982.7110018497557,2639.930294665962,404.28131948798017,6048.0988752537705,1500.9411122924078,0.12817024059841453,0.09665488936159111,0.27054507,0.12672529,99.38401442307692,hiphop.00006.wav,hiphop
-58.496304,60.68856,103.04962,25.188023,-7.211679,26.972906,44.861683,20.462036,-8.600805,16.929384,12.351103,13.436871,-13.741838,14.38966,19.971472,11.270769,-13.119663,12.396714,17.136522,9.7931385,-3.9439182,10.296194,15.57406,9.27011,-0.45318264,8.417868,0.38821197,0.28009066,0.37673885,0.2661332,0.4293145,0.3189211,0.530758,0.30492616,0.62335056,0.3180802,0.37439677,0.25124303,0.33152658,0.2507947,0.35206997,0.2554143,0.41296425,0.27879578,0.48875046,0.3180192,0.44899827,0.29415497,0.43483222,0.29327992,2047.1754195666026,705.4364965684736,2269.4488308988634,457.8000060660837,4553.073396262326,1563.77359394349,0.07863669458139985,0.05050011279780793,0.2638739,0.097206436,123.046875,hiphop.00007.wav,hiphop
-111.1565,83.64457,55.170074,36.58759,-18.427658,35.182304,47.191257,25.580723,-24.79131,23.598373,22.537811,18.253891,-21.141804,18.350206,12.53944,13.271458,-15.870398,12.604306,16.290926,10.6325865,-12.56634,10.588595,9.6244955,9.447003,-12.129928,9.153118,0.39989886,0.26734924,0.3514687,0.24335214,0.3204523,0.228538,0.3790231,0.28229803,0.42399076,0.3065345,0.4362333,0.28672394,0.4841396,0.28083652,0.5075428,0.2697702,0.57211137,0.30146134,0.5597263,0.34008428,0.5111294,0.3109167,0.49762335,0.30090317,3070.837758466108,945.5696801747407,2349.664526925647,322.6848660985606,5754.494566596578,1256.1802342892179,0.17704972387374324,0.10082143296644414,0.14181587,0.088611506,172.265625,hiphop.00008.wav,hiphop
-94.94584,70.82655,94.2148,40.278576,-2.5425851,25.694029,49.543236,17.052036,-6.608906,15.134711,33.220383,13.008617,-7.631567,13.775201,20.948034,9.760211,-8.870919,10.738032,16.786116,9.934824,-5.2582693,10.069235,10.763062,8.431685,-3.4743648,7.641343,0.6223043,0.27705035,0.53011286,0.24475288,0.5406934,0.26308832,0.5957191,0.286878,0.63988924,0.28121603,0.63594264,0.25770423,0.560284,0.23945166,0.48081467,0.25881588,0.44367263,0.24948841,0.46527213,0.25705615,0.5595354,0.2557196,0.65282375,0.312861,2200.1104645288874,990.967304776686,2285.567161446916,506.3076037613916,4792.170223227233,1843.0773502802526,0.09830917983855375,0.08603044540078515,0.21565284,0.099881165,103.359375,hiphop.00009.wav,hiphop
-67.46242,36.163307,94.84827,21.400291,-38.84963,16.879484,37.633415,13.950225,-12.246916,12.46259,36.890293,9.896915,-12.640728,10.348611,18.295763,8.694712,-8.845362,8.727918,17.97754,8.031239,-7.2741294,7.7930236,9.713927,7.3770337,-8.736391,7.0125904,0.40573826,0.29089648,0.412462,0.29072344,0.4038719,0.27292466,0.4252781,0.29291573,0.4175816,0.29415268,0.40481853,0.29195827,0.4271073,0.29577765,0.47900504,0.31397387,0.46511734,0.3049201,0.42144912,0.29309237,0.4384254,0.29407176,0.4261862,0.29345044,2284.341189135125,491.0703136670248,2116.5943117834136,206.18927121751412,4663.012638667344,810.6923513964464,0.12542634921210363,0.04901950362332947,0.17160548,0.07665371,95.703125,hiphop.00010.wav,hiphop
-74.21385,51.328445,104.603294,25.936722,-8.389851,23.32948,49.65144,16.756466,-9.374009,12.827914,21.451525,11.740707,-16.336187,12.01554,18.779911,10.209627,-13.071929,8.99236,18.470474,8.1909075,-14.949953,7.997304,6.8847446,7.8190646,-15.329198,7.111159,0.37315306,0.2612247,0.37999943,0.23727621,0.44649583,0.32673487,0.4561583,0.28379616,0.42514583,0.26953343,0.48100278,0.3289357,0.4208809,0.27571973,0.40992787,0.25787845,0.48436746,0.27774504,0.55549407,0.31514683,0.4863429,0.31963348,0.4095928,0.28103012,2095.493684451654,656.0109279180517,2241.001468555677,332.88027099886943,4581.942543684745,1310.6285147415322,0.09415142534319412,0.05849937726030152,0.20370935,0.08127895,135.99917763157896,hiphop.00011.wav,hiphop
-67.06469,44.25497,112.4042,17.864193,-23.642937,17.232153,44.273914,12.901006,-18.864435,11.463524,23.873178,9.901426,-13.402471,12.506492,20.146372,9.134919,-10.64462,8.414144,20.617966,8.15137,-7.5052657,9.451424,14.423792,8.618077,-9.388905,9.203082,0.2017197,0.2111623,0.30671078,0.31041533,0.3332014,0.25941342,0.51103264,0.35754782,0.43391427,0.27314287,0.3791151,0.2711039,0.39523533,0.2824952,0.42418787,0.32436463,0.40345174,0.31122866,0.38921902,0.33688462,0.31210893,0.2738262,0.21569392,0.2093506,1976.8724759558752,464.4918588118435,2110.1230082735747,294.1147027816109,4277.396769866589,1030.66231182108,0.08725355580529776,0.033505757982663226,0.19884692,0.06461892,99.38401442307692,hiphop.00012.wav,hiphop
-129.32367,69.61597,141.7129,52.433273,-42.47719,32.518784,34.013855,24.790907,-6.9758534,20.883938,8.702187,22.60249,-11.367335,13.220587,15.941672,14.743633,-9.015237,9.516675,6.635536,9.165129,-8.340363,11.810495,7.5527344,10.00735,-5.4726863,10.657814,0.29127303,0.236657,0.23415725,0.2439717,0.37064275,0.26622197,0.6091389,0.37682128,0.5559198,0.30695522,0.3868915,0.29226768,0.19242218,0.20628521,0.21521255,0.25334486,0.2638649,0.29308814,0.21400255,0.22871327,0.30291924,0.2663645,0.44755116,0.34735808,1798.6768468891012,696.2170711695189,1688.0838761796347,674.962445753339,3626.8209152044665,1698.219802104594,0.09662455288089714,0.03754333209735379,0.13663132,0.032443628,103.359375,hiphop.00013.wav,hiphop
-51.30058,56.994396,91.1179,26.337793,-33.764687,23.369612,69.930504,15.873754,-12.937068,14.112831,23.175821,11.294512,-13.755632,12.600311,23.783102,8.470319,-14.731517,8.417468,10.696287,8.644395,-13.472493,7.268283,6.080384,7.2009516,-14.718082,6.6506414,0.472603,0.27067557,0.4072061,0.25603464,0.39161652,0.20830345,0.5928951,0.28774643,0.5055889,0.24052998,0.34622324,0.20762974,0.41840425,0.21326725,0.63578194,0.26456666,0.7768682,0.2421557,0.58685046,0.23981087,0.37289354,0.19764994,0.37060395,0.22068329,2436.5700963303734,515.6772914947163,2117.324343595977,310.14606000680834,4774.86705381743,942.7011266200498,0.1338294693783836,0.045157043152217656,0.1851305,0.061265692,135.99917763157896,hiphop.00014.wav,hiphop
-81.904236,45.893574,94.720695,20.671587,-16.211037,16.260828,40.537342,13.116391,-12.241579,11.019394,28.193031,11.463177,-20.108301,8.642143,18.112103,7.758513,-14.630498,6.781159,14.179908,8.956599,-7.2731595,9.273128,13.656333,6.8957205,-8.495124,7.1981688,0.5482802,0.30991358,0.54168934,0.31287622,0.4973257,0.2954661,0.44409764,0.2784886,0.47067413,0.29594424,0.42535707,0.30038327,0.36109293,0.27214643,0.3460858,0.25017375,0.3479237,0.24792077,0.33897918,0.22993392,0.36114055,0.26808795,0.4034984,0.25679976,2397.1443316338377,535.2243005243309,2346.275923200654,252.20088751840802,5283.620203288138,976.4268384037222,0.11600965837683681,0.05019355317590363,0.14012909,0.06378909,198.76802884615384,hiphop.00015.wav,hiphop
-88.141426,66.367096,77.38236,25.977583,-19.072306,24.027296,51.598656,18.19561,-11.7594,14.745549,22.234468,14.470028,-4.727125,14.611284,20.125822,11.506643,-8.3214035,11.002652,14.612495,9.820593,-3.8051765,9.983565,8.59063,9.534423,-11.454931,9.484315,0.5218085,0.33018753,0.5469654,0.3072237,0.5545402,0.31295735,0.5380686,0.3000936,0.43494672,0.27182963,0.3924272,0.27124318,0.39457297,0.28576717,0.4504522,0.30790785,0.48814586,0.31667697,0.43569303,0.29134995,0.39869335,0.25948888,0.45263937,0.28963876,2432.633895056764,776.6746126363718,2247.3131091664304,331.5699964539571,4919.146176225348,1222.3577786291007,0.11039989970030936,0.07459266899776947,0.20773114,0.10588569,99.38401442307692,hiphop.00016.wav,hiphop
-76.79857,49.213013,98.390625,18.715492,-5.0479903,21.35644,49.339622,12.878734,-10.298393,12.19328,33.28461,10.9958515,-9.9737,9.830005,17.609251,7.2200847,-12.237133,7.192515,18.658957,7.9082413,-10.978353,7.4932737,11.509188,7.0804152,-10.487104,7.072719,0.5545914,0.31477877,0.53466034,0.2433434,0.5223505,0.31646165,0.48793224,0.3021635,0.44213074,0.30969235,0.45200908,0.3051222,0.4786529,0.29413977,0.46434227,0.26441076,0.47466606,0.27656358,0.53196234,0.31959817,0.42918372,0.2621075,0.4010883,0.22467315,2145.045444983045,483.64143161211643,2358.7536603738904,285.688882347008,4956.067376015081,990.6909128241723,0.08037456798627224,0.042379140617856005,0.19137202,0.07137161,99.38401442307692,hiphop.00017.wav,hiphop
-113.53241,69.81611,68.488365,40.436813,-15.747566,27.003372,56.377026,24.143696,-8.181871,19.416475,27.015606,17.074066,-12.3755245,14.926115,20.661098,11.512689,-12.6683,11.700507,15.433944,10.585837,-10.997763,10.596149,14.044762,9.940689,-12.50229,10.135505,0.47338593,0.3259117,0.49243382,0.3172312,0.5351676,0.32431316,0.58175457,0.30286354,0.61350024,0.29214984,0.5652256,0.30336764,0.4417195,0.28826565,0.35934126,0.27749696,0.33217126,0.26488045,0.34396607,0.27068064,0.3787622,0.28737375,0.42278326,0.29967272,2677.2014312905194,1001.4425947967763,2337.2949947868146,320.62146697005943,5366.388973227233,1332.9171063377603,0.14572457463263727,0.10307802215489517,0.16548869,0.08454311,143.5546875,hiphop.00018.wav,hiphop
-64.75484,76.30149,88.22647,27.397276,-10.355254,31.480177,41.795155,21.544777,-2.5577855,16.318655,22.908054,13.99622,-6.495011,14.990113,16.630516,10.821584,-5.802398,12.205297,13.089849,9.480415,-6.9133754,9.437903,3.0193243,8.083601,-9.77044,8.096968,0.4262765,0.30735597,0.42649207,0.31841716,0.4601188,0.32023734,0.42843577,0.2746407,0.37274733,0.2770392,0.36050904,0.2659349,0.36707196,0.26540706,0.4428353,0.31109792,0.49742094,0.31643116,0.49179015,0.3094882,0.4838576,0.31801477,0.42726064,0.3081541,2470.3099575217398,911.2803924485808,2410.202245371045,626.9780757809149,5255.716969076276,1903.8706156660471,0.10013617495649652,0.05665931799701098,0.22584656,0.10862859,99.38401442307692,hiphop.00019.wav,hiphop
-122.26182,68.75789,50.57139,32.288113,-27.801025,28.156149,66.5803,22.016365,-6.6053147,17.180872,32.071156,12.748144,-8.241498,15.637986,22.45073,11.3515215,-6.9437165,12.3983345,21.067606,10.945927,-6.176521,11.092856,13.646001,9.741723,-3.0987208,11.736563,0.3944137,0.2378342,0.34476495,0.22748858,0.37004066,0.2625007,0.42117453,0.2954591,0.44165635,0.26601693,0.5111091,0.26751542,0.5308725,0.25937003,0.58599216,0.26564085,0.65787154,0.31930906,0.6405656,0.30668256,0.5343103,0.2596463,0.4502245,0.25236577,2678.1366851461185,683.710027628,2262.4928742758884,305.39444154073914,5267.091429814385,1022.275976484823,0.1080872667730085,0.07583870330118699,0.17585227,0.07527809,117.45383522727273,hiphop.00020.wav,hiphop
-27.65653,38.021152,94.36548,25.51974,-20.578146,21.933546,49.886654,17.154753,-14.699279,15.836077,23.853004,12.262374,-17.633308,11.062923,24.027565,8.25614,-15.87746,8.254965,16.434723,7.99672,-10.63263,7.942644,13.892767,6.9370074,-10.462795,7.378224,0.3604556,0.2637539,0.36253366,0.25775373,0.375931,0.26228318,0.43957397,0.29627907,0.4244683,0.25783625,0.49810064,0.26347595,0.6433141,0.3032111,0.54294354,0.29353744,0.47527856,0.3203797,0.3835049,0.2788468,0.3301254,0.2531673,0.32472125,0.24604905,2405.8304964260956,722.3579184145215,2268.6671782842473,301.0572196168639,4987.576131090487,1151.7439314454184,0.11971916086620263,0.06388740174691601,0.24181972,0.07328238,99.38401442307692,hiphop.00021.wav,hiphop
-100.64651,73.52495,110.216705,29.229675,1.029009,20.759926,38.75422,16.479164,-14.497625,12.697329,20.640644,12.392311,-18.037575,13.8258505,12.566879,10.652595,-14.129199,10.353148,15.096194,11.034219,-9.243371,9.065769,11.397926,7.557156,-9.50886,7.7854095,0.47455376,0.30544972,0.4732405,0.27783495,0.40575337,0.27418968,0.3357055,0.28579488,0.37340167,0.2744305,0.48442551,0.30021104,0.41483524,0.2742998,0.3824093,0.27907723,0.44054422,0.28987932,0.4427479,0.26951027,0.5497995,0.3250692,0.4969383,0.3021806,2025.649761830973,712.3330583866731,2272.7370374315083,381.35126391887945,4603.509054161833,1466.266274850379,0.07539659162316319,0.05045244842883275,0.17348304,0.079103574,99.38401442307692,hiphop.00022.wav,hiphop
-44.723373,35.482964,101.193695,18.264616,-26.262499,14.074519,52.928112,9.898496,-11.71543,11.902918,26.944754,8.430853,-13.282815,9.347383,20.712088,7.813365,-17.486723,7.110417,11.86288,6.696214,-10.666727,6.872935,8.381841,6.3930087,-15.426938,6.0877295,0.32198933,0.28374535,0.2765482,0.23209071,0.38003954,0.26993057,0.33291,0.23632511,0.34480473,0.22623926,0.4864822,0.34115458,0.42817488,0.20980656,0.61861,0.3414524,0.4223426,0.26592198,0.40512645,0.3181639,0.29098925,0.25246972,0.26455522,0.22760153,2240.2899872227676,500.7324780498751,2193.9809559450014,253.80877511918226,4728.4366050065255,956.9280827004989,0.10665716538573086,0.03604835229931065,0.1904764,0.055679027,92.28515625,hiphop.00023.wav,hiphop
-63.147476,62.930897,86.30365,24.887928,-37.95675,28.419739,39.56944,19.53808,-16.530737,18.066284,21.098028,13.455576,-12.261162,14.613851,13.075492,9.813232,-12.380371,10.424436,16.627066,9.616932,-3.9949179,9.520559,8.840082,8.401209,-6.3225536,8.5367,0.31624407,0.24403028,0.3377128,0.25583065,0.38971373,0.27149305,0.39917827,0.28546998,0.42049077,0.2870627,0.50064427,0.28406504,0.54988813,0.29648972,0.5234138,0.30026934,0.5170074,0.3040854,0.49625325,0.31300136,0.38923895,0.2682416,0.33063608,0.25271147,2517.793635146675,625.2193461689775,2163.294065311931,419.5189990248205,4926.498774198811,1245.4378694782163,0.13885955928557617,0.05588510611809847,0.17854476,0.08742047,103.359375,hiphop.00024.wav,hiphop
-44.338444,48.096428,93.38643,24.570536,-22.309427,27.368402,48.852543,16.147993,-13.904016,14.502608,34.413067,11.44324,-6.32592,11.853853,25.873789,9.707716,-12.339953,8.617929,20.430222,7.83602,-5.7629786,8.362192,11.865527,7.4261084,-11.55436,8.213079,0.38059786,0.24740039,0.34507823,0.2327104,0.3768442,0.23291071,0.44895303,0.24098273,0.52960944,0.26992336,0.5727361,0.2941136,0.58042926,0.27122298,0.62360764,0.26598334,0.6710844,0.2636478,0.61693966,0.27807215,0.5043885,0.26727238,0.43780607,0.25870103,2305.154160219728,708.447062867568,2226.967938496362,302.83400502842454,4814.935798379495,1153.861548387494,0.10742489607501933,0.06770191317713657,0.25150633,0.085622124,107.666015625,hiphop.00025.wav,hiphop
-102.89939,68.7485,30.651878,33.76995,20.85029,29.417294,45.66796,18.697977,9.681037,16.719212,8.775829,15.746826,1.5652859,17.699543,12.388125,13.534316,0.5594133,12.597093,5.1369996,10.168575,-2.7244704,9.368916,8.163298,9.794155,-1.3305275,9.220077,0.49228045,0.32173133,0.45271435,0.29518697,0.48459703,0.3212216,0.48136878,0.31828848,0.47625592,0.2923175,0.49783334,0.29915872,0.48485553,0.27545777,0.5161233,0.3058697,0.4727925,0.29895326,0.4285973,0.28982317,0.4371518,0.2855568,0.48276886,0.28131792,3460.24289862119,1021.5392730197423,2917.5568063224846,332.88640608346395,7021.890286786841,1316.2349203926283,0.17268506904625383,0.10812749230518369,0.16455324,0.07931177,103.359375,hiphop.00026.wav,hiphop
-109.31013,65.40198,76.75423,36.744667,2.786183,25.952755,19.187449,17.692123,0.56318617,17.503773,8.245013,12.1104145,-8.03061,14.397264,6.0124817,10.906944,-4.275914,9.679894,3.6560717,10.058519,-1.5355549,10.800306,2.6638358,9.849509,2.283866,10.0069,0.53992623,0.32983434,0.54144615,0.31289467,0.56499505,0.32094097,0.4090563,0.28852397,0.31403655,0.2609238,0.2995028,0.25721508,0.32181063,0.27748346,0.32818866,0.2715697,0.3323548,0.25883058,0.40756354,0.28296533,0.4929358,0.29982072,0.5841902,0.3288975,2639.343177690068,1040.7884656622593,2632.7060086732495,464.8622314843658,5633.429340662317,1806.7192533767247,0.10254357665639445,0.08603673052101674,0.13499676,0.042364784,92.28515625,hiphop.00027.wav,hiphop
-83.2537,49.99862,67.73527,33.09186,1.2410202,27.893154,29.653978,19.448784,12.586732,20.23404,5.6169643,16.788662,6.2087727,11.555862,8.087189,9.604252,-4.7669544,13.586303,7.666656,10.160994,-1.1727865,9.630089,4.248984,7.4476275,1.9444283,7.6115155,0.63226616,0.35503912,0.35751373,0.24788482,0.26376113,0.23860478,0.23196225,0.22671115,0.24062443,0.22958338,0.24408825,0.23537008,0.31223914,0.2738899,0.42427745,0.3311551,0.42480063,0.30253026,0.4141048,0.3012272,0.42565617,0.29226083,0.52302176,0.2928006,2774.064292349821,928.2718610215107,2700.4561048453725,408.8438258347388,5745.168508011891,1753.2504346348576,0.11452140129543696,0.06611570392085997,0.15451379,0.035395432,92.28515625,hiphop.00028.wav,hiphop
-72.31159,51.675793,57.15118,32.63294,5.8386006,23.706968,25.909645,15.581365,6.706988,11.0751505,11.402706,11.552974,5.0632772,10.630156,10.026864,10.735239,0.94820935,8.715572,8.561544,8.9235325,-1.6964636,7.0561485,6.0592165,7.350529,0.21398923,7.5023155,0.36310303,0.26852432,0.38074806,0.30284697,0.36007723,0.2709976,0.45107198,0.29165527,0.51394236,0.34241137,0.3764922,0.25009212,0.39417875,0.27469066,0.46384963,0.28825518,0.5819971,0.35765964,0.5024576,0.3290545,0.45796615,0.28816417,0.42721316,0.2869926,3127.2664007991543,964.83684424865,2853.6647964825183,325.0559279895391,6389.138429974198,1506.3710521473542,0.11533292717889908,0.0777271730886799,0.16663784,0.055373482,123.046875,hiphop.00029.wav,hiphop
-23.859095,37.803135,43.71672,17.07102,30.558304,16.216112,26.47368,11.63473,4.338362,11.009411,21.920883,8.774977,2.5954418,8.284779,7.001879,6.056103,-1.4912325,7.2398906,4.579595,5.956662,0.41853642,5.678154,2.4708798,4.897845,-4.068917,5.221869,0.69001675,0.28690904,0.60275936,0.23055233,0.49231306,0.21328017,0.49258646,0.23326237,0.49576935,0.2294545,0.5284975,0.24673961,0.53773594,0.24761221,0.52964014,0.27765086,0.47370547,0.25154516,0.49641305,0.28706458,0.552213,0.26751927,0.5791457,0.22591496,3725.230349312218,525.4657691764157,3205.3230898123174,197.10710736443295,7642.421897658062,633.3807981300768,0.172685781008314,0.04801867438059602,0.19390872,0.02948018,89.10290948275862,hiphop.00030.wav,hiphop
-25.108788,37.16967,60.825592,23.06752,-4.1871734,19.167852,14.84839,19.551699,6.795023,11.157302,6.098334,11.586029,15.451296,11.313521,3.784735,12.16493,5.6598086,9.62591,10.247506,8.617062,0.86333084,8.506383,4.183889,8.246319,0.9262049,7.9707294,0.4389243,0.27813673,0.41009584,0.2588972,0.45783642,0.30001277,0.4018745,0.25394148,0.49904206,0.28814897,0.47774115,0.29263347,0.37371683,0.21922685,0.46648687,0.28273273,0.5463939,0.26640406,0.68184775,0.28740245,0.5474819,0.28204054,0.45670825,0.28458008,3084.823804546642,744.9798253617553,2970.61795564429,321.4135097670433,6779.025674825852,1469.9677101374848,0.13644361938854488,0.0803616944853105,0.21307458,0.059878297,99.38401442307692,hiphop.00031.wav,hiphop
-148.12135,68.425766,90.56765,36.941105,-0.27532333,24.763544,28.855238,19.425905,19.306164,15.973498,15.245029,13.213865,4.281466,9.879152,15.519956,8.779977,1.2726042,9.298401,11.129076,8.812636,8.849079,9.362671,6.316172,8.5815115,1.6312523,6.3930736,0.5252236,0.32199964,0.5453061,0.29121968,0.48688817,0.2972086,0.49849725,0.30636004,0.50874686,0.30516735,0.44167858,0.27690682,0.474264,0.3088289,0.42628998,0.26820305,0.4775787,0.28258336,0.42958105,0.2957182,0.41411024,0.28137302,0.47579986,0.29282257,2145.890945678912,975.1660857035462,2441.669949507938,487.38441823122196,4529.893202670785,2002.021185381441,0.07872191436531008,0.06621472635301993,0.13448663,0.07220633,99.38401442307692,hiphop.00032.wav,hiphop
-31.762894,48.832973,59.70142,34.094326,-2.744976,24.476654,33.420628,22.89003,13.097368,16.425306,9.410452,12.533273,-1.7237395,13.772914,14.170766,9.1147,3.0802035,9.757372,6.734939,8.6691,1.0862203,8.837337,3.8186073,7.8316636,1.6549313,6.95334,0.46897253,0.27307954,0.502744,0.23954247,0.54141134,0.26909876,0.58643854,0.31615067,0.5350971,0.27770042,0.5836526,0.29416907,0.4886808,0.26628807,0.40471604,0.2544803,0.44730347,0.26867747,0.4440054,0.24991305,0.51836866,0.27547738,0.47520584,0.30329376,2987.6879685185945,914.2033000707454,2731.835588346538,434.7418035137739,6169.817589393029,1622.344128595659,0.15281550480769232,0.08802436292501786,0.21406044,0.055534318,95.703125,hiphop.00033.wav,hiphop
5.626782,31.583994,53.15753,17.306164,-9.0912,15.357246,26.983356,12.072674,0.5944695,12.822486,15.572928,8.640321,1.6008064,10.191491,7.68756,7.900005,4.9796963,8.261415,8.549695,8.144687,3.3433354,6.500299,8.50685,6.881737,1.0881997,6.138544,0.44847345,0.28027168,0.47340503,0.28636396,0.48249653,0.27168322,0.51178527,0.28022426,0.5015427,0.28703898,0.48809052,0.28888273,0.45704433,0.2889431,0.4376839,0.28422466,0.460293,0.30407205,0.4321091,0.27192244,0.49955797,0.29806554,0.4612067,0.27491045,3191.9170162946484,507.9133819744733,2735.4354317870484,228.85123658405158,6355.537277747845,869.3656087086298,0.1693078753591954,0.056913537081424756,0.22744754,0.052990515,198.76802884615384,hiphop.00034.wav,hiphop
-100.84442,55.40748,64.227585,32.109146,12.814461,27.302994,26.545551,15.425912,12.6584,18.286386,12.176756,11.30288,2.396233,11.960603,18.495611,9.827597,1.5657251,9.37642,12.027026,9.906198,-1.5520722,8.684079,6.7103066,8.170805,3.8736312,8.068942,0.58658594,0.27164274,0.48768932,0.24675535,0.39753225,0.23072256,0.33314195,0.23093273,0.34343278,0.24296255,0.38759518,0.27089345,0.48245054,0.26641518,0.5347705,0.23752134,0.65608245,0.23983963,0.755676,0.27838364,0.7174618,0.27523953,0.67173284,0.2658206,2827.4503871683432,1051.5775187416575,2834.132127972592,408.3466068384376,6197.057852909483,1714.6703915513567,0.103432186901341,0.0946060914924631,0.19190107,0.092007644,143.5546875,hiphop.00035.wav,hiphop
-218.08333,161.38934,40.82961,42.245277,-14.313482,29.517796,33.91025,21.557133,12.158745,15.577136,13.611059,11.350856,5.8770003,10.318991,7.524019,9.791319,5.3885093,8.860262,10.563416,9.941773,4.7587986,9.277409,6.447479,9.117492,6.524984,9.624094,0.425945,0.25426137,0.40836865,0.24903779,0.5074017,0.29847726,0.6048985,0.31832802,0.45704374,0.26040843,0.43228474,0.25689802,0.44530806,0.23270737,0.52713114,0.24098778,0.6411486,0.30011916,0.66063786,0.28333545,0.6260074,0.24878167,0.47689968,0.25443414,2967.147962166956,1204.463308110392,2556.787096748755,556.6272937767518,5804.4461891867895,1903.2989455335016,0.12188535748106061,0.10067705266522396,0.08996205,0.0638729,117.45383522727273,hiphop.00036.wav,hiphop
-95.94046,82.279335,30.268175,43.581924,2.6401818,36.39768,12.595183,22.323704,-11.173503,21.123709,-2.2091286,20.668594,-3.686765,16.10432,-7.669313,12.575398,-5.387625,12.153031,-0.7307738,10.055476,-4.0471606,9.732531,-3.058639,9.103181,-4.9752517,9.241487,0.40801582,0.3051982,0.43388736,0.32969266,0.4557248,0.33780977,0.37138405,0.29152596,0.3702063,0.28605482,0.4111678,0.31263265,0.39160192,0.28764284,0.48260203,0.34007037,0.4075557,0.3110149,0.35202098,0.29520908,0.41747877,0.32781562,0.4083139,0.30174834,3785.438539628473,1317.2488526495774,2835.096618166119,546.5478832946924,7074.1874001242895,2011.077881549132,0.21422600023674243,0.12122434224622954,0.15857546,0.13022274,143.5546875,hiphop.00037.wav,hiphop
-61.835876,141.34361,72.13108,32.304996,-16.305073,27.313507,27.443157,24.14606,5.208806,16.642954,1.4985306,16.92598,3.945992,11.598816,8.3317,12.549433,-2.130365,11.7481575,5.837354,9.786618,0.046645932,10.465562,-0.4366467,9.323618,-0.7864779,8.635689,0.29121238,0.27342066,0.27791572,0.2448595,0.3851959,0.29107878,0.30483413,0.24238461,0.33007684,0.27179325,0.43471274,0.33423674,0.4738405,0.30662584,0.48255837,0.3287345,0.43444893,0.3054721,0.5318373,0.33943027,0.48052248,0.32096034,0.35306346,0.28749558,2208.65791984026,859.7835181857521,2215.035483517546,769.8818498036173,4416.6801868785515,1821.5385198562342,0.09738436612215909,0.05132113369328526,0.2698501,0.13799195,184.5703125,hiphop.00038.wav,hiphop
-120.94078,93.56564,77.27129,38.532497,29.06561,34.18255,10.437187,22.489876,3.5667603,17.798502,5.3683963,18.808264,5.1985555,16.484396,-0.8017177,15.007659,1.3497723,13.8258505,2.3029737,12.807118,3.0739124,10.848101,1.1976855,10.989091,-0.6719622,8.367042,0.44133022,0.3401116,0.40625542,0.30192977,0.4125814,0.32285497,0.41187036,0.31614137,0.38441715,0.3256318,0.37531075,0.3470224,0.35834298,0.31559667,0.411085,0.34229994,0.34044236,0.28234208,0.39200753,0.31582752,0.40951398,0.3077093,0.37028804,0.28617084,2693.217660121341,1249.8457298627952,2937.7648619296024,521.083255490692,5976.55684037642,2339.7068270362415,0.11156375769412878,0.10496262173978997,0.18449508,0.09517243,184.5703125,hiphop.00039.wav,hiphop
-182.9864,100.1633,95.955444,46.16139,43.948254,27.486431,13.522106,17.684362,5.9876814,15.6141205,-3.019344,15.553156,3.0836813,14.302853,-9.802795,11.935687,-3.7693412,11.828977,5.308352,11.937693,-1.046581,11.172878,7.543807,11.397258,5.855525,10.238051,0.24115328,0.20316672,0.41018566,0.3565702,0.3293278,0.24846776,0.5230966,0.3729853,0.3242483,0.26162213,0.33561364,0.28797096,0.4095723,0.32826236,0.3029976,0.29072192,0.2891145,0.31825182,0.2695251,0.27954602,0.35794815,0.276035,0.35645422,0.31522107,2457.2400884546137,1448.8307192037723,2790.1561300248936,708.2963873632351,5319.8186146129265,2874.5513581409236,0.10350008877840909,0.11644670301687621,0.13083652,0.103545226,80.74951171875,hiphop.00040.wav,hiphop
-77.00406,67.08289,68.31946,33.27812,-0.64739156,21.250334,30.70986,21.627638,3.9499156,20.333147,5.493636,13.214376,3.3855941,12.274706,3.0454907,12.747101,5.648922,11.309256,4.724795,8.809321,4.2856207,8.553566,3.46072,8.914975,2.8874722,8.633091,0.40461406,0.2902973,0.46746942,0.32764244,0.42733088,0.31082544,0.36230755,0.28072655,0.40020117,0.28341898,0.40463793,0.28260833,0.44594547,0.29224527,0.5230181,0.33645037,0.5375033,0.32342726,0.44088534,0.29434434,0.3377366,0.2544792,0.35348764,0.27210552,2702.6536727978196,838.1176934296899,2666.6033742419754,391.5887110169607,5555.2972412109375,1571.2675433799322,0.11936627012310606,0.06715995931954685,0.18691297,0.10686973,92.28515625,hiphop.00041.wav,hiphop
-74.73161,65.695435,48.89044,33.53154,3.8210833,27.460411,36.29552,18.391788,12.96853,16.392359,13.447174,12.711863,9.112768,12.789732,12.724714,11.5985985,2.4919138,10.926882,12.091033,10.052158,8.99561,9.76657,3.9080641,8.970672,4.785855,11.082585,0.42768255,0.23388426,0.49630117,0.22799978,0.6600814,0.27558097,0.7613101,0.29577562,0.592346,0.23466624,0.45070374,0.25116596,0.36705434,0.26993433,0.36974978,0.32440993,0.34114856,0.31053165,0.30395183,0.26800397,0.2892769,0.23058023,0.33333036,0.21797635,2896.950312515822,991.4331475261504,2759.680802283589,387.83616993530364,6007.0540549538355,1579.5167839410635,0.10171046401515152,0.07521490411595938,0.24915487,0.09081991,92.28515625,hiphop.00042.wav,hiphop
-154.78532,70.54918,113.06958,40.466503,-3.8357596,24.193981,18.290533,17.995073,13.33117,12.801818,8.434421,12.105609,8.840064,11.280926,11.33439,10.675378,8.993482,10.970474,10.143327,8.599364,6.199292,8.102345,9.774344,8.727297,9.39089,6.410432,0.42069873,0.27267095,0.42871866,0.3081654,0.31774995,0.23616348,0.4025252,0.24724402,0.63975465,0.32353568,0.35266843,0.23224021,0.30887762,0.24867699,0.40895894,0.27410078,0.5509578,0.32520777,0.6613039,0.31663257,0.45310137,0.27805775,0.39057276,0.25322536,1846.32383638541,956.6925490337728,2233.069353886014,682.8757338469331,3875.1690673828125,2217.4207656007616,0.061756110913825754,0.03941950854489474,0.1363637,0.08918783,89.10290948275862,hiphop.00043.wav,hiphop
-268.93674,88.273994,79.90777,46.80877,-16.974985,40.48111,19.053913,18.902624,2.345429,15.979942,-7.1083302,18.775223,4.7731466,14.405968,-7.59437,12.009685,-10.017847,11.376124,10.818717,13.226789,-2.7683127,10.669448,-5.4811974,12.21032,2.299792,10.078604,0.30448693,0.27587834,0.27988994,0.25140053,0.35002604,0.34264213,0.3071075,0.27447617,0.3626701,0.2991457,0.3300956,0.2762855,0.4314924,0.30057526,0.42306075,0.33021426,0.36624283,0.28672314,0.4224234,0.33625737,0.32631055,0.2553034,0.34855717,0.30021048,2507.355264123504,1087.6143734001273,2322.7197548637637,527.2507918918495,4457.421985973011,2012.3591505664049,0.1407455906723485,0.0933106439379873,0.039173033,0.032842495,117.45383522727273,hiphop.00044.wav,hiphop
-120.94078,93.56564,77.27129,38.532497,29.06561,34.18255,10.437187,22.489876,3.5667603,17.798502,5.3683963,18.808264,5.1985555,16.484396,-0.8017177,15.007659,1.3497723,13.8258505,2.3029737,12.807118,3.0739124,10.848101,1.1976855,10.989091,-0.6719622,8.367042,0.44133022,0.3401116,0.40625542,0.30192977,0.4125814,0.32285497,0.41187036,0.31614137,0.38441715,0.3256318,0.37531075,0.3470224,0.35834298,0.31559667,0.411085,0.34229994,0.34044236,0.28234208,0.39200753,0.31582752,0.40951398,0.3077093,0.37028804,0.28617084,2693.217660121341,1249.8457298627952,2937.7648619296024,521.083255490692,5976.55684037642,2339.7068270362415,0.11156375769412878,0.10496262173978997,0.18449508,0.09517243,184.5703125,hiphop.00045.wav,hiphop
-75.62651,68.08229,91.01366,32.845863,9.83432,26.302835,25.111555,16.0334,11.793615,14.841975,10.168802,10.472512,0.117608964,10.593928,8.224964,10.056498,1.6325192,9.829253,0.48827606,9.56065,1.8103347,7.899484,5.4946136,8.632334,1.3010278,7.786177,0.537097,0.29582256,0.5019101,0.28709763,0.48237878,0.28834835,0.50267327,0.28374645,0.5398429,0.28021,0.5188389,0.28647664,0.4262566,0.2665673,0.4077699,0.27327147,0.45032635,0.27288982,0.5173439,0.29908872,0.5299189,0.30829614,0.49436042,0.27762088,2306.8910596071332,950.3314420714186,2601.303368421404,453.5978844932288,5000.432768996519,1927.8863045695664,0.09147097653228925,0.06353049917881837,0.22798368,0.1339814,95.703125,hiphop.00046.wav,hiphop
-76.705734,60.214237,52.78695,27.29932,34.63606,22.920506,26.197575,17.253239,16.664793,15.96218,11.354165,13.542762,5.861285,11.414371,6.9141855,11.976011,3.6776621,10.63772,-0.9586153,10.124001,3.87444,9.541986,4.487364,8.755122,0.63915926,8.56922,0.37857747,0.2882265,0.37034932,0.2779165,0.38840872,0.27969524,0.41027418,0.25721246,0.48054078,0.28313968,0.5237539,0.31094298,0.5401582,0.3075502,0.5696456,0.32539096,0.5307607,0.33147913,0.4436243,0.32938895,0.3776442,0.29334596,0.37925848,0.30036983,3235.5558089909523,1133.4749052209675,3272.0505859825503,388.43751477241534,7337.784528621664,1633.1893585784842,0.10929758495262955,0.09606759044043267,0.24700375,0.12088747,95.703125,hiphop.00047.wav,hiphop
-87.560486,94.43371,79.35381,31.301752,25.052843,19.396793,45.152496,16.686224,11.185015,11.892614,18.171783,8.816889,3.5164936,8.26305,6.999547,6.5291944,1.263746,7.625983,2.360853,7.5079007,-1.7756817,6.4780097,-0.008662637,5.1833224,-2.7024157,5.485449,0.32163656,0.2459775,0.28571787,0.21680243,0.27977747,0.21654072,0.36220047,0.249881,0.53432894,0.35236728,0.4926714,0.29179183,0.4529376,0.3252952,0.46118194,0.3275312,0.4670598,0.26441136,0.58747995,0.35031426,0.44270673,0.26159254,0.31073532,0.23015942,2345.299206046104,926.1070339516672,2682.1388436073366,529.0919818586949,5395.29142800174,1910.4336482492015,0.07751058886794276,0.048889059302779245,0.23028027,0.11143674,95.703125,hiphop.00048.wav,hiphop
-44.586338,51.49059,41.58716,23.82393,29.919214,23.852957,51.871937,17.279133,12.878272,17.218588,13.72171,10.669501,7.9571733,13.804217,9.288721,9.300008,8.39591,10.852013,1.9085698,8.306511,1.1404614,8.930692,4.5597878,8.106106,5.5193515,7.3032994,0.5012044,0.2866218,0.5056045,0.28751215,0.48414654,0.28819785,0.4403195,0.28693333,0.4056455,0.2770539,0.39782158,0.30126488,0.38217387,0.245017,0.41835374,0.26315778,0.5200254,0.26695985,0.6289025,0.31885374,0.57790273,0.28203097,0.5464315,0.27574933,3085.556031555025,792.4863327673035,3055.7315724614145,311.8795543400357,6683.5781725819315,1186.8454387979746,0.10873717553654293,0.05843932174833994,0.28870907,0.07715601,129.19921875,hiphop.00049.wav,hiphop
-114.05457,66.22661,110.12894,34.95668,17.897541,28.10978,37.944332,17.631842,27.98762,17.885115,1.4057866,14.1104,15.552603,12.909367,1.4244989,10.655574,7.359582,9.559777,-3.319526,10.247458,8.256998,9.167933,-0.18890655,8.039378,0.6798427,8.841994,0.42066294,0.32040045,0.40904275,0.31105435,0.3904659,0.2860645,0.47459427,0.32314724,0.4581601,0.30990088,0.46071383,0.3314375,0.43102905,0.3008769,0.410099,0.29933974,0.38830978,0.26995853,0.39163688,0.28140745,0.45600936,0.33718368,0.43292356,0.32222527,1683.4272327515525,805.5348845884266,2427.648677691674,591.1765426805576,3618.5440382105567,2192.449117248889,0.04243024337780356,0.03100158934275533,0.27367222,0.102846205,99.38401442307692,hiphop.00050.wav,hiphop
-78.70536,70.439095,73.10555,39.05082,21.826069,31.25807,49.19616,18.61675,3.1053555,16.176657,18.316319,10.322638,1.8645644,10.375799,8.3988495,8.411234,1.426505,8.362112,4.221521,8.956463,-1.3166567,7.1311407,1.2564663,7.505287,-3.0075817,7.2112045,0.39921948,0.31143588,0.37695733,0.29351142,0.4193708,0.29467967,0.47387847,0.34529504,0.46603027,0.33493227,0.3306177,0.2702172,0.28834304,0.24363609,0.3188149,0.25911134,0.32025525,0.2501957,0.45836714,0.36230946,0.44640234,0.297751,0.42367217,0.30379972,2500.467553526264,1115.729408912174,2578.186263714857,472.75387427594774,5294.528361097013,1915.9649314949663,0.09950325973994587,0.0866613397694424,0.24395056,0.08709495,103.359375,hiphop.00051.wav,hiphop
-146.45955,69.75568,81.55766,34.418716,31.96333,22.134516,22.411772,14.592062,5.0775967,13.323324,13.6172695,10.72067,6.487694,10.251703,8.408617,9.903499,4.4354043,9.101104,4.9975214,8.230284,1.8295833,7.205989,2.8662937,6.1921325,4.5297093,6.8435163,0.5279812,0.28310558,0.42498755,0.26528415,0.4429968,0.29950288,0.43831125,0.33251783,0.3560816,0.26494884,0.37839708,0.2863182,0.3659474,0.24316896,0.37464064,0.24654654,0.4206175,0.268035,0.5098489,0.31380767,0.631461,0.29879382,0.6635512,0.27957013,2595.994967867747,1171.7208188720292,2881.8281456296077,488.1823459863592,5859.520974568591,2127.4198745001645,0.08233033642691415,0.06505187097822487,0.109974444,0.040225863,103.359375,hiphop.00052.wav,hiphop
-144.9216,81.02737,66.675064,33.422577,44.269436,25.331095,22.51216,21.36186,6.504938,15.056677,8.847096,11.232346,11.890135,11.66175,5.838831,9.458353,3.0452945,8.859225,6.454954,9.817858,3.565836,8.82613,2.5241907,7.928194,3.829879,7.5319443,0.55196387,0.2991617,0.4730016,0.27205387,0.44837677,0.27921066,0.47044483,0.30234063,0.44527304,0.28405574,0.4605843,0.3028437,0.40144843,0.24732283,0.5002094,0.2640878,0.6072697,0.27834532,0.5619407,0.26306808,0.5944077,0.30435637,0.56603307,0.28965366,3079.2339737601815,1147.2115857340193,3220.9111449688935,490.5155192809377,7003.6118651210845,2136.2633255053775,0.10707709481341841,0.07017391101333255,0.10891521,0.037397057,107.666015625,hiphop.00053.wav,hiphop
-104.79348,55.51827,64.03617,25.633444,28.8045,24.776579,10.56003,15.823971,15.176523,14.225936,13.067325,9.505423,8.025533,10.822816,5.2390757,10.638723,6.7465467,9.407141,5.125547,8.062504,4.450881,8.169098,4.4701214,7.427909,3.3572874,8.286008,0.56530863,0.3054499,0.50880706,0.31052586,0.41801167,0.30650714,0.37009406,0.2845325,0.36651167,0.2818972,0.37630963,0.28188476,0.41410923,0.29535738,0.44118917,0.28889933,0.44219851,0.29742053,0.44316706,0.30564183,0.49063513,0.30566898,0.5285938,0.29263037,3258.307248271105,915.1346241109276,3321.339011000736,337.11805300966313,7619.44815155525,1314.563415865876,0.1262363749516628,0.07739314596591686,0.12414034,0.04309026,112.34714673913044,hiphop.00054.wav,hiphop
-161.52745,53.424515,104.06318,27.45046,-10.907193,19.879435,43.697933,14.905237,13.963116,13.809946,14.444334,11.121924,7.506867,12.487456,9.481524,7.569137,6.4333916,7.4164762,6.989431,7.930509,1.3591906,7.4417515,4.434304,8.49692,-2.9288797,6.016164,0.27883238,0.20840006,0.37647828,0.30147076,0.45152864,0.26604956,0.58560264,0.35797933,0.562737,0.34940416,0.44938818,0.32888317,0.40937492,0.31312233,0.33089355,0.26745436,0.27969328,0.25677437,0.28131428,0.27350804,0.36217225,0.32760376,0.31865785,0.2555306,1735.1780888053472,724.595750664848,2055.9282768952953,380.6433863974288,3552.329022259281,1382.6469677758091,0.0724604843387471,0.05482722505777925,0.13372414,0.07004124,107.666015625,hiphop.00055.wav,hiphop
-101.071526,53.613705,72.41138,21.010433,-2.371432,22.231674,46.02547,14.887886,5.5287857,12.364277,24.215315,9.1968355,3.5469203,9.165589,14.532065,8.277866,5.650925,9.173225,13.52277,9.766458,4.9679728,7.3350043,9.9139805,7.3544927,2.9338572,7.1210356,0.4787369,0.30018857,0.3931666,0.22601894,0.36263353,0.19677587,0.4076162,0.24263258,0.4929159,0.28870082,0.5715634,0.33775723,0.55195224,0.29743102,0.5220284,0.26514176,0.49294958,0.25221673,0.5210751,0.32883862,0.5464625,0.32692528,0.558184,0.33969396,2355.838782301562,595.9212358121489,2497.0585103955036,335.75233837744014,5177.219867042489,1121.763599207986,0.07014558560518175,0.03324576171934772,0.16656049,0.0418144,99.38401442307692,hiphop.00056.wav,hiphop
-113.623055,62.023903,87.05368,22.690054,-0.641124,22.482285,52.261642,13.242612,19.37811,11.705978,19.67521,9.649744,15.385646,9.196126,13.703338,8.308592,6.950013,6.204083,9.077205,7.240214,7.971615,6.4964137,4.4166303,7.5953,-0.15431148,8.026442,0.20116928,0.2164196,0.20903006,0.20990235,0.29326013,0.28182936,0.3937897,0.34524968,0.41802606,0.32383037,0.3512431,0.21082178,0.44648656,0.22640313,0.6300107,0.32799003,0.65789837,0.29820362,0.6026112,0.32749686,0.36766604,0.21792154,0.23691638,0.20214249,1811.510320100113,642.7394937666614,2279.639247744241,328.3941514745783,3890.7900073412125,1325.1242224686885,0.051442110160479504,0.03852605817337673,0.2247038,0.06415781,89.10290948275862,hiphop.00057.wav,hiphop
-109.82442,68.54427,63.054916,29.497927,-13.828153,24.869091,43.01986,18.00431,6.1724057,14.878718,23.183786,11.896968,8.033159,12.969406,10.669684,11.133939,0.968362,9.544929,5.329999,9.589566,-1.8259578,8.869347,-1.4317561,8.296116,-1.8608027,7.312684,0.5053122,0.29172897,0.50122064,0.29913464,0.47641003,0.2798596,0.44611752,0.25446087,0.47723988,0.2874699,0.4346058,0.27284104,0.44941926,0.2623338,0.5069239,0.28866905,0.5428018,0.27196234,0.6286969,0.29976106,0.58267385,0.2720028,0.5230272,0.2686305,2677.746993460678,982.3104774922257,2414.5620817860026,358.459447346882,5211.751264319895,1414.624155575255,0.13613681542440062,0.09677920438461136,0.1303836,0.066412635,172.265625,hiphop.00058.wav,hiphop
-133.19142,57.810024,93.95369,29.766188,-2.2407176,25.968674,50.202217,16.907309,12.499553,14.38475,15.040485,10.837456,11.499115,12.257446,10.2495985,8.88039,7.9568853,7.942261,10.791148,10.385767,1.9635901,7.1897135,5.1979475,6.261166,1.0622268,6.305544,0.5267747,0.31561753,0.45202854,0.2544594,0.44637167,0.26120892,0.47308764,0.26681402,0.5490089,0.25373554,0.68577373,0.32620966,0.54598886,0.23957543,0.4488328,0.24120128,0.4533682,0.25149167,0.50348103,0.30576435,0.45533028,0.24009733,0.45648992,0.28132212,1949.4353476261645,808.4374703865801,2286.594892043858,528.6251766216775,4219.933260676479,1737.0082775052638,0.06298488254060325,0.044138665889119126,0.15123579,0.051915806,92.28515625,hiphop.00059.wav,hiphop
-153.54395,71.57656,92.79628,22.262503,-15.8539295,26.266115,57.933186,18.808474,8.580763,16.313467,18.46157,11.095441,13.279116,11.202688,11.165099,9.381018,7.618666,8.374039,12.9682,9.993765,5.6574016,8.129821,7.0170255,7.441921,2.8851962,7.6911964,0.46869034,0.31630912,0.42200565,0.33506128,0.4369004,0.38016334,0.40005037,0.3458404,0.30925307,0.25739872,0.2729948,0.22983387,0.3259515,0.22394225,0.4299524,0.30409017,0.577841,0.36134067,0.5836496,0.32913938,0.52258223,0.2595902,0.52542114,0.28533074,1717.3394378748421,588.0645014271219,2052.4764667682657,360.83944448046685,3685.6916600203017,1185.268481008839,0.053872942647911835,0.046785920829148724,0.18021424,0.06270756,184.5703125,hiphop.00060.wav,hiphop
-127.280014,56.227905,95.79218,22.449402,-12.782046,23.467379,37.926857,18.539267,20.56561,18.941607,23.201853,12.523437,8.269457,11.266895,9.612638,9.038148,8.668725,9.879272,5.510033,9.551029,6.6769094,8.96807,4.0242624,8.149088,1.7337765,7.415147,0.5904847,0.31874713,0.48197258,0.29162365,0.40280536,0.25217164,0.3606413,0.22109093,0.45923957,0.26700598,0.5011082,0.3044686,0.48077658,0.27779868,0.48399377,0.30283698,0.458599,0.27833796,0.44529778,0.26526073,0.5017279,0.25354046,0.5159805,0.2564822,1811.681664691942,570.5215710508459,2201.181650414098,343.84516627281414,3806.439138177929,1234.5552939523207,0.0673042645494973,0.03846521411106616,0.1555688,0.056643214,184.5703125,hiphop.00061.wav,hiphop
-144.11632,91.63653,73.39045,48.05466,4.6577053,43.09224,24.01729,24.836475,12.901472,21.384047,14.00732,16.988592,8.624697,13.402644,6.899631,13.204815,-1.2319987,12.531792,-0.85806066,11.586322,1.1545575,10.608978,2.5797813,10.129197,-1.1144273,11.301026,0.44464105,0.32420284,0.40865502,0.2854095,0.44875512,0.30802435,0.4827424,0.3052962,0.5504997,0.3229577,0.49282515,0.3046014,0.50645286,0.30440712,0.48137942,0.28922924,0.470625,0.32636774,0.45350614,0.31113088,0.4535912,0.2923701,0.4687077,0.2933352,2448.908553270967,1319.1634051533829,2508.0552309058653,574.6468187054725,4929.937758301914,2408.1028392026296,0.1095162352571539,0.09894712026808745,0.19083652,0.14560875,92.28515625,hiphop.00062.wav,hiphop
-98.853745,70.99709,71.11213,37.37224,-10.053335,31.258987,31.729233,23.007347,5.147712,16.91375,1.8780879,16.293337,-8.90375,14.846517,-4.26225,13.330818,-5.9646845,13.269917,-4.266651,12.495645,-0.6641838,12.121687,-1.8670931,11.248965,-0.5158785,9.507993,0.4063091,0.29813585,0.40393558,0.29988724,0.3544875,0.2762282,0.39241758,0.28516757,0.3846881,0.27595988,0.4248399,0.26032883,0.53476816,0.30463564,0.44558042,0.28017408,0.44590935,0.3089073,0.49209318,0.3267405,0.5820881,0.33060858,0.48016295,0.30168438,2671.1443441180336,1115.6163763573259,2494.6900227127685,507.7856598211791,5320.449807859629,1886.8275993064562,0.1221979529195669,0.08561977234291344,0.18605243,0.13191666,92.28515625,hiphop.00063.wav,hiphop
-82.389885,62.492176,69.9665,26.314093,10.69905,24.49003,48.823395,18.658056,4.6501894,17.625427,13.297806,14.865828,-1.7968223,12.595383,5.1300416,12.013177,-1.084799,11.565267,-2.7969444,10.0137,-2.5503407,8.81039,0.22138514,9.515295,-3.1227164,8.665558,0.35337618,0.31496543,0.3475711,0.3053936,0.3345222,0.2876729,0.36427918,0.30903617,0.37535244,0.298797,0.39000693,0.3280437,0.3744746,0.2922578,0.40052798,0.3007403,0.5558928,0.33932546,0.55404484,0.3298081,0.46062148,0.32765183,0.38788784,0.30286577,2429.7567970045075,814.8904651118124,2575.167652629,368.31224647523607,5273.794534422129,1322.0910055166585,0.07979187814191802,0.06009028922770978,0.23593709,0.11898812,86.1328125,hiphop.00064.wav,hiphop
-140.10194,93.146126,77.09097,46.243546,42.042377,26.122725,31.247862,19.797337,12.197926,17.323404,10.2141695,14.568133,3.738435,11.582268,8.296796,10.24133,-1.5552227,10.464135,-1.76049,11.076512,3.6245475,8.8554125,4.5918226,8.160577,-2.5488021,9.813783,0.44593677,0.3159097,0.4837821,0.32505846,0.5236554,0.3414699,0.53165513,0.33888468,0.5000844,0.31778705,0.44188312,0.28946668,0.39823887,0.31813842,0.3184721,0.2792192,0.28582773,0.2564487,0.3168927,0.27889964,0.36209533,0.30761078,0.40252832,0.30908808,2447.017199907088,1384.5846594965103,2779.59821443409,530.0478221025045,5314.679309110354,2565.7100114262203,0.0885514851604795,0.09530743000483881,0.20691244,0.13697362,95.703125,hiphop.00065.wav,hiphop
-111.97783,86.241394,89.09961,32.940826,13.175455,24.59989,36.359657,20.0669,-3.276571,16.155266,3.877864,13.18313,0.56019163,9.969219,6.327396,10.384883,-2.1887617,11.460996,2.9669955,10.046605,-1.6431162,9.709665,-0.3779446,8.306739,-3.478565,9.368126,0.6218034,0.30739623,0.5390454,0.3152209,0.3485304,0.2537081,0.28169736,0.2597813,0.24985999,0.23603183,0.21835093,0.19211316,0.374012,0.29600903,0.3220955,0.22746468,0.37817022,0.26270884,0.43355608,0.32555282,0.4953077,0.29500043,0.6552942,0.29952556,2245.0676185562293,868.1121161333616,2484.0931602339115,409.98516484745033,4816.043267836427,1653.6303207881447,0.07937459215487239,0.059274883855656615,0.18972842,0.1227918,92.28515625,hiphop.00066.wav,hiphop
-74.66587,59.075455,58.725624,28.171997,9.9149685,25.930252,21.557991,17.130585,15.055373,16.489178,4.9287863,13.236515,2.2788138,13.894247,5.4631743,12.650468,3.1182055,11.848338,0.5998957,10.330191,2.4616172,10.23111,4.2016363,10.577246,3.4685113,9.490225,0.5528405,0.2865373,0.48355913,0.2495162,0.502923,0.27859437,0.44177425,0.26548067,0.40489957,0.2585646,0.42892778,0.30411187,0.45777056,0.2949917,0.52698565,0.31236145,0.5469913,0.33040985,0.54326123,0.31260958,0.5380535,0.26953205,0.5520518,0.2798302,3053.843913876579,1070.7041766796565,3025.0175849524644,439.74006451170237,6668.173522241154,1866.2659169305507,0.12687080070572312,0.09865254962852485,0.21794207,0.13905951,95.703125,hiphop.00067.wav,hiphop
-66.12838,74.19816,74.913,28.467182,20.638704,21.161476,39.30214,19.075796,8.165499,14.23744,15.136998,9.914075,-0.3755349,10.0103855,5.5735126,9.146224,1.4621952,8.903907,-0.64992875,9.157705,-1.5591091,7.2010593,1.4431082,6.5366497,-2.4078414,6.171288,0.33387086,0.2495144,0.33235168,0.25295866,0.3466716,0.26755452,0.40497822,0.28479314,0.4757569,0.3145877,0.4510439,0.29057387,0.4438662,0.32211033,0.44614652,0.32373568,0.47262213,0.27521273,0.5804907,0.3427853,0.45054698,0.27381763,0.3269196,0.24583864,2544.7011695771357,849.1662495627145,2747.9991393027904,391.360096414502,5683.4499845925175,1568.6946227024282,0.0956740471529389,0.05485363002406183,0.22871886,0.10945246,95.703125,hiphop.00068.wav,hiphop
-59.28568,62.22144,36.266663,30.57303,39.8319,24.053965,49.966923,19.814838,10.147771,16.638186,16.897055,11.311727,9.78029,12.491881,4.4464774,11.164561,2.4262035,10.540647,1.7045093,9.743934,2.3705525,10.2006645,3.9136555,8.45226,3.190017,7.675178,0.42701843,0.2853274,0.4106211,0.27709082,0.4244929,0.2877643,0.4198066,0.2809283,0.4156625,0.27541474,0.43120822,0.2935119,0.4542829,0.27388483,0.51104605,0.29723376,0.6025875,0.28752863,0.68105423,0.3145617,0.5901117,0.274408,0.50616014,0.27771372,3297.9029244411563,998.7972439990737,3138.9490189367016,293.90129414319205,7079.552627882105,1204.6047274332686,0.12088227474864656,0.08408429148117752,0.27175093,0.08284341,129.19921875,hiphop.00069.wav,hiphop
-81.72639,70.39964,82.33733,32.41996,53.536568,27.367712,25.525997,16.62596,15.728674,14.611622,19.205505,9.399796,8.432267,8.823501,6.390246,7.9655924,0.20682313,8.882368,0.13791876,7.7169843,1.2020646,6.762024,1.532111,6.1078496,-0.7304982,6.1858563,0.33913064,0.2775297,0.29456463,0.23722507,0.31906453,0.25345835,0.33408347,0.25383496,0.4203098,0.26263458,0.5593543,0.32611966,0.5391246,0.30447856,0.5136611,0.30684182,0.48109058,0.27752635,0.45283553,0.26190954,0.49687636,0.34376475,0.42093104,0.30037323,2500.4618224971823,1114.9569889239385,3049.2102835032524,566.5877609772491,6026.957033515806,2499.016185701919,0.06922378008990719,0.05538047004328007,0.27877173,0.07464139,95.703125,hiphop.00070.wav,hiphop
-78.83389,56.708824,51.52047,32.23899,42.246727,17.268417,30.081593,15.525022,20.089994,15.025708,6.9738503,10.451129,8.016349,10.7592945,6.873313,11.003698,-4.6300087,10.593691,3.650249,9.902217,3.6282666,9.519867,4.3236527,8.392803,2.5973763,8.548134,0.48303968,0.3588819,0.53628606,0.3292949,0.5636814,0.3222093,0.4996083,0.3314339,0.38231406,0.27875692,0.34968907,0.29725224,0.3513418,0.31375208,0.38621065,0.34840152,0.34625274,0.27714452,0.3288529,0.2653847,0.30111602,0.23930594,0.31670046,0.24803247,3185.160631320678,1155.8437079518358,3285.5638334884216,340.15134696428373,7471.421952037413,1506.8210745279723,0.1075113743474478,0.09978959121770888,0.24696118,0.09063152,95.703125,hiphop.00071.wav,hiphop
-118.05631,66.687454,102.20693,35.091385,20.763098,23.536821,36.992615,16.78144,24.375978,15.914543,7.8266516,14.590219,15.940079,10.383862,-1.5931469,11.868121,6.758074,9.756067,-0.77758026,9.166226,8.574868,8.456938,1.4911983,8.259038,-4.211417,8.688832,0.42918602,0.3245477,0.3895594,0.29651248,0.38120428,0.27701753,0.51173997,0.31421307,0.5009121,0.30090812,0.47990206,0.32984155,0.46938074,0.30805287,0.45109466,0.30712932,0.41373605,0.28570032,0.37370303,0.2677788,0.43666345,0.32706037,0.41890225,0.30974177,1821.46331961173,863.2332774006611,2522.0395257494642,556.4185460202963,4003.2772621809745,2190.248400596251,0.051527455529775716,0.043239041828619915,0.2527779,0.116843365,99.38401442307692,hiphop.00072.wav,hiphop
-78.21304,78.299736,70.18442,34.826424,45.899075,25.889574,42.0747,17.894283,15.084578,14.618199,10.687759,11.129552,-0.69573385,13.857395,-0.6118224,10.107218,0.3674376,10.793747,-0.35835874,10.126455,1.0923243,8.848883,-0.6734942,7.0739527,-0.8149564,6.732075,0.3359544,0.2662259,0.30698973,0.23483486,0.4031053,0.26933214,0.45979884,0.30757126,0.54232264,0.3497615,0.47725168,0.2850387,0.5247786,0.29923478,0.5161814,0.32843846,0.37038374,0.25920093,0.3128183,0.2688391,0.37964475,0.3036831,0.44112474,0.30889785,2566.9254687003345,1200.8406423854963,2942.488198790913,492.3472881441164,5932.106021606729,2151.910868060872,0.08562104239172467,0.09633430266588819,0.30026007,0.11815932,92.28515625,hiphop.00073.wav,hiphop
-68.91117,57.51506,62.395336,26.57695,24.27625,26.258558,53.779545,19.719053,-1.9351077,15.509805,12.820083,10.336787,-4.3558745,10.67471,12.3553915,8.563995,-0.21981908,9.995269,9.055807,8.434217,-0.97975236,8.036118,3.9336565,8.008116,1.9129128,8.55335,0.37513688,0.25587085,0.42144614,0.25784597,0.5087844,0.3176053,0.5483675,0.30797306,0.52741456,0.2774792,0.51377016,0.2884024,0.44497177,0.26932505,0.4647562,0.30432126,0.49739593,0.29747805,0.5545449,0.3048895,0.43965772,0.2537264,0.39075553,0.26352438,2774.785858823798,852.3757901797861,2712.4689217879163,342.3729636435231,5968.685821037558,1245.7374695908454,0.11074241408062645,0.06855857621650953,0.20822197,0.10174481,99.38401442307692,hiphop.00074.wav,hiphop
-94.559555,66.200645,51.677036,43.12778,17.531384,28.929602,28.92272,24.354198,2.0536478,18.960651,3.7297475,16.703934,-1.8468494,15.337274,4.372743,12.97545,8.770599,13.903632,2.1283352,13.918129,-1.3841965,10.610039,4.6820245,10.245213,4.0688467,9.934802,0.44031385,0.33058596,0.3819408,0.284189,0.4022692,0.29085538,0.38860452,0.28229153,0.3733156,0.27235886,0.40566826,0.3013399,0.4527533,0.30023316,0.53296536,0.3217657,0.5381711,0.31383613,0.5294472,0.32763004,0.49253085,0.30928046,0.47554505,0.32300073,3140.9185615263345,1334.9459378377276,2849.9481075881176,369.9359694341432,6336.75704212587,1830.9712293612104,0.14681442744586234,0.1298894374165039,0.19159333,0.122497715,92.28515625,hiphop.00075.wav,hiphop
-111.27533,83.834854,89.93035,38.024666,4.450366,32.64285,14.5376835,19.921665,9.927537,17.649557,-9.4755535,17.733398,2.9035454,12.411543,-0.15854314,13.255171,-3.0790896,12.787628,3.2574103,10.956377,-1.5119748,10.6315565,1.5706158,9.439469,2.3876393,10.742808,0.55632216,0.3665536,0.54605466,0.31877,0.49240643,0.30689794,0.35911593,0.25463575,0.4001073,0.33352137,0.38366693,0.29910654,0.4271414,0.30837783,0.3393476,0.26784775,0.31991896,0.25887546,0.36454237,0.2705663,0.39799318,0.2811661,0.5122035,0.34593204,2328.52633694279,1136.9840128869075,2627.5253121218893,608.907008085588,4935.3418761782195,2412.5241372523683,0.09665249782482599,0.0907016801486296,0.23710126,0.16644624,95.703125,hiphop.00076.wav,hiphop
-25.85015,57.4895,70.90157,33.78062,9.568534,25.000679,17.494287,19.975246,-1.6235471,18.34895,-0.5374488,16.177769,0.2639298,13.04026,-4.636478,10.87674,-0.5794759,10.793194,-3.0673738,10.221681,-2.406686,12.042092,0.38423535,9.070493,-2.147279,8.849424,0.5263525,0.32114878,0.44880882,0.27554765,0.4354952,0.2574936,0.5317106,0.30362478,0.41276288,0.26313615,0.3369611,0.25929913,0.38563618,0.2686837,0.5020665,0.30738705,0.46899456,0.30222893,0.44293252,0.29210523,0.51023126,0.30392903,0.53149533,0.308846,2987.5950110584854,973.081523559745,2900.287043266731,468.6777319820435,6404.82061611804,1892.5842331088356,0.1376235619682908,0.07938284300098632,0.23840559,0.0848493,117.45383522727273,hiphop.00077.wav,hiphop
-111.27533,83.834854,89.93035,38.024666,4.450366,32.64285,14.5376835,19.921665,9.927537,17.649557,-9.4755535,17.733398,2.9035454,12.411543,-0.15854314,13.255171,-3.0790896,12.787628,3.2574103,10.956377,-1.5119748,10.6315565,1.5706158,9.439469,2.3876393,10.742808,0.55632216,0.3665536,0.54605466,0.31877,0.49240643,0.30689794,0.35911593,0.25463575,0.4001073,0.33352137,0.38366693,0.29910654,0.4271414,0.30837783,0.3393476,0.26784775,0.31991896,0.25887546,0.36454237,0.2705663,0.39799318,0.2811661,0.5122035,0.34593204,2328.52633694279,1136.9840128869075,2627.5253121218893,608.907008085588,4935.3418761782195,2412.5241372523683,0.09665249782482599,0.0907016801486296,0.23710126,0.16644624,95.703125,hiphop.00078.wav,hiphop
-79.72858,92.19785,62.312958,38.61329,-5.1254992,30.618797,18.232164,23.498436,12.871769,17.311836,-14.090276,19.896276,4.9098263,15.116858,1.6790172,14.716442,-5.7725415,12.05524,0.82087576,11.734572,-3.799455,9.991684,2.0151176,9.160301,3.4152286,9.107021,0.43953484,0.30570492,0.49402347,0.32304752,0.45570537,0.30071458,0.43344057,0.31426814,0.38190255,0.26706222,0.36544296,0.2642066,0.35714588,0.27464074,0.37228018,0.28510013,0.38705888,0.2889063,0.44847897,0.30737934,0.5280021,0.3271938,0.4658811,0.30840015,3212.057081839573,1188.319385820112,2833.5391106656207,576.2919871111608,6310.635751250725,2323.4646122260788,0.17229266362142304,0.09909341184737541,0.15472177,0.06872098,103.359375,hiphop.00079.wav,hiphop
-64.0287,42.46572,50.810192,25.722635,6.633542,22.150267,27.82341,15.969488,6.641089,13.781142,0.30421934,11.435954,2.831295,10.895972,3.2257662,9.8726225,0.16213265,10.696113,0.6087187,8.6821995,0.09283667,8.418806,-5.0643578,8.203314,2.6649313,8.769804,0.37597662,0.30762967,0.3385897,0.29532492,0.32648215,0.2843634,0.34336978,0.29184046,0.33520484,0.27882022,0.33211476,0.28038344,0.3360055,0.27664214,0.40224108,0.31163368,0.54679465,0.34082896,0.5716485,0.30927873,0.5040325,0.30528194,0.4322602,0.31450778,3377.550728575826,905.2109078535335,2996.999028063944,369.4507704803745,6893.697603230134,1500.1023503010515,0.15493130075406034,0.08521634789324108,0.14131808,0.025490092,95.703125,hiphop.00080.wav,hiphop
-215.99901,70.86197,122.53193,23.09136,0.90698904,27.722488,39.340004,17.61649,9.276779,15.907851,26.041027,12.630944,-4.0447974,13.1379,18.255962,10.472032,-6.518696,9.890782,13.916698,9.50827,-3.0740814,9.09219,8.889011,7.1614447,-4.3479905,7.6367216,0.70789284,0.24668454,0.7793779,0.2507025,0.6688948,0.24633901,0.4768216,0.24074471,0.4401989,0.26327568,0.38350433,0.2712295,0.36760524,0.28559765,0.39521614,0.23811273,0.5493616,0.28266236,0.49911672,0.30686212,0.45673472,0.2791514,0.5238271,0.24982399,1470.2938674326106,596.0787200484168,1954.8448319946945,424.7012237146797,3279.0005641857597,1626.868629653893,0.05182163270978345,0.03408489095586826,0.08635042,0.05821798,103.359375,hiphop.00081.wav,hiphop
-122.77545,30.95041,95.02316,22.60365,-29.384426,17.00664,46.77722,10.974546,-16.006794,11.412188,27.109676,9.444375,-13.129478,11.1247225,20.252937,9.737986,-5.38928,9.04559,15.461106,7.5889482,-6.9193435,8.258369,15.639389,7.6152196,-6.7110047,7.554492,0.46336016,0.2728171,0.47177914,0.28206238,0.46444917,0.26706222,0.43790266,0.25926897,0.47133297,0.28069428,0.46507534,0.2784494,0.48365512,0.28435686,0.58556455,0.30377898,0.52966225,0.30145863,0.5450515,0.28786677,0.62789804,0.30614835,0.49784124,0.2686786,2290.9396470333063,619.1208546194596,2181.566339299768,242.76690856691135,4820.264974713602,940.8207057922941,0.11330995021268368,0.06973221675432668,0.10224163,0.04615155,107.666015625,hiphop.00082.wav,hiphop
-121.9977,43.055016,89.62222,19.976334,-25.78171,18.591133,40.958427,15.468759,-4.291184,13.53504,27.560095,11.878568,-15.568068,12.727334,22.402187,10.5219145,-10.835225,8.79266,19.812077,9.685894,-8.643745,8.830873,19.082935,8.724548,-8.475936,7.8680906,0.43693364,0.28612947,0.49669862,0.30370677,0.50700796,0.30473113,0.4614913,0.2789573,0.421327,0.28771397,0.4467949,0.29516757,0.42561632,0.27920735,0.42491105,0.28937563,0.45188257,0.30866984,0.43099186,0.28421623,0.43392745,0.28519288,0.43653268,0.28623986,2367.639173778173,559.9351788451287,2302.8831942477173,260.7224557424672,5016.46193218895,1028.7099844067739,0.11083682267498067,0.05947786884946539,0.110620566,0.052025113,103.359375,hiphop.00083.wav,hiphop
-214.28505,64.94382,100.34033,40.487797,-33.472843,25.153444,47.243874,23.73563,-8.946487,19.418549,12.985619,18.578564,-17.303013,15.197535,11.073051,13.301924,-11.712202,13.015946,8.803368,11.112052,-7.8350787,10.014724,6.2592897,9.319222,-0.110056914,9.944304,0.4395268,0.26600647,0.46536645,0.27357507,0.46595815,0.2484298,0.5167586,0.2722573,0.58759844,0.3064495,0.6244094,0.34019595,0.57002443,0.3093621,0.56308466,0.2818479,0.5142499,0.2738167,0.467777,0.26465675,0.48085186,0.27105075,0.4638093,0.27629545,2044.214177024692,767.6249323478332,1933.5991084288332,374.3453589204822,4074.2718831569027,1371.5535894797479,0.10510961970707657,0.07074226350826537,0.065865405,0.044800367,112.34714673913044,hiphop.00084.wav,hiphop
-114.32079,39.839672,80.860405,19.147827,-18.20416,19.846895,50.670105,14.015308,-14.925235,14.046042,29.26206,9.315681,-20.069794,9.94956,18.574259,9.011675,-17.683847,8.186941,16.68106,7.6827903,-11.426418,7.548093,16.29898,7.6656823,-4.4611216,7.952183,0.4279815,0.26880482,0.47589117,0.29052845,0.4527072,0.2847473,0.4666559,0.28651676,0.47338802,0.28397197,0.45303017,0.28636155,0.43574965,0.27622738,0.4788751,0.2967753,0.49358362,0.30230856,0.51557195,0.32819787,0.5554007,0.33980554,0.490376,0.29094198,2607.8596297145214,551.9598792238559,2391.9552710738562,233.58267908157234,5534.641062300609,804.924687856008,0.12721671379543698,0.0684682024424986,0.106190525,0.044118505,112.34714673913044,hiphop.00085.wav,hiphop
-198.95903,56.590908,92.613266,27.19053,-19.521551,19.554682,39.53248,19.6919,-0.6365577,17.190062,33.590065,12.948288,-6.4646487,11.331969,27.523464,10.394168,-2.3977473,9.608541,14.995195,10.91303,-2.9880178,10.41694,14.89381,9.809464,-3.3824236,9.3130865,0.44896773,0.3071032,0.43470445,0.28412,0.42449617,0.30178678,0.40114003,0.28682876,0.35432553,0.24816428,0.37074474,0.25231555,0.47563234,0.2528794,0.568465,0.2911251,0.6628756,0.3007817,0.7085933,0.28631324,0.50013685,0.2642473,0.4068694,0.28125754,2083.4389005825383,665.8217103894324,2198.235479537311,330.08985725205554,4479.439167633411,1324.6958104313107,0.07984399168600155,0.05419795945550438,0.07905619,0.042448167,99.38401442307692,hiphop.00086.wav,hiphop
-168.2848,53.261528,70.928505,16.543213,-3.0489557,19.963837,54.81575,11.124425,-12.119345,12.744222,30.501707,11.463818,-1.5368698,13.003999,28.829435,9.631097,-8.936954,10.5211115,18.75314,7.1582127,-6.6041923,8.992688,14.595448,6.3446126,-3.5817893,6.9663296,0.5286175,0.28246665,0.49392477,0.24884029,0.5459309,0.2617279,0.5657166,0.23850232,0.5694302,0.27191,0.582076,0.2853927,0.6061688,0.1901819,0.67387545,0.20893186,0.65159583,0.28308633,0.6398947,0.30927163,0.60367346,0.2805681,0.544772,0.26358208,2473.246187433862,714.6186646524602,2499.7054922430575,248.2655935627707,5509.702182424594,1060.146999398546,0.08777506888051044,0.07458034545965328,0.10802322,0.052346107,135.99917763157896,hiphop.00087.wav,hiphop
-89.90493,44.82807,79.77237,19.011774,-25.73345,20.610794,47.74009,15.080498,-10.01658,13.815556,31.554688,13.260682,-22.208487,10.524284,26.64222,10.392901,-10.969624,9.491762,18.825157,9.329817,-15.554683,7.4315343,14.415654,8.562752,-10.034326,7.838215,0.4652506,0.2835712,0.4729154,0.2785614,0.48871562,0.29270923,0.40790474,0.2516085,0.46033773,0.30685017,0.46320164,0.3190071,0.3847834,0.26615468,0.41205376,0.2752242,0.42830223,0.27845734,0.5193093,0.30823305,0.5223938,0.31137508,0.49752077,0.29364175,2694.7841274938905,524.6563603622396,2389.1395069826526,222.59023956339965,5599.723628280887,833.3949382502295,0.14988572783739365,0.05603801019603268,0.118538655,0.041957323,117.45383522727273,hiphop.00088.wav,hiphop
-103.14578,41.32979,74.096306,19.91711,-22.450449,17.712791,51.598633,11.63409,-7.0803447,11.924531,32.66976,8.472069,-14.982949,8.229284,19.638306,7.9579844,-7.0651374,7.7745895,22.265232,6.721004,-7.3165903,7.729861,17.61653,6.7293935,-0.035863396,8.062654,0.4926965,0.2755969,0.6314159,0.319329,0.5254029,0.28671572,0.47325158,0.27331653,0.51056576,0.28851935,0.54736006,0.30991066,0.47860077,0.3083266,0.46804327,0.29743055,0.5431034,0.30391726,0.46147847,0.27609375,0.41937864,0.268422,0.4296433,0.26338965,2669.9475361239274,581.500848912078,2396.5034787987697,266.1007962978418,5526.430800010876,967.483229304734,0.11757230943058777,0.058763025456564054,0.12068817,0.044209667,123.046875,hiphop.00089.wav,hiphop
-109.51281,30.738262,97.39123,15.714289,-20.617918,14.966922,37.375572,11.362239,-3.1134143,11.101764,28.608015,8.865902,-14.167001,11.384313,23.848665,8.568761,-8.73561,8.879452,19.89689,7.7528815,-11.290993,7.6748123,17.932451,7.1372614,-3.4741397,7.0647106,0.5087378,0.30602774,0.43659556,0.27423948,0.42335287,0.28007388,0.47495216,0.2711546,0.56905836,0.30667576,0.5227774,0.29820898,0.45879802,0.29170904,0.45659447,0.29428917,0.46742988,0.2909915,0.49271125,0.30315122,0.498378,0.29130858,0.48145646,0.28396806,2272.5405031296214,471.5456727480613,2327.1482067943803,228.58525256671106,4964.2193504386605,975.9863359817441,0.10443931868716164,0.047956085515338365,0.10914599,0.042247575,151.99908088235293,hiphop.00090.wav,hiphop
-105.535225,45.570557,76.67295,18.511541,-24.781746,20.006153,55.20959,14.184444,-8.259848,14.797229,28.897642,11.295095,-15.744415,11.988666,26.299292,10.338817,-8.478252,9.745305,20.452374,9.033358,-8.147398,9.347902,13.90922,8.930135,-6.5623593,8.353876,0.48931998,0.28510797,0.50586873,0.2820808,0.5012401,0.2594463,0.5254784,0.24341777,0.60834616,0.26533362,0.6296427,0.27025884,0.5484709,0.25665748,0.50450224,0.25744453,0.5135509,0.2666848,0.5378417,0.27475265,0.561721,0.28501728,0.47721648,0.26316643,2629.0449785113356,510.58566427792437,2350.8161857462896,227.67313964798657,5411.5703963348315,801.5182999749399,0.1385510319992266,0.0643071654032183,0.1135739,0.043346338,103.359375,hiphop.00091.wav,hiphop
-145.03775,43.798225,84.07012,16.751904,10.8738365,21.121948,43.602345,13.638022,6.2924957,18.858782,36.12595,10.8914175,-14.64767,11.47555,26.805588,10.5729265,-10.327143,8.854974,24.690153,8.757496,-8.718044,8.127611,18.786041,7.465309,-4.3923764,9.77255,0.4249025,0.26684734,0.40240568,0.27088597,0.3874949,0.2583216,0.4380783,0.2840686,0.48105252,0.31032404,0.4147185,0.2636663,0.39753634,0.24257638,0.4628083,0.24925564,0.568373,0.24851017,0.6986693,0.31531468,0.5866567,0.28386664,0.47217435,0.25575092,2330.136830188641,526.4397239069599,2664.101041025171,264.5330987279921,5836.389018543358,1076.355773347746,0.07259227873646558,0.039152420588340085,0.1225821,0.03984367,112.34714673913044,hiphop.00092.wav,hiphop
-191.64328,57.457066,41.31824,20.081663,5.0136557,21.16417,65.45381,14.865942,-4.320505,14.50564,42.636795,11.642112,-12.25125,10.803994,23.813137,9.103044,-4.262662,9.863625,16.029984,9.374832,-5.084965,9.8872385,16.429445,8.636555,-9.367057,7.71755,0.44674325,0.26723918,0.42721665,0.2495583,0.4261149,0.25908524,0.4678288,0.270211,0.5652684,0.2806708,0.6248209,0.3106636,0.49746144,0.23971108,0.46960863,0.28065312,0.46203575,0.28796142,0.4472388,0.30177948,0.44271186,0.28878623,0.44266632,0.2729504,3185.5488967360493,652.76157404626,2603.8793384116793,170.079799482686,6278.469175971578,551.219311051718,0.15213151947989173,0.07452095988468649,0.06721186,0.04421647,117.45383522727273,hiphop.00093.wav,hiphop
-169.90744,53.406437,98.044304,26.381577,-11.313633,20.142954,38.255463,16.193237,5.08135,17.50409,25.405148,14.90824,-11.835303,13.360148,25.126324,10.204937,-5.543401,12.116801,19.20919,9.551216,-2.9169097,9.762197,18.207973,9.11629,6.095454,9.413952,0.530802,0.29961127,0.43079835,0.28138286,0.3529154,0.24945262,0.3429083,0.2612857,0.35171333,0.26602596,0.3407693,0.2589361,0.36398673,0.24549255,0.43125948,0.25477523,0.5367172,0.30736098,0.61526215,0.33575296,0.60391665,0.2928839,0.6072779,0.27709934,1929.8045739109689,557.3323185040194,2249.529356583929,362.9297266020686,4412.4081215559745,1411.9468031207525,0.05418184756863882,0.031058395587330492,0.11072535,0.036489442,151.99908088235293,hiphop.00094.wav,hiphop
-92.64569,37.630997,77.41155,19.044544,-32.758095,17.195684,54.586475,11.705525,-13.199569,9.307003,33.660706,9.093304,-12.074938,8.925447,28.02354,8.258109,-11.954623,7.752078,18.8322,7.1422057,-6.6618686,6.8377104,13.044242,5.4644303,-7.011976,5.74133,0.5781043,0.27266905,0.5126537,0.24600476,0.51772153,0.25710782,0.52437097,0.2543429,0.5508193,0.25739682,0.5558744,0.26935726,0.57148325,0.25545058,0.60863143,0.255039,0.6384505,0.25575915,0.60621506,0.26947737,0.5337901,0.24620433,0.5519774,0.25585848,2735.6851447732483,529.0822060268591,2295.5018679407112,225.53403986034726,5419.747351272476,813.4503391953201,0.1575562373114849,0.053790987098722896,0.10344428,0.042335104,112.34714673913044,hiphop.00095.wav,hiphop
-128.18356,47.078865,124.55868,21.492481,-37.18115,20.38446,43.889126,16.371109,-12.773454,18.152674,18.995405,13.086157,-9.288907,11.791225,19.782911,9.448529,-6.878305,9.389456,13.470524,8.306024,-5.971914,7.9574113,12.324474,7.4639697,-4.6459928,7.4216466,0.3771169,0.27509072,0.3753589,0.27734467,0.41573203,0.2758529,0.48970088,0.29315862,0.57492936,0.3413927,0.5032434,0.30826446,0.3674484,0.25707316,0.34521547,0.26079863,0.40675536,0.29672405,0.4206192,0.30043787,0.4059351,0.28559262,0.41683424,0.28625888,1752.518630056562,402.8258473783514,1811.8528990944299,262.79374627686445,3490.593845163863,852.5828740590358,0.08311732646945089,0.03024742119195659,0.11077147,0.037117604,107.666015625,hiphop.00096.wav,hiphop
-111.191635,34.660027,80.62923,20.333374,-0.8914612,15.756523,50.620903,13.721138,-13.467605,14.696437,35.32002,9.264735,-14.841076,9.717826,21.189829,9.477187,-13.5769615,7.370514,19.619339,7.9924445,-11.7664585,8.07064,16.967947,8.643573,-9.359965,7.539452,0.4764258,0.30388537,0.48572448,0.28289378,0.4933779,0.28100502,0.5828275,0.30190942,0.5244664,0.2940206,0.43222925,0.2700918,0.40982586,0.2599018,0.4069943,0.26268122,0.44039354,0.29732543,0.44447464,0.28517187,0.49677143,0.2974843,0.494669,0.30381852,2582.0374965474734,588.972646244571,2526.183370235238,199.05167196869058,5731.720664606293,786.1810807297586,0.11600512676430781,0.06467082586203919,0.1184538,0.04177052,151.99908088235293,hiphop.00097.wav,hiphop
-129.85645,44.001213,72.016136,20.228973,-23.281464,20.010784,63.21336,16.721653,-6.8841476,13.360734,34.399254,11.78496,-12.2047,11.2072,30.490248,8.680471,-7.596256,9.539209,20.596848,7.50422,-6.2104917,8.056392,14.676088,7.845343,-2.949456,8.322424,0.50314367,0.23123163,0.5880205,0.2521943,0.6250826,0.30964866,0.53875524,0.25892717,0.4920473,0.26562932,0.45897517,0.25970334,0.44019687,0.23899205,0.46728805,0.24690276,0.583423,0.3039098,0.60869235,0.30151567,0.5563183,0.27869114,0.539943,0.2695893,2538.6441653895045,552.914912983264,2341.339361743686,221.26654959366272,5353.532335321201,793.3406459834051,0.10070602523201856,0.06005504571063417,0.11897815,0.04644048,107.666015625,hiphop.00098.wav,hiphop
-138.8806,60.9875,100.20721,39.572815,-31.442926,32.400486,32.449326,23.590544,-2.7517662,17.857294,13.091756,17.914982,-14.506294,15.127842,13.94322,14.009374,-15.174354,14.440978,8.177486,12.393272,-4.925513,11.713668,3.5089593,11.127981,-7.9849477,10.483277,0.37658685,0.2936507,0.45178252,0.2928169,0.59661156,0.32057503,0.4718446,0.28273013,0.4083173,0.2864092,0.37610313,0.28154036,0.41972318,0.30973902,0.4167659,0.31643343,0.4459609,0.33258614,0.48085693,0.3292507,0.37326735,0.28155753,0.35290745,0.28590465,1963.064381362765,821.9148770781545,1917.4023309206555,360.5646526095048,3798.4537005147913,1474.3238244553727,0.10151491806844548,0.06607169190906619,0.15363686,0.12211151,107.666015625,hiphop.00099.wav,hiphop
-252.09982,110.2598,137.90314,38.28142,-11.12893,27.052284,8.363254,10.953903,0.7312536,10.841367,1.5888377,7.2944736,-3.731885,7.50223,-4.1349125,6.1860313,-5.4992824,6.60911,-2.6316204,6.1354694,-3.5324266,6.5626187,-3.1432617,7.6875696,-1.846344,6.616591,0.44138986,0.34518173,0.30552775,0.23829791,0.3252968,0.27836424,0.40065506,0.29281506,0.45663956,0.3269045,0.3331819,0.315943,0.21843986,0.19717938,0.36186194,0.2819058,0.3874543,0.31139264,0.32182187,0.2601583,0.2842527,0.27029198,0.29697287,0.25764093,1503.9322999254405,744.7082297554456,1754.3003588891916,532.5125179507195,2799.366367278132,1638.8122097400294,0.07841653373936582,0.049455553421805916,0.046740487,0.03927918,123.046875,jazz.00000.wav,jazz
-345.75772,100.564285,146.97388,35.897697,-0.50894165,22.84613,22.634275,11.60479,5.8155456,9.833166,10.363343,7.428299,-0.15792406,7.343603,-1.7160186,7.5537124,-6.119844,6.851872,-0.522886,6.953884,1.0385454,7.2173853,1.2205256,6.798819,-1.9355481,8.029969,0.35416824,0.31433448,0.32344383,0.28763804,0.3272462,0.27487078,0.29787704,0.26958877,0.36571172,0.24956504,0.55558276,0.38428372,0.3733807,0.26767188,0.27714497,0.2745924,0.23290297,0.21868382,0.25720876,0.26130366,0.2389226,0.22914746,0.33280787,0.31910956,1266.4884313587363,549.4456243075464,1691.2917034209945,466.1839077176908,2410.6862220852668,1333.9921347134446,0.059293884135730855,0.032775396889800086,0.022786215,0.015457516,135.99917763157896,jazz.00001.wav,jazz
-256.9818,79.827644,175.33954,34.871147,-44.815453,32.899372,25.638649,20.119827,-4.25749,15.324204,-0.22635292,10.604542,-11.319777,9.705773,-9.186364,8.587931,-4.102288,9.274328,-8.307013,10.312709,-22.554071,9.951867,-7.60941,8.43105,-7.656197,7.5886507,0.39909416,0.37756327,0.32700226,0.31528828,0.22919044,0.26515648,0.18744594,0.27475315,0.12930448,0.12681638,0.23989707,0.23444699,0.20703109,0.24081011,0.1886938,0.21749675,0.24313653,0.26738507,0.31165475,0.2421269,0.4420943,0.38200998,0.3084749,0.2721841,1064.7190883164262,401.33620916169747,1050.3578731864366,249.1833056790855,1895.8628076964908,698.9601449063991,0.05785736296403712,0.030448667892770193,0.08082792,0.03149995,151.99908088235293,jazz.00002.wav,jazz
-297.30292,99.31048,193.07446,29.56846,10.171171,33.596886,-1.5964475,15.969955,3.3883607,12.084917,9.993823,10.16755,-7.2564507,12.020222,4.6935673,8.851103,-5.391065,9.400151,-2.8595288,9.4830265,-10.230401,7.145017,0.3792567,10.043379,-4.969516,8.524723,0.22569436,0.177562,0.3234239,0.27174726,0.49257576,0.38441712,0.23903392,0.16997956,0.27265278,0.2695266,0.35292757,0.2932015,0.44116375,0.31617957,0.21440487,0.15619224,0.28309312,0.29860753,0.22319561,0.17558457,0.36977637,0.2955818,0.39454922,0.32664952,813.4170141933283,304.7386633274668,1059.4360254979508,469.0123237782314,1416.9114115066704,661.5558424332896,0.044649978248259864,0.014461339988926679,0.05944417,0.036037832,92.28515625,jazz.00003.wav,jazz
-270.31265,54.00981,137.58981,23.385473,5.64002,18.576284,42.49051,14.8495655,-7.95947,13.263404,9.938035,10.182225,-6.8108325,9.049677,8.250217,7.4459505,-6.1824946,7.1407595,5.4758544,7.2700043,-5.440319,7.537093,-5.177866,9.073331,-6.9937267,8.801483,0.08935633,0.13756368,0.07805212,0.13031362,0.18301763,0.2714333,0.27261358,0.39235955,0.13272257,0.20576747,0.10078939,0.15035684,0.2944043,0.40314576,0.19620019,0.28091443,0.13535577,0.23209873,0.2123165,0.3643178,0.15576078,0.20897679,0.2121689,0.3718649,1039.4057429757265,349.9304181091161,1422.0398263486102,277.45598554514544,1837.7997661687934,956.7476495456282,0.04775035648685228,0.022852297308453902,0.108704925,0.046652056,64.599609375,jazz.00004.wav,jazz
-246.27443,95.79819,120.21053,27.759718,-0.9766384,29.86866,30.696602,14.221285,0.17293577,17.248188,23.16143,10.24633,0.43138686,12.991854,9.16699,9.018083,-0.5621416,12.383026,5.726498,13.625539,-3.7532182,11.4831915,4.230339,13.586897,-0.28523368,14.407906,0.30302766,0.34561402,0.16451627,0.23456992,0.16631736,0.2386879,0.2575234,0.32343346,0.1829036,0.24524085,0.22493027,0.3414562,0.17249385,0.22348237,0.22814913,0.2750766,0.40398532,0.39745015,0.2850594,0.27899444,0.29330513,0.35000655,0.2964526,0.3200136,1268.2111446452006,535.1530015304827,1545.9686200555848,486.2481651962999,2486.5520433040892,1364.5676278005499,0.057875111779775716,0.030111689186603712,0.107499525,0.04725354,107.666015625,jazz.00005.wav,jazz
-234.40953,80.09386,142.74026,37.248173,-14.29672,24.637638,51.963947,19.314009,-8.197965,14.041336,12.785138,11.239042,-4.2762494,14.077369,12.085669,10.911477,-13.715138,10.269078,-1.5637431,8.186124,-3.9804883,10.173991,4.9272647,8.116138,-3.9477925,7.4338264,0.22259267,0.23902336,0.19598755,0.19552317,0.29486662,0.3203248,0.3499915,0.34327498,0.24935736,0.24651493,0.34618,0.32498953,0.37177768,0.3749394,0.20975904,0.23672487,0.20922887,0.27612746,0.21515235,0.26041988,0.31059843,0.3278958,0.32220814,0.3598806,1219.5124856006723,515.0171425106737,1458.875395903914,373.03298765270495,2416.473374510586,1119.2867086276424,0.048039624419953596,0.026361739893166217,0.098547824,0.036846295,135.99917763157896,jazz.00006.wav,jazz
-291.9705,50.37982,137.69984,30.170404,2.6473362,24.258705,35.658165,12.142589,-12.313128,10.971217,15.604982,9.218386,-6.7887726,9.684433,-2.845075,8.008824,-3.7737763,7.94951,-3.4614394,11.405168,-1.7078484,13.290792,10.411185,15.96099,8.302555,14.050802,0.24007027,0.3353507,0.25835875,0.36388814,0.16547205,0.20211583,0.25999805,0.3732419,0.17288488,0.22232793,0.27947432,0.39326534,0.10990061,0.18481867,0.11421238,0.22464506,0.1119009,0.22907142,0.15232147,0.21443683,0.33517018,0.41427267,0.16640301,0.23482972,1169.7729218908696,346.3690793534056,1355.2739051651308,245.56944104313305,1958.322419699826,834.3960800005391,0.06482660539926527,0.026591646705307476,0.093775615,0.047318053,61.5234375,jazz.00007.wav,jazz
-189.98238,55.445965,134.4189,22.85498,-25.65002,27.610897,45.729492,11.072308,8.180399,12.523262,21.443512,9.981503,-4.585944,11.176909,14.390953,11.539889,-12.663227,9.330995,10.2808895,8.738418,-7.9422946,8.336541,-1.1352844,7.5594354,-5.053429,7.0573053,0.3864316,0.3426849,0.3635713,0.30028364,0.3536473,0.3153174,0.36936146,0.3573539,0.3017828,0.25061944,0.350738,0.32864597,0.3384843,0.2834634,0.3753093,0.3017592,0.3022559,0.24478438,0.31865066,0.26028422,0.45982906,0.34090385,0.3677482,0.26692656,1304.6447662986702,417.397979662882,1636.732175415204,343.5009836909403,2724.341556699536,1032.2589152363316,0.04626700865235885,0.0257659690246294,0.11852421,0.03753706,107.666015625,jazz.00008.wav,jazz
-296.7094,36.116924,172.36177,20.066858,16.870981,15.545343,18.944475,10.189308,1.3714188,9.892428,14.397395,9.285024,1.0102301,9.519793,9.526041,7.931165,-7.4072003,8.548887,3.5161073,6.9977183,-7.660177,7.5195017,-0.1054814,7.656016,-7.9482703,9.980494,0.20210572,0.18617408,0.36754152,0.37373096,0.26148352,0.27759323,0.19757321,0.24283434,0.24138965,0.31440604,0.20311058,0.19507472,0.3271081,0.37106198,0.27825257,0.29580325,0.34814948,0.32903674,0.25812027,0.27658004,0.2589571,0.29851392,0.2592401,0.31022787,749.4465657215488,214.0863766310159,1211.2293162151386,295.8127386825304,1134.090358088022,480.1398112231575,0.03168654534029389,0.011686626593343612,0.085318066,0.027176019,107.666015625,jazz.00009.wav,jazz
-318.75613,107.92696,162.64056,23.600002,-16.489927,54.075047,39.124428,16.3964,31.428144,14.147141,15.258033,11.502782,-0.69049275,9.252207,5.800407,8.891494,-8.641589,13.221758,-4.0020485,9.937242,1.3683021,7.0157747,0.07209224,6.4226804,-3.1007142,6.869593,0.26478502,0.29267678,0.26424617,0.21641196,0.43905088,0.3581499,0.3802047,0.32305926,0.35812044,0.28154707,0.24608287,0.24136333,0.25504294,0.23420307,0.41802275,0.3867004,0.33459997,0.21738417,0.36418584,0.34288874,0.3259925,0.30661434,0.30584425,0.29207295,829.6061468763733,413.64215988561693,1037.8346398077874,254.17495203852405,1554.3458730604698,849.5660156128965,0.03306037920533643,0.02135588472257793,0.06414246,0.04062797,112.34714673913044,jazz.00010.wav,jazz
-192.50862,41.58258,113.1928,17.544779,-6.3497915,19.123838,39.581062,8.945503,-9.180212,6.883629,17.197966,7.0624123,-19.102737,7.3802137,12.200302,6.410934,-15.4702015,6.2790756,9.694097,5.8727155,-10.955243,5.888175,12.916771,6.867481,-7.2863307,6.2020717,0.33666548,0.33327278,0.19663139,0.16558419,0.36970693,0.3482835,0.30696002,0.30091223,0.20823911,0.19297308,0.36876312,0.35521418,0.26376286,0.22254863,0.3515212,0.35094878,0.26152265,0.2505329,0.38447127,0.33708805,0.3333312,0.32231688,0.22390892,0.20825283,1825.7919934436604,360.633393729894,2108.13361927364,315.12407732043795,4011.2377193300463,1089.4688364600077,0.0768886250483372,0.026846688750559063,0.07116314,0.0319847,99.38401442307692,jazz.00011.wav,jazz
-253.17776,48.478786,122.693375,19.011087,-5.6654377,22.820816,40.575787,9.831323,-5.8344774,8.120891,18.414371,8.007967,-16.655174,7.037983,14.596437,7.448476,-15.156902,6.3785524,8.209847,6.5149717,-13.885359,6.297009,8.284788,7.1796513,-7.303147,5.9021177,0.44135702,0.3156153,0.31007737,0.25868747,0.3311063,0.25058985,0.3532398,0.3005524,0.28808197,0.21441492,0.36854985,0.28971478,0.34352404,0.28404725,0.38316303,0.29858845,0.41581804,0.31750977,0.37141564,0.26224628,0.43784374,0.34235594,0.32126746,0.24211015,1650.9582872211786,346.07261685212995,2040.7208687666034,323.9383455877562,3658.879241589327,1095.569034741854,0.06368954828886311,0.021665859911821034,0.037519317,0.016544204,112.34714673913044,jazz.00012.wav,jazz
-217.6363,29.83757,112.63075,11.768483,12.674138,11.049217,39.518566,7.856723,-9.819439,7.1741867,17.37019,7.1844525,-12.366685,7.281234,20.703709,8.983227,-18.293848,8.44208,16.35072,7.1762333,-10.01516,7.6934266,9.042705,9.330123,-6.878432,8.7282505,0.31503123,0.32872492,0.2577855,0.26675835,0.25123927,0.26666787,0.24356051,0.25679854,0.26239383,0.25843093,0.2901301,0.2896391,0.30809522,0.27301747,0.38751367,0.33721808,0.3696428,0.28593946,0.45249057,0.3387072,0.3867465,0.34115693,0.24779809,0.21485487,1790.243639960111,296.5985400146322,2313.0098718011486,221.37953953496321,4398.1775553763055,970.5524694216709,0.06107594076276102,0.017872001179886007,0.05546204,0.01763457,99.38401442307692,jazz.00013.wav,jazz
-358.2756,71.976204,137.95386,31.64682,-10.996048,23.681507,20.851852,18.57517,1.9459162,11.770532,-3.4097784,11.447924,-11.533094,10.648224,-3.2747328,7.9923935,-11.018583,8.51411,-8.387629,7.0630383,-7.478257,9.016336,-0.99609137,8.459052,-6.7370696,9.886402,0.2681547,0.3500477,0.10611715,0.11849823,0.26331666,0.37726682,0.18190421,0.20036316,0.29161936,0.3719504,0.23056771,0.30104616,0.14039037,0.19844179,0.2137492,0.3147551,0.12743418,0.17357658,0.18792684,0.32503784,0.17040876,0.24914816,0.20221132,0.306431,1171.8345898377138,408.85111188243945,1278.0267644982464,260.9510946915045,2019.0500493945765,789.761696246454,0.06491837055297757,0.03403130068364863,0.039290268,0.03196105,129.19921875,jazz.00014.wav,jazz
-200.0005,42.7264,117.24072,18.094107,-12.38803,21.940424,39.11275,9.744185,-6.3558517,7.628374,16.52946,7.6024365,-17.309965,7.9617934,13.630981,7.1183434,-17.660389,6.031544,14.04195,7.177414,-10.207224,6.179894,12.181232,6.8437243,-6.7178407,5.9599886,0.33863875,0.31562707,0.30292344,0.28810453,0.30837014,0.29344383,0.3826835,0.32331342,0.31482625,0.28028557,0.33649918,0.29895127,0.33797705,0.29854015,0.37192243,0.3160066,0.40074646,0.32790315,0.36968976,0.3101033,0.30854917,0.30012992,0.2227922,0.20483808,1782.220467473971,318.4769569972714,2061.769257168727,300.82639030977896,3811.801621864124,973.6922715392276,0.07355637930201082,0.0253248773806333,0.062371545,0.02495912,117.45383522727273,jazz.00015.wav,jazz
-259.90985,52.86855,123.19317,25.861977,-6.395086,19.134052,37.57145,13.560454,-2.9789445,9.068336,13.065518,10.425219,-14.084049,9.284794,5.309153,8.533363,-11.972437,8.699145,3.51741,7.247642,-9.638736,7.289863,5.3370905,8.223785,-7.83725,7.764276,0.29633564,0.30118668,0.19813527,0.25144544,0.23021257,0.29648948,0.26478097,0.29014865,0.19779827,0.2436136,0.26807168,0.3201631,0.27930987,0.30408844,0.20136221,0.23139727,0.23109502,0.30489284,0.21307126,0.27285388,0.23152575,0.27331725,0.38298324,0.37865034,1465.858099684535,378.55082523992803,1738.8147828826818,242.52878324160747,2822.465015951276,859.8880900569652,0.06984498864075793,0.03499613202968583,0.060548145,0.035731774,73.828125,jazz.00016.wav,jazz
-233.11557,57.705845,105.91353,22.843761,-2.6636264,19.851448,37.423096,8.882212,-8.166695,7.7961965,15.727242,7.081022,-15.060575,8.54516,8.37382,7.272043,-16.369574,8.726119,8.638241,7.307607,-9.372576,6.879471,7.0943284,8.074242,-5.9968605,8.203068,0.23013742,0.19989772,0.24177904,0.24643424,0.26634768,0.25078171,0.39304027,0.33289388,0.2620195,0.22816248,0.29580525,0.2863259,0.28536433,0.256925,0.27261257,0.22375436,0.37591878,0.27451837,0.5823676,0.37011072,0.6008301,0.3649101,0.33647713,0.24956845,1934.3602751013964,527.9187808021031,2187.2734417477045,339.0832479000759,4327.366124836862,1285.6447888773275,0.08414373670726992,0.04045854058127683,0.049843065,0.030651432,215.33203125,jazz.00017.wav,jazz
-192.11354,23.696274,105.56805,11.748698,-26.025105,14.53758,40.168938,7.8860235,-6.6581745,6.1528764,26.505718,4.871751,-10.3861,5.6441307,18.47399,5.9443007,-13.997672,5.2440176,14.939583,5.1376395,-12.698397,5.016355,9.578539,5.3953366,-5.196666,6.1741886,0.36396664,0.33472872,0.2303974,0.21163017,0.3390811,0.3033034,0.23273785,0.1957994,0.30690002,0.26721406,0.38169232,0.31288737,0.41036755,0.27085152,0.5347478,0.3528676,0.40307635,0.28440255,0.3715771,0.29273567,0.29564604,0.26530153,0.37052873,0.29360726,1993.4129867783488,254.37912894437423,2127.193077376527,189.80821845811735,4248.252836789443,631.5281264868917,0.08770822759570766,0.025909169044652083,0.052224174,0.017736366,103.359375,jazz.00018.wav,jazz
-267.31512,38.465523,129.0458,21.402925,-14.71859,19.16274,41.268223,11.460846,-1.0152899,8.333991,22.954588,7.068937,-8.12934,5.7439575,11.185736,6.4791956,-9.07311,6.341549,11.3224125,6.211008,-5.5022397,7.313261,13.576353,9.033089,-1.1756657,7.390489,0.33223003,0.3567704,0.29730424,0.32276446,0.2611687,0.30293828,0.30294394,0.32674733,0.32824028,0.3426393,0.26575372,0.29180658,0.25545645,0.3182003,0.16978987,0.19575426,0.19954664,0.2847208,0.18897967,0.25345,0.17567341,0.20723303,0.20159362,0.22264627,1352.8857477220745,297.71545374304515,1715.0484721550633,255.93530808508322,2713.250208454176,808.2607650409363,0.05545069907675947,0.01971985569930612,0.050191432,0.016493306,184.5703125,jazz.00019.wav,jazz
-376.71182,57.54807,119.157196,19.799675,-2.9485693,20.970907,48.497326,9.62935,13.156253,10.312881,21.246124,9.145528,0.022175446,9.384103,8.012308,7.282307,-0.405818,9.786244,2.3731847,7.048306,-0.03459282,8.031515,0.8998018,6.086141,1.6660526,7.509785,0.25556016,0.31272674,0.24397784,0.29394948,0.2343611,0.30526137,0.23536861,0.28282875,0.29788408,0.31601557,0.28826553,0.32032308,0.30909958,0.3217989,0.33107436,0.34825963,0.36321497,0.33450863,0.3870179,0.38379222,0.27573982,0.3032555,0.2497067,0.28681034,1171.336694862023,341.5497890241996,1678.146629312367,285.5527551822101,2580.212317376015,925.7302071149564,0.03296332717034029,0.022537054333677004,0.027113363,0.016729329,107.666015625,jazz.00020.wav,jazz
-174.72078,37.06258,75.8943,26.092688,-12.799819,16.537466,52.615498,8.34391,-29.40738,7.6668415,22.755056,6.8551564,-22.368855,7.491216,18.625555,5.5815725,-24.70967,6.757506,21.171358,6.4598093,-13.808962,5.2263236,13.011256,5.6579943,-7.8632345,5.110814,0.32445413,0.23793545,0.35743475,0.27057397,0.39680016,0.27679172,0.39622626,0.27514085,0.4444226,0.2834126,0.5544601,0.3235469,0.4905199,0.30255532,0.39842513,0.28020835,0.4588185,0.29440188,0.5152942,0.3111241,0.5024926,0.31515658,0.35400334,0.2584464,2915.2020776967365,682.6988801592718,2420.424422331274,235.3543716900288,5865.116609719403,1033.077782763295,0.18137212695765662,0.0859845669953026,0.047954846,0.020285964,123.046875,jazz.00021.wav,jazz
-298.75613,39.433178,112.07628,19.755568,6.4888177,17.913633,28.38917,10.284375,-6.7709866,10.05285,16.645588,7.8678145,-11.807551,9.057553,12.744363,6.9904804,-8.340971,6.884763,13.893223,8.017496,-4.237726,10.577836,2.317613,11.242256,-4.329582,10.993814,0.11765494,0.21445559,0.13391094,0.21739794,0.22048315,0.32280898,0.18841048,0.251627,0.16817723,0.21069011,0.1936365,0.31601432,0.13062775,0.21335416,0.20394579,0.3001218,0.3643956,0.3770963,0.28758332,0.32868114,0.22447796,0.32661247,0.18569978,0.30697978,1451.8621242970448,428.9352231848699,1920.270843279046,352.4698280489031,3047.4311987927786,1357.2099369293094,0.051224215124709975,0.025073828196433105,0.05047974,0.02713094,129.19921875,jazz.00022.wav,jazz
-188.1169,40.343567,98.61235,23.246843,-11.277219,13.224186,47.221462,9.403562,-20.341473,8.031793,18.784271,5.866619,-15.795817,7.1074905,13.686597,7.05843,-15.463714,7.743267,17.43076,7.9002123,1.0079583,9.7980175,18.28063,9.905165,4.641811,10.815179,0.19731331,0.21173294,0.3852526,0.42043906,0.22234486,0.211619,0.3571463,0.40781224,0.25627816,0.2764024,0.31253573,0.39105654,0.1777642,0.23472992,0.16223577,0.26237062,0.18686596,0.29356098,0.1431016,0.23220165,0.10508965,0.15681674,0.14767262,0.26100272,1988.7524361987284,468.00126111283305,2100.2888334462336,268.21978581925094,4317.182401935905,1048.3124755328224,0.08013779123163187,0.03053560693458997,0.08778412,0.029789755,86.1328125,jazz.00023.wav,jazz
-202.62045,54.798542,105.849625,26.026976,-20.564375,22.95143,43.892128,13.087298,-14.27648,9.324308,25.298754,7.015008,-15.593871,8.286637,15.321755,7.860062,-13.293831,7.671202,12.2762575,7.868742,-8.766582,8.019613,10.16218,7.721571,-1.8646472,8.060428,0.35925198,0.2871479,0.31131688,0.27784333,0.35502413,0.28794882,0.42433506,0.34945512,0.3526292,0.30621597,0.30561072,0.28913113,0.29090083,0.26790178,0.3356089,0.3205143,0.34499508,0.3194524,0.35966554,0.34310725,0.34874126,0.29364595,0.40057114,0.31443867,2034.4917204627848,560.7357511746632,2084.4823311170585,369.9440384087974,4342.462682170823,1252.522555944259,0.09322282240912606,0.05100009106194364,0.05883789,0.028907381,103.359375,jazz.00024.wav,jazz
-237.67996,59.167564,108.312355,19.594046,2.04028,20.298185,41.773415,11.927077,-10.450012,10.277168,16.938732,7.5874343,-8.598847,7.0501575,12.791259,6.9407682,-9.114674,7.534892,15.943176,9.755058,-6.5168304,9.705397,7.1786137,9.967956,-8.255826,10.254772,0.23227158,0.31585774,0.2254038,0.2670415,0.21077706,0.27255598,0.30805615,0.37689146,0.21878617,0.2662165,0.24311322,0.24688555,0.47761577,0.4025676,0.31958696,0.2980425,0.2857192,0.33352903,0.2589506,0.31384435,0.24684373,0.29745096,0.19078748,0.24883673,1697.9171784792436,404.43832775721717,2065.918166230218,321.05773051369357,3806.189333037268,1116.9529654085718,0.06359853840390564,0.02714190904826831,0.069333844,0.038079202,103.359375,jazz.00025.wav,jazz
-414.08255,65.90828,104.827614,33.47938,-7.8329196,30.224243,37.852913,13.212764,0.19328876,14.966007,23.407959,11.556004,-7.2962813,9.757986,5.7442174,9.766772,-1.0660863,9.318332,8.488759,7.2012496,-5.5004673,7.0552983,0.8773022,7.079319,-1.4534107,9.450108,0.16407414,0.24744585,0.21890502,0.35590878,0.11619451,0.20935303,0.13585715,0.19028819,0.35983533,0.39772037,0.30888495,0.34968466,0.1336273,0.18307932,0.14441682,0.26518896,0.22763498,0.35357404,0.2876176,0.39031005,0.19687963,0.3111055,0.12788416,0.21586329,1367.435200194703,649.8916879848432,1638.9549228243195,485.6410517422817,2631.480659077726,1604.1281259042512,0.05861036591260634,0.054293680266408746,0.03193886,0.017739067,151.99908088235293,jazz.00026.wav,jazz
-262.10797,44.266808,108.99054,15.099464,-6.340923,20.103994,55.173943,7.539141,-10.668641,7.4112606,18.520815,7.5227046,-4.25078,6.423888,18.553394,5.4478483,-19.70442,8.228696,17.577572,5.741825,-10.98687,5.9084373,11.923827,5.8082843,-3.4338589,6.22573,0.27643478,0.30298728,0.2952212,0.29175714,0.3104143,0.2844346,0.31431216,0.30527884,0.28675407,0.27037403,0.34248805,0.31743258,0.4004341,0.30880818,0.478463,0.36828086,0.4004385,0.3322229,0.30269396,0.26262644,0.2736822,0.3004244,0.2207044,0.25056303,1769.4282675269487,325.93201175761914,2113.360397609417,275.54018806092415,3966.4393307714618,821.3513261989395,0.06268088686678268,0.02598084684678042,0.04059417,0.015840046,143.5546875,jazz.00027.wav,jazz
-233.78688,45.520515,108.448845,16.091534,-10.692217,21.402046,38.697773,12.181804,-10.757062,7.526157,14.163576,8.838917,-16.255836,6.1977816,10.371212,5.872869,-20.810995,5.8759933,10.070446,6.2361593,-12.022905,7.4117174,7.7604136,7.5278077,-12.0275345,7.862595,0.22315185,0.2610489,0.2189217,0.2846483,0.2300729,0.26738927,0.2769526,0.2771347,0.27287078,0.2874971,0.29348284,0.30104372,0.23978424,0.23690404,0.30234358,0.3199024,0.3241764,0.32935607,0.3035034,0.29391906,0.3401494,0.3369821,0.29320744,0.3084131,1854.1337840481792,333.8841037308487,2096.2569960443575,314.37186540113,4031.4136478574537,1012.3168797254879,0.07490491166376644,0.02378488890598834,0.048747774,0.024677219,99.38401442307692,jazz.00028.wav,jazz
-232.95944,36.036896,93.831406,18.288065,-16.192348,16.516558,49.591522,10.083321,-13.951524,9.273636,13.50087,8.346483,-11.832385,6.734413,13.296763,5.848342,-25.825914,6.7543025,17.382801,5.721723,-13.31809,4.947025,9.286801,6.051502,-5.4947696,6.744363,0.3106445,0.2921674,0.3977042,0.34465367,0.3690322,0.30152884,0.39607152,0.33914563,0.31147873,0.29003653,0.28699434,0.28033304,0.29533425,0.30369326,0.26066768,0.28274295,0.27638328,0.29783103,0.2422674,0.26006794,0.24051727,0.25992233,0.2643167,0.30346948,2235.248011846126,405.8730776464416,2259.068865089602,259.37913387646034,4683.488333363544,963.2963572101648,0.09937373114849188,0.031955559949747865,0.03632046,0.0131454365,112.34714673913044,jazz.00029.wav,jazz
-319.02478,50.304996,115.672615,29.090755,-23.037462,23.313654,52.595093,12.785568,-12.8111315,12.008456,14.634927,8.275953,-8.212764,8.348608,0.30544892,7.711242,-23.86931,9.111147,10.836662,8.288596,-9.588441,7.783445,7.4765005,9.355118,-4.249779,9.289863,0.21463208,0.29976758,0.25515324,0.31281418,0.26313937,0.33119163,0.2194908,0.2724134,0.3017323,0.35239214,0.21713458,0.2698314,0.14855598,0.20783016,0.12632492,0.18150884,0.22517523,0.26430827,0.34881157,0.3718227,0.28883588,0.32343528,0.21226276,0.27420306,1687.9309171434147,508.5016168988202,1762.9877729056138,243.7167960056736,3354.8497317285382,949.8534380132169,0.08464938913863108,0.05326428300968048,0.029581375,0.013255623,215.33203125,jazz.00030.wav,jazz
-237.51991,39.645676,115.94363,16.982973,-15.43163,21.465746,47.1034,9.200564,-13.503622,6.676439,18.200197,6.4367695,-13.963651,6.2516646,15.332401,5.170425,-17.526098,5.4485097,13.422291,5.3519306,-6.228496,6.4169884,8.632212,7.6764655,-7.2494063,6.3536434,0.23491707,0.27627698,0.22107887,0.26680446,0.26774776,0.27516797,0.3144065,0.31581894,0.29027203,0.30031866,0.31536937,0.2813073,0.3119902,0.2921301,0.34224573,0.31644404,0.32974386,0.29140136,0.40050334,0.3358126,0.42908895,0.36284092,0.27598402,0.275883,1752.7248668089467,302.5710111518077,1990.315447100089,226.92624012482273,3733.795803273637,704.3895375374191,0.07237627187258314,0.030033156955321706,0.043577813,0.012985103,112.34714673913044,jazz.00031.wav,jazz
-305.4654,60.403156,121.930756,27.1543,2.6112542,13.697489,36.931583,9.234527,-8.555872,8.764286,17.913818,8.379411,-9.265583,8.526343,10.559933,7.4505215,-9.93475,7.8337727,2.3150373,7.390074,-12.682137,8.354304,0.3106361,6.547861,-8.614856,9.662651,0.24605644,0.3072106,0.24294886,0.2584763,0.30612817,0.3436002,0.2292516,0.24119401,0.27119237,0.32101774,0.2646385,0.286615,0.35528994,0.35207245,0.37676692,0.3600256,0.30834046,0.32586333,0.29820147,0.32443982,0.22263648,0.27539995,0.24845444,0.32090902,1522.0894311198458,571.9188828063592,1909.705793787323,429.9084604914803,3252.079896860499,1538.4557680699932,0.061381069339713844,0.03409489262486046,0.040505677,0.023857886,129.19921875,jazz.00032.wav,jazz
-261.82486,70.035194,139.53577,20.82743,-17.112345,19.345974,49.890068,10.789382,-5.8632746,15.533261,19.849518,6.0893025,1.8529809,11.244223,5.7118235,6.989807,-7.836344,9.721906,-0.42400107,5.89765,-1.2595353,6.794296,-2.1943364,5.302299,4.4571304,4.944746,0.24652256,0.30788743,0.27667332,0.32127652,0.25855118,0.31885725,0.28704002,0.32907796,0.24070682,0.28227207,0.22637151,0.2812537,0.23001519,0.2972254,0.23032627,0.251894,0.31131214,0.3275493,0.36786488,0.35141313,0.356591,0.34677768,0.25525954,0.27399376,1169.4396755831442,364.44432460274606,1498.6352447669829,227.500290245363,2443.793730060905,901.7426312487911,0.04233319134280743,0.020440394499947882,0.06974877,0.043168202,95.703125,jazz.00033.wav,jazz
-146.37517,53.367752,118.19466,25.180218,-34.673393,19.864399,58.782375,11.433601,-14.961517,8.340559,34.299007,7.3287024,-6.591182,7.7666354,13.8928995,6.7344103,-14.637521,8.719884,9.193353,8.438664,-11.336161,8.645479,1.0952282,9.087306,-5.4995704,8.883428,0.25841537,0.2831136,0.16904883,0.2173055,0.2240299,0.23026726,0.412976,0.35411152,0.35302514,0.27429375,0.46515206,0.3878136,0.28718284,0.23623303,0.32696465,0.28108022,0.4417951,0.35462892,0.28513372,0.2259894,0.2930472,0.30241644,0.22309987,0.22425161,1759.6144140848987,516.6471458922006,1779.727009111931,173.54767451990116,3574.320201475493,761.2231700452463,0.07934929065158546,0.047444593957340776,0.12999395,0.0399245,95.703125,jazz.00034.wav,jazz
-261.9065,51.051117,182.52736,21.423145,-16.897045,25.523893,49.855297,15.123124,-1.2192539,9.541556,6.34592,8.220736,5.9968686,8.434483,-8.87631,7.4415994,-10.314593,7.5445986,-3.2035499,7.8187785,-5.370093,7.2569256,-3.5455356,5.7643785,-2.8951979,6.248066,0.4027685,0.37700787,0.23674858,0.23080148,0.32309774,0.3837079,0.20800574,0.2001809,0.27404827,0.31358725,0.20397355,0.2563757,0.18808778,0.21951842,0.23580725,0.2952411,0.19360355,0.21703546,0.30061454,0.3382579,0.25753108,0.26258975,0.3506131,0.34122917,844.1729949398201,226.59875041898215,1104.4627955493027,162.17067126439136,1608.811720562645,654.5927126510048,0.037725674303944315,0.011493995937902506,0.091462374,0.035117142,71.77734375,jazz.00035.wav,jazz
-196.93747,53.617847,152.82791,28.36694,-36.87057,25.2973,41.80115,16.650393,-8.697372,10.702428,4.414522,8.30417,-11.569147,8.42099,1.4216535,7.190664,-14.735709,7.298611,0.47330484,7.380754,-10.165451,9.552487,-6.9279656,7.1015706,-6.249939,7.4574456,0.308928,0.30491695,0.32362053,0.27066258,0.44823346,0.33992958,0.24320182,0.22816047,0.2746729,0.22754154,0.39696756,0.32005638,0.2040259,0.17468727,0.30575028,0.33209476,0.2480025,0.2398179,0.37960365,0.29523668,0.4905023,0.36548543,0.24543469,0.20421937,1481.5814852961128,532.1624236478101,1411.8576431665479,235.9140343776288,2657.4937010585845,886.0211180476632,0.09950288210556844,0.05653849431735461,0.080526754,0.034163687,123.046875,jazz.00036.wav,jazz
-198.47012,46.171112,140.68791,20.95031,-18.40507,21.171741,30.508652,15.015069,-6.6951494,8.829041,15.7164755,8.941171,-0.7360027,7.871248,7.2920203,8.068887,-6.5887923,7.8466473,6.0721865,7.8995423,-5.131031,6.9526143,3.4454892,7.245699,-2.8457658,8.227069,0.2435509,0.24926826,0.2689728,0.32098186,0.2704366,0.28725445,0.28407693,0.32295987,0.2544254,0.2506522,0.4189499,0.37513703,0.28919291,0.26473466,0.32450402,0.35856387,0.2738601,0.2823832,0.24972446,0.27784216,0.29892287,0.33043122,0.24206586,0.24548867,1276.651309911721,351.877798353796,1570.6844362523168,320.98172806937515,2468.549419500435,971.5005971984768,0.05150064348897912,0.020374109163012893,0.10659271,0.045514975,95.703125,jazz.00037.wav,jazz
-179.60382,52.662426,124.33756,17.34886,-29.747345,23.059372,45.366802,15.755554,-10.197358,9.21478,17.786072,8.65174,-8.814063,6.954415,12.764595,7.816816,-10.758047,6.9751577,8.61604,6.651763,-12.397632,6.4597025,3.39003,6.8900766,-12.025345,6.5138874,0.39276454,0.37742698,0.23968534,0.26768187,0.17698237,0.18560436,0.16767024,0.19982392,0.246556,0.27049994,0.35940966,0.3567458,0.2553082,0.24567725,0.36146364,0.32981274,0.33930677,0.3081176,0.25218013,0.24802952,0.3142137,0.34859297,0.32247233,0.2542797,1554.348779839395,280.58477098305525,1774.8728276479544,247.78138508227215,3216.3660885839618,699.3717793047331,0.06639416569992267,0.02376354282193932,0.0977495,0.033802222,151.99908088235293,jazz.00038.wav,jazz
-237.32549,71.59063,146.8242,15.513298,-24.415499,23.470884,64.26624,14.060956,-10.8137045,18.186775,3.2741916,12.16069,-1.3289615,14.549446,2.707299,13.30225,5.143976,8.945933,0.40130147,10.640333,9.623003,11.696474,2.5155437,12.469192,3.1190052,9.698143,0.28535774,0.3408659,0.234652,0.29322833,0.1886334,0.23416163,0.2759447,0.34580588,0.24775095,0.2623442,0.3273466,0.36282772,0.20278764,0.23476842,0.2234507,0.26699564,0.3028032,0.3464389,0.21505475,0.25049692,0.24282146,0.31884548,0.22520967,0.273729,1311.144563027034,380.6388183164467,1446.212827423749,192.7829690568503,2723.742024361949,843.9821975797632,0.07648568916763342,0.033810653350738226,0.0822344,0.03996244,99.38401442307692,jazz.00039.wav,jazz
-179.8,35.422676,147.75923,24.791943,-20.459309,22.53007,58.603146,19.70487,-23.800596,13.242887,2.4622712,13.452768,-3.1939633,11.390859,-9.311168,9.368991,-5.76392,8.621196,-0.4222122,8.903713,-8.364214,8.103533,3.093961,8.792129,-6.8591576,8.433493,0.3483101,0.3723719,0.27651748,0.31516492,0.1527828,0.21837004,0.19405402,0.27823383,0.16636911,0.23943594,0.19579516,0.30149144,0.22377478,0.2974358,0.2743971,0.3310629,0.33133414,0.36710104,0.23174705,0.29306898,0.20375727,0.2938863,0.2415196,0.2954389,1317.0269708114588,426.6281627587311,1475.6012299441813,308.3600222020468,2778.8906725819315,1090.346231641385,0.054847239341647334,0.024534520034008148,0.13801351,0.03604576,99.38401442307692,jazz.00040.wav,jazz
-216.33937,87.43444,135.02339,19.617838,-35.487026,29.443794,61.59968,12.374225,-14.557851,14.7626095,11.047007,9.735341,1.2091343,8.592795,10.954964,10.047326,-8.300719,10.324997,-1.4434432,10.665345,0.11894784,10.546675,8.277707,12.295183,-4.579705,10.570442,0.32970893,0.3369634,0.207922,0.1929033,0.3564293,0.31313175,0.45226353,0.36333665,0.30668887,0.274889,0.29600412,0.3187685,0.23860368,0.22955391,0.34670046,0.34149733,0.22164056,0.21709761,0.26235774,0.23384678,0.4028677,0.35809132,0.2768683,0.23859645,1617.409384435443,399.91871022827456,1568.4366650433094,133.10838678554546,3103.562413899362,664.5661368409848,0.10058782567188708,0.046362854030237266,0.07820094,0.040798668,95.703125,jazz.00041.wav,jazz
-206.79463,68.31144,141.81705,23.069187,-13.789803,23.042702,49.32459,12.681309,-24.800514,14.290493,11.800834,10.839053,-12.790984,9.913624,-16.55076,9.725871,-8.390814,8.024316,-1.2141521,6.6399727,-7.660741,7.0240083,-1.3785262,5.538605,-9.349154,7.1444383,0.23491535,0.30237487,0.18788633,0.2228066,0.27190605,0.30529693,0.2841687,0.28513706,0.27633065,0.26014468,0.37490028,0.3510081,0.30896568,0.28061396,0.32846197,0.34475088,0.20357613,0.2283688,0.27857587,0.3001868,0.35307547,0.33318314,0.31965196,0.31008968,1344.6201262512332,432.3022919198765,1548.9896603738453,200.68048643500728,2773.0951933185906,1058.4908105038446,0.061185832366589324,0.029318335260144452,0.09949224,0.062754095,73.828125,jazz.00042.wav,jazz
-173.19873,54.804058,111.66873,21.584606,-35.907608,22.923805,45.83885,14.434947,-11.437211,9.074984,19.691479,10.337002,-8.076202,9.504523,17.946383,9.5076685,-8.960496,14.804884,14.693592,9.81978,-10.340895,9.012939,4.6789846,10.200564,-11.800859,9.398328,0.29162762,0.3643068,0.215118,0.23436733,0.25809157,0.32025698,0.24818192,0.28678542,0.27069995,0.32473174,0.21136227,0.26044434,0.22268653,0.24024479,0.3779756,0.37920657,0.2521883,0.22579747,0.32062343,0.36457765,0.18808207,0.21851401,0.19300139,0.23528367,1761.2131331366036,348.01343659433536,1793.1994885944387,290.63308667697237,3462.7322451421114,829.1470646156811,0.08571960496423048,0.028875965957266415,0.11169214,0.03792363,151.99908088235293,jazz.00043.wav,jazz
-246.96924,60.00875,168.01538,28.180262,-19.797491,24.970541,21.995052,14.283439,-0.73890436,11.716098,15.092532,10.086047,-1.2764798,9.544838,4.740402,9.738318,-2.0533223,8.859734,6.5338626,8.016181,-1.3891007,8.0856,5.62546,9.209081,-0.2856671,10.537616,0.2507892,0.28553137,0.25030795,0.24824345,0.43332592,0.3782859,0.33391717,0.296436,0.32775158,0.3242776,0.26114923,0.30445993,0.18301395,0.21594177,0.2797286,0.3446275,0.22747234,0.24023162,0.29736096,0.32648733,0.2684385,0.29851204,0.20504281,0.19567482,1004.7574201659103,355.0661522514998,1246.8335111965364,316.075611781612,1811.2538065545243,748.9536962833273,0.04966836148975251,0.02344791492837319,0.08646611,0.03665209,103.359375,jazz.00044.wav,jazz
-231.30544,53.55026,174.38911,19.113377,-19.74983,23.185526,47.356174,12.011883,-1.9784858,8.475574,6.66748,7.141445,-1.1242052,8.019815,-5.4987464,6.247671,-13.734889,7.6653895,-3.6913314,6.769713,-6.3084717,7.0482483,-1.4986175,5.6973195,-2.635248,5.766602,0.37940228,0.33882895,0.28564233,0.30654064,0.19926053,0.23525186,0.25630906,0.28022793,0.26819083,0.28831628,0.21252191,0.25908428,0.17805827,0.19251704,0.35575038,0.3644481,0.34068978,0.34700873,0.26853043,0.28414384,0.29495794,0.3418228,0.3046787,0.3092067,937.3823871861683,240.57869507744854,1186.665024707411,150.3542730475113,1763.0913754350347,624.8702539589565,0.042621704007153906,0.014528245768954895,0.10030164,0.035313353,73.828125,jazz.00045.wav,jazz
-204.23126,63.51772,147.6004,15.927937,-25.210436,22.717848,49.35248,10.778994,-15.658071,12.270553,2.7013893,12.9419155,-7.84962,9.458768,-10.641352,7.75492,-4.8027873,8.930212,-3.6693347,8.63263,-3.5079243,7.578885,1.5647384,7.395239,1.4762619,10.254377,0.2583492,0.3094713,0.19230448,0.2563317,0.19245487,0.22333328,0.3507029,0.3861578,0.22347987,0.23806225,0.27171308,0.3352075,0.24906696,0.2931584,0.25476742,0.3146576,0.2189602,0.29421923,0.19582328,0.22274521,0.35090256,0.37277988,0.24663255,0.2523976,1295.2393474800776,286.53136690428516,1446.1536900917397,179.1113096494821,2695.60563868547,701.6313669854338,0.05863604505027069,0.02044946725558263,0.11046955,0.059101667,107.666015625,jazz.00046.wav,jazz
-201.77866,46.377094,109.287796,22.746296,-15.506362,13.714438,44.262638,8.689853,-11.043765,7.669787,18.838415,7.133624,-11.305834,7.369599,18.40247,6.2597175,-18.90308,6.116507,11.2136755,6.535233,-11.905747,5.816156,6.9541726,5.285722,-11.655336,5.5242424,0.3634231,0.28278196,0.32759345,0.2777747,0.341143,0.28239277,0.35885853,0.31635508,0.351861,0.29473433,0.40057367,0.34469467,0.36103532,0.2859542,0.33256716,0.2913202,0.35810262,0.2989413,0.3324816,0.3000255,0.36824965,0.3133292,0.40589833,0.32241985,1981.982382184166,503.1682493303356,2145.059569858149,299.76042898491085,4262.017100039879,1129.2543620293814,0.09353588130800464,0.04410160255203138,0.05389259,0.023591397,69.83741554054055,jazz.00047.wav,jazz
-204.78166,40.622692,117.437454,18.123007,-20.935831,11.792143,42.01605,9.01297,-10.355554,9.465591,19.221495,8.823256,-11.642017,8.115412,7.983561,6.4939938,-20.268,6.947123,8.788082,7.257092,-11.700528,8.425405,5.1742783,8.992964,-11.235282,8.059989,0.34032807,0.33257443,0.25812957,0.25754175,0.3154412,0.30804753,0.24932198,0.23450519,0.2938081,0.3260746,0.25010476,0.26045176,0.2975097,0.2646261,0.34400338,0.33473065,0.2435742,0.2757751,0.24927448,0.30541825,0.2184891,0.2521947,0.33139393,0.3306612,1748.3486883454468,363.7008747508527,1947.9220004793158,261.853211269226,3685.416874365574,882.1471636630313,0.07930246398878577,0.025580472138196565,0.058648378,0.019979019,129.19921875,jazz.00048.wav,jazz
-165.51665,57.54341,87.27495,30.44331,24.825937,23.944822,28.404272,16.861277,-2.765304,12.077619,-1.3249931,13.950576,-14.071616,12.229744,-4.758404,11.111139,-19.202238,9.8420725,-0.6024584,15.475426,-11.94831,9.607131,-8.32714,9.153184,-8.228104,7.919779,0.12290152,0.25098488,0.10673147,0.1822302,0.18128051,0.29225364,0.185971,0.2718612,0.2796872,0.33901703,0.3517098,0.3948469,0.20397799,0.28235433,0.20587838,0.30974513,0.24826442,0.3075256,0.36131075,0.40608376,0.17972536,0.2571734,0.091698274,0.15678157,2049.705424466469,724.3134850735131,2467.129879372664,373.7507523729311,4562.441089037123,1768.993209813639,0.06476844970514307,0.044023902982858555,0.1843305,0.09062114,184.5703125,jazz.00049.wav,jazz
-54.897827,31.65695,77.32104,18.51882,8.338181,14.614525,31.679045,10.843098,11.310491,9.547786,11.7354355,6.9249725,7.8756256,6.766999,13.472067,6.0255737,-2.214122,6.177839,5.59056,6.7698865,1.5235485,6.8131757,7.4191575,5.839442,-0.92256814,5.3586087,0.3541323,0.28163764,0.45424873,0.27632713,0.6860766,0.33960536,0.40128365,0.24616106,0.30793706,0.21716546,0.34723178,0.25223938,0.3835472,0.22659732,0.5401262,0.33072594,0.4259426,0.26103455,0.39083508,0.27170214,0.32286277,0.25219423,0.30931297,0.25001806,2486.0099199626684,456.3146929950462,2760.0110054655725,318.17038341341225,5797.288135213589,1173.3764224699446,0.08126299096903669,0.028618390704049167,0.19040252,0.028085427,151.99908088235293,jazz.00050.wav,jazz
-260.92548,70.58885,138.5347,21.155073,-16.334736,18.564913,49.145832,10.552849,-5.2526445,14.807601,19.349974,5.9164033,2.2014174,10.852958,5.547832,7.0489717,-7.881401,9.534825,-0.20591302,5.8729944,-1.6223303,6.883366,-1.7267847,5.2702293,3.9365222,4.9162674,0.24650536,0.3078296,0.27663517,0.32116926,0.25856993,0.3188397,0.28707206,0.32911235,0.240705,0.28223342,0.22639738,0.28126794,0.23005997,0.2972384,0.23037252,0.25192913,0.3113315,0.3275202,0.36789015,0.3513836,0.35657933,0.34670606,0.25529364,0.2739542,1193.6599936500768,366.0852840748163,1559.7083760465596,226.42358165050715,2479.890572886456,905.0608622311154,0.042435530259087396,0.02034771822463718,0.069750376,0.04316765,95.703125,jazz.00051.wav,jazz
-91.53226,47.174904,82.66672,24.280941,12.093825,16.462042,36.692665,10.560641,-0.7732235,11.574168,13.448074,8.057384,5.6481614,7.4574676,9.667837,5.4565024,-3.7435045,6.4058523,1.8151722,6.631515,1.5047323,6.3497396,1.2590991,7.44734,0.8051054,6.1073117,0.437819,0.37153867,0.36273155,0.26678184,0.4290274,0.33237034,0.37733823,0.28554073,0.38784352,0.31138027,0.39249662,0.33333468,0.33388543,0.26326278,0.39802727,0.3241114,0.32645792,0.24247883,0.3466629,0.32110554,0.265413,0.23336005,0.33920094,0.27738115,2289.4808402193494,610.7744953412237,2592.510132215596,384.6407386140791,5243.550127456044,1398.2360282037291,0.07725502618178325,0.04440951569719149,0.1882998,0.067548506,107.666015625,jazz.00052.wav,jazz
-141.05447,55.91147,110.755295,29.764322,-27.479687,18.83053,51.97261,10.08237,-8.659801,7.03529,28.612816,8.088107,-1.6032472,7.1548505,9.656118,6.8595147,-11.177464,7.672095,6.511756,6.6560917,-9.409139,8.289488,-0.12349947,8.051581,-4.9262433,8.579275,0.25852332,0.2831468,0.1690939,0.21731362,0.22404005,0.23026396,0.41297844,0.3541059,0.35302034,0.27428773,0.46514797,0.3878139,0.28718022,0.23623313,0.32693633,0.2810281,0.4417774,0.3546184,0.28513703,0.22598788,0.29305977,0.30241004,0.22317497,0.2242466,1804.7976374158895,545.7834956493907,1861.9248653104196,196.60087849458904,3646.755365429234,818.9757754591177,0.07952338009957463,0.04776814056483308,0.13001709,0.03994523,95.703125,jazz.00053.wav,jazz
-260.38052,51.366432,180.59885,22.182281,-15.351955,24.737402,48.54308,14.321783,-0.07772116,9.085471,5.433352,8.2334795,6.595534,8.399823,-9.157926,7.161741,-10.286931,7.2194295,-2.9881864,7.614921,-5.819793,7.236148,-2.928516,5.6788497,-3.6202679,6.1863546,0.40275604,0.37699926,0.23674923,0.23079814,0.32311043,0.38372082,0.20800665,0.2001729,0.27405077,0.3135767,0.20396505,0.2563543,0.18809085,0.21952093,0.23580669,0.29523864,0.19360399,0.21702635,0.30061918,0.33825314,0.25753212,0.26258937,0.35060033,0.34122604,871.7965368873743,224.2603880101362,1205.6555880351484,165.85751752564957,1632.701418847883,657.1186776586212,0.03777854311678268,0.011457307919710148,0.091461584,0.035116483,71.77734375,jazz.00055.wav,jazz
-37.92366,35.833138,65.09798,17.698172,14.327614,11.209394,21.301477,9.2989025,7.49353,7.349582,6.316901,7.018321,1.9001935,7.652325,6.5574055,6.91484,-2.9158833,6.8043356,5.5678763,6.98942,2.4430566,7.36975,2.9960217,7.9790306,0.5928096,7.867601,0.3166907,0.2577861,0.3161158,0.2674942,0.39112565,0.31848204,0.3976046,0.3071616,0.41062114,0.29751888,0.42381343,0.32181537,0.38542452,0.28542838,0.39550275,0.31182075,0.386052,0.3034763,0.31810954,0.2677469,0.31270853,0.2664478,0.42006183,0.3178878,2976.3136721854653,519.4532660008457,3035.9683679183013,251.3463658250719,6860.818077674279,996.6057456570586,0.11474045973557692,0.04380084180845966,0.19825299,0.046381984,123.046875,jazz.00056.wav,jazz
-248.04065,56.924717,125.96372,20.043339,-12.62705,22.274508,30.244604,11.969399,-1.0868208,10.141612,-2.2237859,8.960294,1.9342353,7.3627114,0.23698269,7.21646,2.699163,8.655022,-4.4125104,7.5940914,-6.465382,9.768239,-6.510919,7.3286266,-3.995319,8.366268,0.35103422,0.37095705,0.30998486,0.3416011,0.25537038,0.29124603,0.24135369,0.32863382,0.13533928,0.21147157,0.15714593,0.253248,0.12692441,0.2095555,0.21091814,0.29692876,0.23936893,0.32412246,0.21146782,0.23924892,0.35254887,0.3857593,0.21811903,0.22355595,1378.6753716271073,410.22315715311305,1773.7599612811105,294.7891910750482,2584.991922400667,943.1740679994599,0.06185877682714617,0.03640253935827578,0.07809878,0.047789447,95.703125,jazz.00057.wav,jazz
-190.61761,55.558575,144.0196,30.809883,-28.387869,23.768942,33.796574,14.657599,-1.2907627,8.734996,-2.2981575,7.33248,-5.6472545,7.1961226,-3.6466978,6.2581325,-10.5329075,7.12577,-2.8500469,6.6742635,-7.7049165,8.90599,-8.587104,6.8215675,-5.3027043,7.5192013,0.30893925,0.30491057,0.3236612,0.2707007,0.4482309,0.3399185,0.24322659,0.22818595,0.27468967,0.22754931,0.39696285,0.32005697,0.20401782,0.17468297,0.3057273,0.33207837,0.2479961,0.23981105,0.3796199,0.29523298,0.49053213,0.36548674,0.24544883,0.20423411,1545.8301777915788,534.1039328555208,1580.916969126098,238.32177758461265,2722.1682519757833,892.9850060447748,0.099600311774942,0.056430674124728936,0.080529675,0.034163117,123.046875,jazz.00058.wav,jazz
-179.79295,64.68101,114.698,28.814306,28.397093,22.68115,36.0584,10.340383,11.13554,9.421659,12.761848,8.996162,3.7982714,8.307194,8.478696,8.325041,-0.06284362,10.591826,5.3882685,8.640996,1.0202452,8.318371,2.6880953,7.236053,-3.7270627,8.260068,0.28566578,0.32625893,0.27784634,0.27646858,0.39446124,0.3703606,0.361411,0.35669088,0.2922648,0.28306347,0.32402557,0.32664213,0.2809141,0.24713518,0.40646708,0.36928746,0.31641033,0.31461453,0.2550326,0.2543386,0.32154632,0.3374728,0.2798898,0.29417783,1391.5959542659566,593.9262364463193,2133.0459484799926,491.2805880429541,2913.9606228877096,1882.9582186918324,0.03801713930407464,0.026949720627562058,0.18228659,0.06997898,107.666015625,jazz.00059.wav,jazz
-190.4065,48.44444,129.51292,23.584927,-7.829625,20.96561,20.722414,14.096388,2.1996531,8.023892,7.7903314,8.0770645,6.1863093,6.8022203,1.3470622,7.488734,-1.5960288,7.307949,2.017078,6.9658866,-1.9909496,6.509519,1.1614684,6.6832747,-1.3529068,7.809,0.24361446,0.24927422,0.2690723,0.32101524,0.27052674,0.28728673,0.28413528,0.3229578,0.25447884,0.2506466,0.41896293,0.37512717,0.2891725,0.26472384,0.3244756,0.3585439,0.27383077,0.2823466,0.24970445,0.27780113,0.29890954,0.33041063,0.24208261,0.24547254,1427.9245373060999,421.6254113045418,1887.552795508065,390.56661136412566,2730.2785922092517,1187.290272118046,0.05241074233855375,0.02080867949229146,0.10660699,0.04551362,95.703125,jazz.00060.wav,jazz
-23.793097,37.43238,82.98356,16.772985,2.3204923,15.305202,29.46328,9.777052,6.617261,7.1296186,6.4766674,7.2871237,-0.7065422,6.877905,6.221644,6.8341846,-3.372559,6.6911435,5.6579247,6.5902615,-0.3649514,6.1128745,3.1989357,6.327813,-0.21585411,7.0505266,0.4404092,0.31930605,0.423538,0.30884477,0.37657475,0.2821608,0.41768715,0.3223508,0.3406799,0.2644709,0.39236495,0.29493272,0.3842996,0.28833115,0.4198933,0.3218972,0.3651818,0.27697006,0.3005096,0.24938044,0.29143468,0.25972587,0.29245937,0.23250757,2455.008879715117,467.2741765727301,2656.8714376589696,291.06794505058343,5469.5079601460575,1143.4359456277502,0.09425926647640061,0.03360283741221693,0.23172186,0.038107,172.265625,jazz.00061.wav,jazz
-168.13132,54.12194,108.280045,18.76664,-14.153984,23.801558,30.439228,14.785121,3.8875532,8.470038,4.6804056,7.6199045,3.1929495,6.6663165,1.9267527,7.000819,-1.1429433,6.7721086,0.23423405,5.9519086,-5.2528405,6.199594,-2.5567288,6.1411858,-7.2262635,6.138972,0.39287564,0.37740266,0.23982774,0.2677115,0.17708865,0.1856474,0.16776507,0.19984855,0.2466248,0.2705081,0.3594042,0.3567356,0.25529587,0.24566555,0.36143744,0.32979423,0.33928546,0.3081019,0.25217956,0.24801901,0.3142272,0.3485843,0.32253322,0.25426635,1725.6171874007612,331.57890394715446,2091.10623750538,322.22526971219946,3504.599586716937,861.9346878045343,0.06751573980085074,0.024034950491443448,0.09777056,0.033800602,151.99908088235293,jazz.00062.wav,jazz
-50.615818,32.46813,85.04832,14.902036,3.5498574,15.545588,22.806694,7.9583,-1.5829431,7.5713153,6.1165333,5.7549553,2.354721,5.388585,3.6508038,5.5015845,-1.8693411,5.659558,4.3229847,6.010951,1.0399419,6.1018195,0.79456073,6.8395276,-0.7855246,5.7964783,0.34141338,0.2940695,0.39515373,0.32260522,0.47092968,0.33588424,0.39752385,0.28065524,0.42201275,0.2920945,0.47146806,0.32247585,0.3591727,0.2594303,0.3739815,0.31037223,0.32296938,0.2551428,0.3745347,0.29658136,0.3508208,0.27763188,0.31390986,0.24922653,2481.5395079724226,381.62749982596205,2688.38335845447,277.8306516531635,5553.985987672018,935.2707362765502,0.09874629682721713,0.031145953122604386,0.16242883,0.03900819,123.046875,jazz.00063.wav,jazz
-69.57057,39.23938,125.992775,17.57828,-5.150374,18.265285,30.77484,7.912667,8.313545,6.6087093,5.0850725,5.7743526,-3.913447,5.6429243,5.374507,5.70357,-10.77791,5.39656,9.031306,5.145913,-8.25954,5.6741195,4.7895656,5.7354794,-5.1246743,6.0833836,0.43474445,0.31731838,0.34317815,0.23537749,0.4003198,0.30243903,0.3366057,0.25595635,0.3660542,0.2648291,0.3670345,0.29760125,0.34100237,0.22681864,0.56829166,0.3586222,0.41100138,0.25938028,0.4215611,0.31907615,0.28918302,0.23506962,0.2791093,0.21147569,1574.959956587146,269.2480932631496,2069.6779972005947,307.48951748177285,3339.64492550029,829.9768454057902,0.055842305926140756,0.0148197982208546,0.2119892,0.04567002,99.38401442307692,jazz.00064.wav,jazz
-235.76547,72.72267,144.76729,17.091774,-22.573074,22.252974,62.554108,13.158798,-9.30633,17.159292,2.031492,12.080674,-0.33484936,13.953179,1.9981356,12.878971,5.5365386,8.750163,0.30647504,10.480679,9.452853,11.715669,2.900288,12.348969,2.563639,9.702258,0.2853745,0.3411038,0.2361413,0.2932509,0.18812788,0.23398194,0.27551404,0.34617186,0.24711837,0.26282302,0.32777655,0.36291376,0.20390968,0.23430224,0.22176763,0.26644397,0.30308616,0.3464051,0.21596842,0.25028676,0.24286738,0.31908286,0.22428589,0.2732866,1337.777103820417,378.6562578735948,1518.833998927612,181.71792952373275,2754.5096908533933,837.8251944996083,0.07649135368329467,0.03383895021526407,0.08223485,0.039962176,99.38401442307692,jazz.00065.wav,jazz
-118.444305,39.626804,122.29463,26.958626,-12.950322,14.734304,26.842342,7.854215,4.370559,8.879236,6.8966103,8.606287,-6.8170652,6.57895,-0.3957851,7.3967433,-8.276583,8.662878,-5.0274334,9.512196,-4.3593554,10.067355,0.33117363,11.453603,-4.525175,10.483133,0.35169944,0.37146997,0.2172018,0.23256458,0.25218913,0.26504993,0.2860173,0.33318543,0.1815204,0.17596024,0.2945345,0.33046332,0.22058897,0.23743992,0.35434175,0.36701247,0.19519968,0.21231681,0.2692023,0.2797853,0.30433062,0.34387484,0.16626061,0.15518731,1579.597166735635,345.0391322843948,1854.2680441845785,234.6055481115762,2967.9326156897046,753.6362882549361,0.0883246111723543,0.03136569784772473,0.17286155,0.03935022,129.19921875,jazz.00066.wav,jazz
-177.28923,36.329063,144.32109,26.660793,-17.248318,22.290442,55.66755,19.68433,-21.235043,12.271204,0.34852913,12.865744,-1.5764663,10.858134,-10.412312,9.127828,-5.180942,8.76135,-0.5102532,8.464341,-8.733682,7.829419,3.8595126,8.655313,-7.9607005,8.30072,0.3483828,0.3723606,0.27659282,0.31518808,0.15279683,0.21840087,0.19406796,0.27823666,0.16638127,0.23944728,0.19580899,0.3015051,0.22377566,0.29743335,0.27439722,0.33105877,0.33133042,0.3670962,0.23174547,0.2930701,0.20376061,0.29388773,0.24154684,0.29545602,1353.9940370893112,444.0741304486004,1567.0213086501299,310.5281450310874,2830.3671852341936,1119.7088117267483,0.054932207076566125,0.024876148241050614,0.13801786,0.03604153,99.38401442307692,jazz.00067.wav,jazz
-204.40417,70.10853,138.56189,26.310091,-10.771317,21.070166,46.531643,11.151433,-22.296581,12.089889,9.674001,9.503794,-11.094681,8.322577,-17.79282,10.244175,-7.5867662,7.775395,-1.6089339,6.398807,-7.6591063,5.9057093,-1.0280541,5.5514946,-9.978247,6.6868777,0.23492087,0.30236754,0.18788077,0.22279148,0.2719168,0.30529556,0.2841824,0.28513676,0.2763363,0.2601616,0.37489423,0.35100704,0.30896318,0.28059712,0.32846096,0.34473655,0.20358253,0.22836809,0.27859038,0.3002022,0.35306618,0.3331729,0.31965065,0.31008148,1382.8810942210137,432.3215470675271,1643.4574817138032,192.7427192216094,2833.0734075913574,1044.7252228652226,0.06120433645108275,0.02930164154288208,0.09949384,0.06275489,73.828125,jazz.00068.wav,jazz
-159.17877,55.757442,92.01376,22.9481,-16.731047,23.146288,27.372526,14.930531,6.108614,8.906296,3.2374399,9.963836,7.151189,9.409267,4.027298,9.818402,3.5904977,14.259713,3.5372064,9.766477,-0.5802278,8.597493,-3.7204585,9.746065,-4.718692,9.408618,0.29177693,0.36435398,0.2153602,0.2345187,0.25837764,0.3202756,0.24845043,0.28680176,0.27094167,0.3247459,0.21139793,0.2604343,0.22266956,0.24020422,0.3779601,0.37919557,0.2522224,0.22587287,0.32063505,0.36457568,0.1881143,0.21852915,0.19307913,0.2353336,2011.3793005237949,428.5376350908123,2227.911724332324,372.9348731595674,3914.071846450841,1126.6856837741616,0.08750241686001546,0.02907066310679997,0.111734815,0.037918348,151.99908088235293,jazz.00069.wav,jazz
-237.89583,61.347687,155.84558,31.244501,-9.223945,24.502909,13.184577,12.612089,6.6045504,8.880184,8.891064,7.995692,3.9869585,7.16024,0.26179376,7.850821,1.750626,7.2539306,3.356517,7.005243,1.1839762,6.78438,3.6197555,8.6178875,1.1614975,9.792384,0.25082037,0.28553563,0.2503624,0.24824734,0.4333758,0.37827456,0.33394495,0.29643095,0.3277759,0.32427642,0.26116097,0.3044585,0.18301342,0.21593538,0.27972487,0.34461924,0.2274692,0.24022086,0.29735672,0.32647935,0.26844168,0.2985099,0.2050608,0.19568644,1117.2614806332522,402.334098425099,1545.152703760625,378.9590516637938,1956.4655348209108,931.2766481542228,0.05004033135150812,0.023463545676943847,0.08647344,0.036666173,103.359375,jazz.00070.wav,jazz
-228.37425,55.218422,170.4156,20.934687,-16.073597,21.316378,43.94548,10.556689,1.099621,7.4272676,3.9970205,6.898199,1.0797173,7.873341,-7.2045374,5.5104547,-12.51627,6.856787,-4.418202,6.3350353,-6.0617275,6.4085107,-1.3315177,5.8708305,-3.1522164,5.7683945,0.3797318,0.3410841,0.27892134,0.3021324,0.19814219,0.23336813,0.25681987,0.28023866,0.26490542,0.28564712,0.20998591,0.25747386,0.1792502,0.19316071,0.35773274,0.365261,0.33692387,0.34495533,0.26701668,0.2816699,0.29632568,0.34477192,0.3013156,0.30338588,971.5184947924259,243.19228910324668,1301.6314592279955,157.9435435339101,1795.6992731293503,633.3298119319161,0.04257072336620263,0.014507041096585903,0.10030232,0.035313834,151.99908088235293,jazz.00071.wav,jazz
-202.82185,64.42886,145.7447,16.823387,-23.561142,21.574131,47.848927,10.276682,-14.353488,11.139118,1.6448873,12.568205,-7.065911,9.0617,-11.128286,7.64532,-4.6043057,8.761284,-3.6093202,8.507863,-3.7902675,7.5028563,2.0428386,7.3930073,0.8476412,10.271841,0.2583527,0.30945593,0.19230779,0.25633618,0.19243957,0.22331242,0.35072485,0.38617474,0.22349174,0.23803867,0.27169117,0.33517018,0.24906054,0.29313916,0.2547617,0.3146358,0.21896313,0.29421633,0.19584168,0.22276904,0.350894,0.3727717,0.24661918,0.25237557,1336.3546002724486,282.98392615305266,1554.5636044977155,192.8513984177811,2751.88673687645,697.6344622201037,0.058720635150812064,0.02036768405428633,0.11046993,0.059101213,107.666015625,jazz.00072.wav,jazz
-84.05484,43.94908,63.09341,17.239328,5.613019,21.503746,24.932241,9.905671,6.1947927,8.286886,-2.9102545,8.555744,-0.36938915,7.537459,-1.0819333,7.139401,-4.2484245,7.21606,-2.3233378,6.032164,1.573951,5.9562116,1.9415085,5.9219656,1.5482018,6.543056,0.5499796,0.38569734,0.31618515,0.23736262,0.33257207,0.32109258,0.25521606,0.2375235,0.30169192,0.2640884,0.32065615,0.32027465,0.30989587,0.27413973,0.40676603,0.3073646,0.3148874,0.27993038,0.3375847,0.3258653,0.27111244,0.26210964,0.2704434,0.20991997,2967.826756749952,600.1910850085213,2921.8330539368476,395.04451727713706,6414.7878412304235,1430.13340856895,0.12970003746133024,0.04347452159516028,0.13313222,0.05709257,112.34714673913044,jazz.00073.wav,jazz
-149.20642,63.813282,79.080246,27.447752,2.0129542,28.619928,27.603146,11.224398,0.3204934,10.426569,1.7403431,8.544616,-3.6078987,9.18531,-0.16264427,6.8230667,-5.0342765,6.5353603,1.2452917,6.2613945,1.1467863,6.3345537,-0.6147799,5.9647307,1.8223752,6.9540057,0.22187169,0.27404505,0.23622452,0.22452337,0.47956398,0.3763112,0.30240843,0.23104487,0.4053471,0.37638372,0.27994594,0.28702796,0.26533592,0.23761265,0.39982197,0.39828587,0.23761229,0.22542876,0.21130314,0.25574267,0.22575413,0.26638412,0.27367786,0.2647946,2415.076791967096,714.5848377703043,2552.8255059224193,524.8387640202232,5136.026999347448,1701.5463867709552,0.09553696587393658,0.04283156617749784,0.11266223,0.070193015,83.35433467741936,jazz.00074.wav,jazz
-78.206566,40.53998,63.23094,16.919819,-1.6779568,20.265438,21.02095,8.461827,4.4600124,8.759136,-3.5970638,7.2409368,-1.5601112,6.647716,-3.0758893,7.5344424,-6.0766597,6.121088,-1.9537258,5.906493,1.7829208,5.9034348,-1.2087538,6.588214,0.947778,5.503466,0.3851427,0.3685655,0.25358525,0.25959247,0.28464788,0.28755587,0.36004454,0.3546076,0.28319502,0.2136304,0.4104625,0.38258013,0.25308603,0.21251535,0.33628556,0.31933978,0.25628135,0.2787753,0.2581736,0.24308558,0.25184563,0.2681003,0.19080053,0.1664388,2902.237371028965,579.3955539482587,2854.7296978197974,391.2377121485374,6196.799548651392,1440.726429910159,0.12648901235015467,0.044450210357194105,0.14688885,0.06432295,103.359375,jazz.00075.wav,jazz
-154.33812,57.902676,110.678246,22.552195,-22.29611,27.364456,21.155048,13.226259,4.2708607,10.492259,4.7511244,9.16182,-4.084911,8.470255,-1.0139267,7.1816845,-6.4087462,9.476619,-9.243103,6.7202535,-3.6306064,5.9931192,-5.5059047,5.8599763,0.53899264,6.5084176,0.42080992,0.38541022,0.30744335,0.25733528,0.41178158,0.35259047,0.31181824,0.24400981,0.3917044,0.35891432,0.24902368,0.26235804,0.17939994,0.18385674,0.29242653,0.2963607,0.25351962,0.21883824,0.28188062,0.3152485,0.19736362,0.17001091,0.34143487,0.28711274,1733.7356811346049,383.62778627730967,2068.2160498614826,417.1491662738115,3379.9718020410382,1116.761520055544,0.06870037884280743,0.0276975513026328,0.119098485,0.05490026,117.45383522727273,jazz.00076.wav,jazz
-77.04768,39.883987,64.53718,21.817936,-2.8516343,17.53311,28.523897,9.427153,4.6893306,8.659959,-2.8045924,6.6863327,-5.941858,7.7845626,1.9067211,5.643819,-5.199494,6.577676,-2.319647,6.006497,-2.938013,8.374848,-6.1523376,7.2725716,-0.76270944,5.841071,0.26843098,0.28744575,0.25627747,0.20862004,0.3228982,0.33413467,0.27779475,0.2715837,0.3717003,0.31339905,0.40165222,0.36204886,0.2508757,0.24358357,0.24881822,0.28279182,0.28486282,0.26737216,0.48005468,0.35174498,0.32346252,0.26411086,0.20226078,0.20668057,2777.8434123208845,515.716899074598,2691.227405583129,360.50859141615246,5813.698384933295,1228.3987346517335,0.1308816554282676,0.03793251786471456,0.1457161,0.05531057,184.5703125,jazz.00077.wav,jazz
-141.47614,59.856503,70.87622,24.367313,-0.52493143,25.154606,33.563366,12.615114,1.4298356,11.22681,-9.1653805,11.701898,0.77252406,7.934783,0.5435524,9.157276,-9.180862,10.021726,-2.5613809,8.1538105,4.0683784,6.3704486,-2.233298,7.912742,-0.69560075,6.372784,0.27222922,0.3284882,0.23656656,0.24280685,0.34340003,0.36281514,0.2709365,0.25645208,0.3795445,0.35878056,0.33554828,0.34429577,0.23766315,0.24963424,0.22653162,0.29337287,0.22458893,0.24371171,0.30155343,0.33501276,0.18698943,0.21978596,0.17758697,0.21035193,2503.5410170407163,577.3110795614565,2598.597083896597,438.69738058451463,5155.861527515951,1517.4909318336133,0.09586928412606342,0.03756877150144127,0.11916989,0.06585618,80.74951171875,jazz.00078.wav,jazz
-163.56102,30.904633,65.98095,22.412445,5.354575,13.436271,41.90309,10.864765,7.0279517,8.453146,5.498211,7.6544266,8.927303,8.046981,2.6824658,7.0254874,-0.1786162,7.9989576,5.162721,6.561254,10.484863,8.580592,3.3343596,9.30714,3.836848,9.759681,0.29427823,0.24110578,0.37299383,0.32951152,0.2134238,0.1732213,0.3360509,0.31088787,0.3323972,0.2707027,0.23975886,0.16861516,0.39515635,0.33547857,0.344294,0.2877816,0.33945417,0.24773192,0.47544962,0.38441202,0.34662664,0.24072173,0.37089667,0.32530642,2634.043115077565,600.744976523698,2728.2919813424173,344.4335082412888,5561.861495794664,1287.120057446725,0.1078452031370843,0.03714863099412002,0.06982318,0.019665185,107.666015625,jazz.00079.wav,jazz
-117.26823,40.26829,56.985897,16.722597,-2.100188,10.259687,35.6115,8.8508,4.7055225,8.908784,3.8937654,6.0182624,11.592541,6.70935,6.0795307,6.011139,0.58258206,5.9443026,2.2728043,6.160819,2.699062,6.6055937,-1.8532667,6.403643,1.6794041,7.5083466,0.374704,0.33549646,0.3380167,0.25324872,0.37114918,0.29549944,0.31776333,0.23485175,0.3910073,0.27260265,0.3754637,0.2896687,0.32327917,0.22533593,0.45818937,0.3154134,0.44753605,0.2966269,0.46988007,0.31621113,0.32568192,0.26342767,0.25553823,0.18951444,3029.524006692204,464.80590509731286,2829.078711471935,254.3943455755201,6202.203666527697,1023.4586280735772,0.14034857163573086,0.0356700320966328,0.07571336,0.019169385,135.99917763157896,jazz.00080.wav,jazz
-228.37268,53.652466,67.55174,24.082468,37.07074,17.795082,21.323814,10.907878,17.05992,7.7203364,10.132071,6.596315,10.780065,6.701297,8.01709,6.613025,2.0439801,6.4490514,0.2831209,7.1031976,2.4854753,7.438497,3.843088,6.3263173,1.5900073,7.324314,0.47935063,0.2827102,0.4760186,0.23353241,0.6895288,0.31891817,0.52675444,0.27612925,0.4512367,0.2821934,0.37620586,0.26188132,0.3507321,0.25119317,0.41831663,0.31354442,0.3552765,0.29894766,0.37228337,0.29964378,0.34431896,0.2564969,0.45950985,0.2857,3026.5185290322397,1016.4510682804677,3302.3417210018733,423.1025084312512,7277.273396715487,1693.698275368959,0.10012748936581593,0.06210986344861245,0.043226168,0.015515593,117.45383522727273,jazz.00081.wav,jazz
-158.35344,66.21363,49.6283,25.732056,21.610638,18.378689,16.520689,9.764041,11.4244,8.531286,6.2550488,7.0683794,5.6390004,7.061308,-0.18564107,5.7669387,-0.23795126,5.14907,-1.9907087,5.512142,2.027147,5.878744,2.6864684,5.667823,-1.4627907,5.377542,0.46875727,0.32875216,0.3638772,0.22649366,0.46690723,0.31196094,0.37756735,0.24690786,0.44131318,0.3106961,0.41851428,0.27789,0.44128683,0.2915937,0.4554735,0.32761824,0.31786364,0.23875241,0.33326408,0.24590436,0.34620878,0.2771292,0.3874294,0.28003585,3905.0663421586682,1103.969093615346,3328.8714437290246,368.94971580991626,8036.631063297564,1595.0757431634602,0.2066977988447409,0.10557381987848771,0.047818083,0.01912244,99.38401442307692,jazz.00082.wav,jazz
-125.98232,44.37292,56.631195,22.022652,23.469534,21.333517,23.709396,9.71291,-0.29916167,8.042678,7.154332,7.8134003,0.1817878,7.9331565,-0.8391556,6.8620653,-4.1526923,6.7986264,-1.8885247,6.5696235,2.527489,7.1954246,0.52385765,5.9446607,0.92152727,6.1805716,0.34414342,0.22673094,0.45293364,0.2909782,0.50414723,0.3202859,0.49592188,0.2741875,0.5821706,0.30862224,0.4347193,0.26975593,0.40172264,0.24745713,0.39424887,0.302016,0.35088313,0.2520174,0.34820175,0.26093027,0.3650172,0.2611627,0.4762253,0.28171307,3393.080458875416,754.535819628996,3147.319911313142,325.2410859030337,7233.19944306482,1244.9044177168018,0.14964517473897912,0.060954738642949896,0.07430314,0.02350048,107.666015625,jazz.00083.wav,jazz
-178.03915,50.056026,61.93402,19.2557,1.4865072,17.904339,36.045277,10.392366,7.582727,9.561843,5.1545825,7.5943494,-0.90878826,7.076991,2.9489567,7.266659,1.4483311,6.0627956,2.140209,6.983861,5.176123,5.12463,2.027973,5.7483463,0.5181928,5.9745364,0.46984607,0.34231392,0.4165073,0.25520656,0.44762334,0.31345737,0.3866665,0.26609004,0.36782956,0.25809246,0.33082727,0.25912324,0.36825806,0.29629117,0.4229037,0.33470938,0.3132696,0.23297922,0.42994544,0.35052034,0.38192394,0.28002465,0.3803381,0.2753354,2875.155262931994,579.5635563450821,2802.961209947392,347.08927838289156,6139.435961517546,1157.8606054194715,0.11831247281032482,0.055031363571645946,0.05166333,0.021532832,123.046875,jazz.00084.wav,jazz
-131.90503,45.446674,61.60795,22.686302,-12.67634,15.339152,35.07376,11.899323,-2.1412582,9.123272,-0.9574647,9.268667,-4.841936,8.94412,-4.1117215,8.749052,-3.2795613,7.457426,2.5008752,7.584088,6.401213,6.9950485,3.4144213,7.6719303,-2.8996136,7.64085,0.31511402,0.29565963,0.25115177,0.22137122,0.24275404,0.2387261,0.41927132,0.35928807,0.33091006,0.24487872,0.5436115,0.3500612,0.48938677,0.33391893,0.30419752,0.26246208,0.27351505,0.28280815,0.21238597,0.21448123,0.30226028,0.2786457,0.22057855,0.19735585,2860.6831509039876,564.7515521797994,2566.170784403403,317.9238182996564,5605.1610535092805,1138.1264045958737,0.14755912243812838,0.04775963914961599,0.07137948,0.02818655,80.74951171875,jazz.00085.wav,jazz
-156.65346,45.70801,22.764954,27.977047,10.47278,15.438155,24.15443,10.770058,10.1406765,10.086574,2.9690418,8.649374,2.4916868,8.798456,0.48640963,7.976153,2.6901162,8.318798,1.2295191,9.253161,3.3203454,9.824873,-7.8132577,8.267457,1.1047308,9.352284,0.31830916,0.30225864,0.22419523,0.1941365,0.35834438,0.31622416,0.33162597,0.22173436,0.44341952,0.2983389,0.2556073,0.2223883,0.28571197,0.17759292,0.5829824,0.37353826,0.26589742,0.17385669,0.34995824,0.30355838,0.28685725,0.2549585,0.346748,0.2868306,4135.738578404693,735.5382016983564,3220.6479293446114,259.79547960414476,8257.483788156178,1094.274845106152,0.26163718097447797,0.08809333186993384,0.052383415,0.020329915,135.99917763157896,jazz.00086.wav,jazz
-340.9211,85.17231,89.82105,34.331905,44.52626,19.98296,28.849882,16.36445,16.312696,13.843609,10.603151,13.176318,6.996853,9.730018,0.8387718,11.259391,6.0855837,9.974428,7.1257286,9.466053,5.4259996,8.686472,2.7258344,8.817509,9.359518,7.1622834,0.29969272,0.26322764,0.39953962,0.25273678,0.6988497,0.36319345,0.49870217,0.3118293,0.34160393,0.3209013,0.2420694,0.2649435,0.16020261,0.16303161,0.21812543,0.23323813,0.25822607,0.30509835,0.3386458,0.36645147,0.28935847,0.28528434,0.3631784,0.29125968,1846.8634833838028,855.5673973470051,2731.2712860932206,584.8227008362697,4332.179037213602,2647.6673331128873,0.04283468979601701,0.02916023517139725,0.045787524,0.03448025,135.99917763157896,jazz.00087.wav,jazz
-192.53928,55.103848,80.96841,21.208834,25.694563,21.45939,18.537584,10.673563,14.170472,8.918102,1.2607206,9.030437,4.087108,6.625217,-1.4164065,8.338786,2.6693683,9.14173,5.248078,8.520289,3.7233064,9.090048,0.29042122,11.763743,7.335002,12.018657,0.2532277,0.3155068,0.22324054,0.23265134,0.3073046,0.32506916,0.27401528,0.32024425,0.22784415,0.24072571,0.38889396,0.3835252,0.2686514,0.24033323,0.36484888,0.3482699,0.33672774,0.3132651,0.30701935,0.30327258,0.3477779,0.3718147,0.19207165,0.1844792,2428.058768410789,665.0269108420883,3007.019818392754,480.19322981017996,5925.969141984484,1939.9096965579815,0.069027032579273,0.032361115681144956,0.091520354,0.038761657,129.19921875,jazz.00088.wav,jazz
-322.4348,50.050575,90.67423,24.78765,27.020731,16.637466,37.843822,12.685509,19.696075,7.9193254,4.6111484,8.662753,3.0710325,8.201329,7.9741745,7.9695683,1.9310689,8.713035,2.0824645,7.6811604,0.44003147,8.984727,4.8904376,7.1653657,13.061074,9.361582,0.3960949,0.32445586,0.30440745,0.25530314,0.4276963,0.4029964,0.27980158,0.29127562,0.25373477,0.31177703,0.15842052,0.20028539,0.14219582,0.18232496,0.18820527,0.25138667,0.24274215,0.28701302,0.26834133,0.33958745,0.27152562,0.295917,0.4329888,0.35608113,1787.7638893804722,681.6758591238647,2485.50184386976,387.3325867418032,3905.2287444714325,1730.287402452373,0.06275188212973705,0.05816267270801625,0.045032978,0.028509796,117.45383522727273,jazz.00089.wav,jazz
-217.63109,41.26732,105.63394,21.692856,19.312328,11.549622,28.34839,8.392994,8.654819,6.93118,0.14195944,6.82625,6.3652163,5.5187826,-2.540636,6.044204,-12.9904175,8.37905,-11.146649,6.2437663,-6.1566696,5.54721,-7.739082,5.8371315,0.42071098,4.907144,0.2723412,0.26616183,0.23668665,0.1721987,0.4864094,0.4056726,0.26430815,0.20526512,0.3180346,0.30352664,0.4052069,0.34573594,0.17214169,0.20796274,0.13389406,0.24597715,0.12536722,0.14775772,0.2918579,0.35313526,0.22209258,0.2129727,0.31251183,0.32231432,1875.1521594572132,535.1627649051499,2569.4886461121373,426.1707760701516,4292.518307714618,1573.174962157176,0.054141818324632635,0.01530663325255788,0.06135448,0.020401547,135.99917763157896,jazz.00090.wav,jazz
-299.35794,59.788715,60.76391,49.88523,32.084476,13.175341,25.690987,12.215028,7.444089,9.792755,-1.294515,8.827511,1.8584758,8.244571,5.254534,10.65814,-5.537015,11.48585,-3.092252,13.060899,3.6521976,9.371727,-2.3015044,9.530315,0.8900211,10.518246,0.27269256,0.32722563,0.28840315,0.3668966,0.22551121,0.25826383,0.27177384,0.3369,0.24228953,0.30650556,0.23764475,0.32632947,0.1568597,0.18766391,0.17661954,0.24767661,0.22384429,0.26991206,0.2671169,0.30193657,0.22058068,0.2699861,0.18849182,0.2519386,2959.1578862773017,1380.311476934677,2832.7603174225164,352.5196472001992,6065.55192774797,2127.3541470082655,0.15147972254447023,0.13045628280556879,0.040916957,0.025238035,83.35433467741936,jazz.00091.wav,jazz
-294.05438,50.57523,84.63629,38.99519,39.074047,11.501274,28.610287,11.166261,14.117953,10.918888,1.0143455,11.755338,7.343283,7.5616026,5.2076173,8.734791,-3.7476375,10.404735,-5.045501,7.6479335,2.2260773,6.7389283,-0.57769674,10.003596,4.209762,9.253876,0.30400229,0.36619785,0.27906725,0.28589356,0.3535752,0.3523051,0.32509837,0.30021566,0.30063215,0.34324235,0.16626014,0.19762793,0.20671242,0.21537852,0.36289728,0.38489947,0.30048856,0.3052132,0.16055293,0.17782845,0.17678243,0.19375922,0.30923864,0.3706953,2215.267218635689,1076.6626818407608,2795.00303259973,429.3800871270315,5026.545733033643,2329.036150010518,0.07547665011117556,0.07915107275918837,0.053534985,0.036359623,117.45383522727273,jazz.00092.wav,jazz
-215.3706,38.945366,100.935074,17.211134,17.103338,16.670744,12.981271,10.8887205,16.05995,9.737961,4.7681456,9.327131,4.571938,7.1623588,-3.135014,6.5344152,-4.1529493,6.265066,-2.2979836,6.440434,-4.922637,7.272002,-3.3403125,7.1153817,-1.4198282,6.1375604,0.3150695,0.33242652,0.19216774,0.23410346,0.19367564,0.20791845,0.31300393,0.32537252,0.22352694,0.18388148,0.28897113,0.3220883,0.24343733,0.21674171,0.4146081,0.3328934,0.38631165,0.350051,0.1978325,0.17931119,0.23349582,0.2858892,0.23238744,0.2368193,2152.8430463253017,488.8970188931723,2775.45858091221,370.7466270960121,5015.7957851471865,1634.3328855138445,0.08172045690738593,0.026545322761773307,0.045283854,0.012281723,83.35433467741936,jazz.00093.wav,jazz
-366.40802,60.431915,131.7068,27.04701,16.492437,21.954718,36.311737,11.098468,5.05857,11.842566,14.669265,11.112704,-6.169326,10.419705,4.7203755,9.707237,-9.589378,9.339634,-1.2988945,8.480268,-2.697992,8.996575,1.5731221,9.785345,-2.2846932,9.086944,0.28722855,0.3449891,0.19990349,0.23855145,0.3059605,0.38390788,0.23871799,0.22580945,0.43741778,0.42415744,0.24338394,0.2512708,0.1709588,0.22191225,0.24454916,0.3453979,0.17179857,0.23227926,0.1809375,0.27389094,0.15782844,0.23379257,0.2095062,0.27698034,1077.2680007298768,481.2069469549568,1539.270293708634,462.7337065611425,2111.702776065835,1406.3605875556066,0.04150088517498066,0.019602003583611048,0.03976792,0.020229109,123.046875,jazz.00094.wav,jazz
-219.79694,40.356934,100.832466,20.473667,-1.4313542,21.229599,41.2765,10.061098,-0.94361514,8.808123,23.37852,8.84305,-11.5095005,7.752496,20.015314,7.33977,-15.975561,6.044553,13.942784,7.7664447,-7.988526,6.646082,5.734379,6.886283,-6.879345,5.8890676,0.36976758,0.3650199,0.28167862,0.2506586,0.4093678,0.3827423,0.34258562,0.28748864,0.34901083,0.30258206,0.28343117,0.2655684,0.25390404,0.22849682,0.38478518,0.36000523,0.29539406,0.27855545,0.27321404,0.29371515,0.24136001,0.2608634,0.25187737,0.21756844,1854.6319159219006,462.8716672173217,2215.6086477855506,355.3242504489324,4282.218009081352,1327.51019165634,0.06336251691802011,0.02908234680525394,0.06815121,0.026389718,117.45383522727273,jazz.00095.wav,jazz
-277.2662,65.7904,95.78777,30.124458,-2.9489675,22.700924,43.91847,14.889997,1.9368119,12.662016,22.255892,8.931517,-6.1426473,10.807534,22.45783,8.115167,-12.839392,9.751691,10.77821,8.200353,-7.5335217,9.879684,3.594645,8.210963,-5.0788703,6.718791,0.2758661,0.31449044,0.19640817,0.21596453,0.26960963,0.28378484,0.29759914,0.33380806,0.26454094,0.25552645,0.388587,0.31489596,0.25468418,0.25444975,0.24308202,0.27869797,0.2504467,0.3079546,0.26052174,0.2318588,0.568563,0.40369144,0.31600493,0.24392869,1873.8376247337064,717.2279972960849,2083.7564324906257,422.09353776272445,4008.739667923434,1632.1616566321302,0.07771677723801237,0.04598485298424702,0.044383854,0.021491729,135.99917763157896,jazz.00096.wav,jazz
-413.57648,45.99982,118.27753,23.116417,31.093847,28.411182,40.150215,12.997363,13.0943165,12.182989,13.9397745,10.442613,-3.7187622,8.4274435,4.747173,8.094977,-9.887995,6.738007,-3.0664465,8.163715,-6.288996,8.004515,-3.6193843,8.245425,-5.2701,9.279123,0.17542915,0.23205,0.23192713,0.34063512,0.19195731,0.26612645,0.2295727,0.35216758,0.19471279,0.26691774,0.1986919,0.28721473,0.18008028,0.20190486,0.24040589,0.31501165,0.3093102,0.3266564,0.34757406,0.36295322,0.23774232,0.31898925,0.15161593,0.24178089,1176.326568022795,496.05537105853637,1753.3771368323373,432.33321506752566,2344.729338112674,1527.4481087032052,0.039907645736658934,0.021784761642112745,0.021176668,0.013560989,86.1328125,jazz.00097.wav,jazz
-222.99565,46.654564,102.8713,21.472754,-1.664055,18.77064,45.21429,10.201252,-6.754359,9.10098,25.362495,7.4226766,-14.371586,7.170964,24.249865,6.1190886,-10.413199,6.6719055,11.150229,7.4384418,-9.152708,6.2625194,6.6299033,6.377352,-7.8272076,6.097799,0.37657955,0.32969722,0.38068664,0.29386315,0.4234984,0.3526964,0.33604416,0.28659838,0.29952943,0.2915228,0.3134742,0.3131963,0.31372255,0.2912782,0.29115805,0.29149252,0.27698043,0.2610848,0.32072964,0.29870754,0.2911025,0.2767482,0.31042933,0.28927952,1885.6190151488076,547.903109423324,2230.5435545862933,325.88299553472785,4357.001341357309,1301.9594259528353,0.058131147887664346,0.03523404164560286,0.060133778,0.021338731,80.74951171875,jazz.00098.wav,jazz
-315.03824,44.137302,112.72009,23.015484,9.759593,16.78416,38.984005,9.650212,3.9417922,9.185592,20.022207,8.937255,-7.2148595,7.9479628,15.278688,7.6377354,-13.678443,6.807202,10.154263,7.54351,-4.878445,7.691786,4.704112,9.177939,-2.7004826,8.148152,0.33976355,0.37004536,0.19819503,0.2327459,0.22408739,0.23430693,0.3653156,0.36725494,0.30030325,0.27647424,0.29851735,0.32689783,0.30306932,0.26511118,0.46206102,0.38645136,0.33768693,0.31663278,0.23839132,0.24938358,0.25407976,0.30963218,0.2298409,0.23223068,1492.5309939204085,518.6864471391089,2014.4559100407412,407.3509750396555,3377.149003951566,1511.8838888592798,0.046179019842420725,0.02318977673119307,0.0392551,0.020564757,135.99917763157896,jazz.00099.wav,jazz
-52.940304,18.677555,50.09013,14.033587,-11.491269,16.13085,46.324932,14.902743,6.5430007,10.786364,10.116378,9.047197,5.4855285,8.169269,8.844899,8.074823,5.929942,7.5889626,6.625154,7.1699276,-4.0330343,7.530394,9.778293,7.3693647,-3.1172316,7.3021293,0.5317407,0.2887187,0.53201497,0.22644772,0.6489441,0.27264684,0.48088858,0.23300904,0.45208812,0.22204828,0.45191318,0.2806244,0.4155397,0.22361486,0.548561,0.29652983,0.42633137,0.20585284,0.43660575,0.24669932,0.4704267,0.27334595,0.45739502,0.23064245,3274.50233695886,517.8731106724505,2722.4884522973516,388.9391542615448,6408.00146824246,1299.0454681063604,0.18301936811194897,0.04675646922667426,0.11605348,0.017508097,95.703125,metal.00000.wav,metal
-80.19851,21.37461,64.840294,12.634047,-15.457802,11.47899,46.845818,9.035152,7.9143405,9.61073,21.7688,6.9020643,-2.1780026,9.767922,21.984138,7.4623413,-7.7135434,7.5800467,11.146057,7.730743,-4.2872386,6.770441,11.4456625,6.400253,-10.364868,6.63582,0.42930067,0.22169578,0.55409294,0.31138873,0.51022476,0.23622653,0.5750862,0.3045627,0.4543393,0.23379517,0.45148948,0.27019724,0.46406233,0.27462786,0.40482768,0.22254042,0.45336753,0.270555,0.45091367,0.25510326,0.5069908,0.28172797,0.46793514,0.26682684,2922.918811417647,428.82934746691484,2620.94410751914,223.36576684473215,6037.132429578742,822.9082777107382,0.1528407168406806,0.04150324780786068,0.09723436,0.014782584,78.30255681818181,metal.00001.wav,metal
-62.234993,31.549286,115.17359,17.799223,-42.7843,17.304173,54.301395,14.689079,-24.871058,8.699892,20.127165,10.318324,-21.635332,8.277634,20.841627,6.8825817,-8.395902,7.7100244,20.322468,6.7064476,-10.730717,7.1810627,9.666507,6.2086535,-14.542503,7.270454,0.37112895,0.25426215,0.4286955,0.2851017,0.38583368,0.24436545,0.3423111,0.20838988,0.4594493,0.26094237,0.4195077,0.22943059,0.5618707,0.31110516,0.5057577,0.29826102,0.46480197,0.27520064,0.4797922,0.28909516,0.3829673,0.24263209,0.39103657,0.2867636,2198.9192293914725,382.7915852266285,2006.3317772520952,284.9596321435749,4447.472436466793,818.4150735032484,0.12834093133700697,0.03129210682040486,0.13272823,0.025321731,112.34714673913044,metal.00002.wav,metal
-43.095963,20.280518,75.37249,15.348029,-47.823303,13.849499,53.022266,9.088758,-12.325954,8.621174,36.862835,8.850056,-8.285685,8.158821,28.386372,8.562581,-14.524615,6.96008,22.091656,6.2352443,-7.344944,7.1238875,15.974339,5.5953283,-13.12713,6.0255566,0.39946315,0.2708359,0.39674002,0.2636325,0.42075124,0.2803961,0.46804532,0.25374812,0.6151441,0.2848674,0.5249315,0.26329848,0.43126148,0.23055765,0.52437264,0.26701054,0.59776103,0.28288954,0.6141312,0.300893,0.44624978,0.26038077,0.41304308,0.26284534,2752.293220771919,394.4188981854409,2205.7506246580533,171.3604437364006,5234.80827880293,648.3605463746504,0.16667346408546016,0.04730395176122916,0.15011945,0.029295016,99.38401442307692,metal.00003.wav,metal
-107.15857,33.57659,47.66012,17.946796,-8.623368,13.504004,38.404957,13.518718,8.464611,10.138867,9.544071,9.806718,1.0112349,10.556824,20.752398,8.964437,0.7103535,7.923191,11.781386,7.9877076,1.1649987,7.0465693,11.065437,6.5367813,-2.537655,6.6039853,0.58739346,0.21585155,0.6252648,0.21694241,0.6551108,0.23957324,0.5918682,0.22370735,0.58545095,0.18743324,0.65939605,0.22094597,0.6037229,0.19687296,0.6508604,0.21753111,0.6981495,0.21102838,0.71717703,0.22179246,0.65102816,0.21266906,0.59147686,0.2093528,3403.076270500999,517.500975866181,2825.1012483991854,230.95516532608832,6902.990354462732,888.5201409071898,0.19235071357791958,0.04859860585206081,0.063436955,0.010384176,135.99917763157896,metal.00004.wav,metal
-79.6058,32.779507,93.465515,17.304493,-27.727808,16.160698,64.066574,13.353428,-18.799423,9.760877,23.316315,7.6102676,-10.544774,9.97267,13.356812,8.331482,-17.534975,8.312542,16.389614,8.477736,-10.039802,7.474878,8.944684,7.2732887,-16.07516,5.8067536,0.35933933,0.25648406,0.37136498,0.24551658,0.48659256,0.30916786,0.4080366,0.21771118,0.40643975,0.30480793,0.36814946,0.24462904,0.41444135,0.24743618,0.54105747,0.3469853,0.45697823,0.24577214,0.46651423,0.31933075,0.38769668,0.21618661,0.40468037,0.29609522,2464.5835110221637,442.04589169324413,2204.6845786304452,273.7864025471566,4952.087147440545,865.2736406256622,0.13431926116589327,0.036422003675137066,0.12173561,0.03545247,151.99908088235293,metal.00005.wav,metal
-140.7743,28.008074,55.93842,20.766966,-12.305976,17.213692,44.334286,12.351685,-10.598108,12.354473,10.867342,8.402268,-0.94542086,11.910236,22.24718,10.140011,-9.377724,10.12669,15.238384,7.599695,-3.057164,8.686178,9.061381,7.910593,-8.799073,7.7831097,0.34603393,0.2622121,0.35391113,0.2774863,0.33965516,0.22765319,0.46343035,0.3063623,0.43104756,0.25336602,0.5905791,0.30929175,0.48501623,0.27728108,0.43412587,0.25364256,0.5390925,0.3154937,0.41927943,0.24079573,0.46245584,0.29574174,0.3426761,0.22899348,3237.0244682555635,588.6250105090456,2572.8561991203346,271.7572224316545,6228.183401156468,979.1690503560609,0.1980427965487239,0.057752283655064615,0.050436046,0.010144636,123.046875,metal.00006.wav,metal
-108.10116,16.41477,65.7679,16.875406,-20.839346,15.635542,47.553825,10.494619,0.8670945,9.729623,8.987105,6.4310274,-3.2015548,7.894437,20.969147,6.7853317,-10.341167,6.4837713,7.8690705,5.6412597,-8.121823,5.6784396,12.04054,5.938085,-9.151338,6.01298,0.5236151,0.24200054,0.5977527,0.26686367,0.6534448,0.27991438,0.58903104,0.22792526,0.6256994,0.25413775,0.58958745,0.2362658,0.5275748,0.22396247,0.6000054,0.23549011,0.69137543,0.24598989,0.60911554,0.23289908,0.48623598,0.20485187,0.48426944,0.22643124,2939.593464244178,493.7963554934545,2522.764063583591,299.5926556922887,5806.928665621374,1017.5825098648352,0.16831088674593966,0.04333877723156389,0.06945514,0.012554135,151.99908088235293,metal.00007.wav,metal
-149.9959,42.114586,67.87112,27.205786,-6.662219,22.244999,32.076027,13.337887,6.0948653,13.060606,12.234471,10.894203,9.144557,9.899198,10.1837845,10.593017,3.7711596,8.087175,10.598272,9.013779,0.7679858,7.41536,7.7185936,7.9863176,-1.15605,7.2207685,0.5081094,0.28126952,0.429269,0.26844114,0.47738686,0.29472074,0.50555474,0.26130784,0.65340924,0.32094255,0.5277859,0.25820065,0.4559887,0.2754697,0.39995435,0.2910404,0.30652112,0.21776527,0.33935636,0.21584582,0.4098437,0.22979766,0.58663857,0.30985826,2966.002257865542,923.240232819083,2759.001396089093,532.1444167151208,6189.363682297709,1800.2206519858933,0.14056155742459397,0.07107613399009521,0.058365826,0.0142668905,117.45383522727273,metal.00008.wav,metal
3.6384408,23.299093,104.7562,13.8302145,-0.8330118,10.717433,55.920498,14.9207325,-29.22942,8.921357,31.247383,8.02769,-14.18906,7.857235,20.21433,7.0955887,-8.2728195,7.039791,15.177011,6.323496,-14.592084,4.7896175,15.659341,5.308656,-12.991373,4.780631,0.55835855,0.23170769,0.5471135,0.20677218,0.645723,0.2786647,0.5097207,0.2230556,0.39822134,0.18974684,0.46589938,0.23410837,0.52960294,0.24457222,0.49465865,0.24887952,0.4822285,0.22460291,0.5395201,0.23951547,0.5471441,0.23731704,0.6058276,0.2868629,2250.828320968762,310.9224425660175,2390.0458819742744,160.7566431361944,5112.253876794519,501.1725632764777,0.09464725928074245,0.0235611867699991,0.3126573,0.032386605,112.34714673913044,metal.00009.wav,metal
-58.747177,22.206089,70.53281,16.13644,-19.41459,10.555359,73.5974,15.021586,-27.754702,12.702663,23.767187,8.358071,-17.899994,7.568697,21.221153,9.71504,-16.954805,7.7646675,16.129747,6.8305097,-15.227396,5.5535264,14.870985,4.8901057,-18.699234,5.390232,0.5420016,0.23555796,0.50382966,0.25355306,0.50523347,0.2368906,0.48580927,0.22043338,0.49237376,0.22557428,0.5012276,0.21925844,0.6155633,0.2567653,0.637841,0.26717076,0.56978303,0.23591948,0.5520944,0.2451376,0.54141825,0.23053168,0.55598384,0.26174265,3048.9220500098186,336.1674135118778,2358.945156910617,171.300972600418,5663.032577762471,575.3744103107446,0.19649222979505027,0.04311500637261299,0.11807427,0.012363078,184.5703125,metal.00010.wav,metal
8.767137,13.239655,82.828575,10.7874365,-30.575233,9.746352,66.71375,8.003094,-16.364315,8.630982,16.565092,6.078431,-10.755587,5.872246,29.541245,6.28007,-25.093517,5.086253,16.819788,4.755497,-11.389716,5.0604434,12.785203,4.6636457,-13.344586,4.598373,0.40858653,0.2115559,0.42784086,0.23418218,0.4376279,0.21604268,0.57625854,0.28696486,0.5699747,0.26131403,0.51897025,0.23788632,0.538536,0.25358862,0.6778836,0.24825779,0.6522213,0.2582279,0.45875525,0.22351348,0.44752035,0.24745828,0.41790342,0.22704037,2699.8589074887423,209.17129646650642,2240.001110045003,122.47666011572919,5157.318724169809,402.4356264114341,0.1714403428315932,0.028531813177210735,0.23059022,0.01604987,161.4990234375,metal.00011.wav,metal
-64.16982,21.291458,74.51786,15.086618,-45.95962,11.7298765,65.874855,13.96657,-14.656126,8.708174,23.85036,9.420606,-13.76839,9.03533,37.754734,7.2100186,-10.581906,7.578587,21.380354,6.7175174,-9.340069,6.103976,17.906586,6.041746,-10.783356,5.4645014,0.6543589,0.23935077,0.6470446,0.22092886,0.6054473,0.22040538,0.5356046,0.19302544,0.6541063,0.22642359,0.6233942,0.22309469,0.5909422,0.21741086,0.6124284,0.22000735,0.61465734,0.2279954,0.5649147,0.23145856,0.53191584,0.2146153,0.62537444,0.22366008,2803.074835916438,282.55246955705724,2183.198968154454,162.55882455476976,5262.3867663319315,575.8109747628605,0.1768272972254447,0.027387937359082837,0.11425508,0.009946068,172.265625,metal.00012.wav,metal
-84.9103,30.933346,64.6441,15.276169,-36.324474,10.960239,65.36853,12.222391,-13.865839,8.2073,22.854403,7.6501713,-15.553912,8.798152,36.286213,7.7907305,-13.659294,6.598831,21.254707,6.3629785,-9.240201,5.604862,19.162218,5.1871333,-10.595865,5.287173,0.59606874,0.2061452,0.63905406,0.21430162,0.684415,0.23486806,0.5854604,0.1822133,0.6677007,0.19057378,0.7021045,0.21200536,0.63079894,0.18273364,0.67692614,0.20556933,0.6998231,0.2090422,0.6381477,0.21339747,0.57198054,0.20894161,0.5426398,0.19439346,3047.617764168932,340.93323423650463,2303.5326280385107,135.2799186201107,5735.609297962587,544.07585263917,0.20352264899941996,0.03710871277354311,0.0862796,0.012436366,135.99917763157896,metal.00013.wav,metal
-117.906,44.01114,65.43348,15.557732,-51.41982,12.656636,74.08295,12.969184,-13.754418,8.449994,25.73151,7.35582,-13.124018,7.887639,32.21793,8.2281885,-10.338713,6.0653477,21.69744,7.109477,-7.7939715,5.4559894,12.340983,7.169715,-14.446545,5.342322,0.5450292,0.24979334,0.57870394,0.24674724,0.57938075,0.2574945,0.5632209,0.22914355,0.60083693,0.2690885,0.57774264,0.21651985,0.6434813,0.25981808,0.6043499,0.24465118,0.5037363,0.23077145,0.3979994,0.21047284,0.45579356,0.22502306,0.5815911,0.2630926,2877.5418766654234,306.6417182232484,2101.3628254924083,185.25237649224502,5198.586533407048,591.4625693963658,0.18525232018561485,0.036712725299255865,0.07754347,0.015292824,151.99908088235293,metal.00014.wav,metal
-76.82907,23.03511,68.00133,15.05387,-11.254527,10.701055,76.371796,14.464226,-17.47723,11.878054,25.340322,7.774165,-17.897219,8.195556,20.36891,7.9477005,-21.4179,6.514205,14.218315,6.2130394,-15.766988,5.328668,12.519558,4.6427784,-18.503286,5.390075,0.45560333,0.2425922,0.36603367,0.20533262,0.4054218,0.23276898,0.47405738,0.26039955,0.5209505,0.28771278,0.46535063,0.21723531,0.57567686,0.2580494,0.5987389,0.28125697,0.51157254,0.25074303,0.4698045,0.25726658,0.4592585,0.23292255,0.5184349,0.27492008,2986.8439274816596,359.5511276965655,2458.8502452509774,166.1507794908311,5817.953399162558,616.4022831869146,0.16920927892981438,0.036004508263389655,0.110896595,0.0136215845,172.265625,metal.00015.wav,metal
26.65341,19.81813,79.78971,18.226175,-52.055866,15.286373,51.3199,14.228138,-16.369469,12.698432,22.018023,10.896968,-17.463215,11.217088,30.917307,10.699295,-15.998285,8.522412,16.131706,8.371865,-12.1922,6.7955008,11.308361,7.172114,-12.454751,7.0924926,0.4867024,0.24447502,0.5485914,0.2707696,0.5200739,0.26033697,0.5120002,0.2430267,0.51865053,0.25135335,0.40524048,0.22723183,0.35248062,0.20401749,0.4580231,0.2333132,0.5383079,0.24733423,0.6641557,0.27891576,0.578437,0.2760862,0.43999153,0.23669079,2743.501897552695,380.5624168624385,2140.599534652953,225.36214179332848,5129.681948774652,765.4242448207136,0.1795621253866976,0.039788887383755724,0.26962695,0.042756274,92.28515625,metal.00016.wav,metal
-75.53899,22.192924,81.87488,15.382757,-22.043093,12.471913,69.874,10.846355,-11.727046,8.302977,25.740551,8.048968,-18.521591,8.055631,27.030558,6.3268223,-14.075854,7.02057,22.139402,6.520625,-12.094865,5.650559,14.948557,5.521516,-13.516832,5.482786,0.47515506,0.21130669,0.44697088,0.20569606,0.51632786,0.21732482,0.58198124,0.24640031,0.6264346,0.23983072,0.6025799,0.22183295,0.61508584,0.24640918,0.600312,0.2371342,0.58500916,0.23193042,0.60960597,0.24663489,0.666261,0.24112922,0.64821833,0.2500231,2656.9415562858653,445.3857033724787,2337.7049314689425,173.6373182825742,5327.1529124673725,734.4303676123047,0.15871519721577726,0.046895548896749434,0.11373729,0.020003317,107.666015625,metal.00017.wav,metal
-76.3725,25.720245,123.24473,27.171202,-89.86509,14.297146,76.42124,11.59763,-21.255945,11.359392,22.29254,8.425997,-13.6527815,10.697891,14.644066,8.812787,-6.308824,10.04665,9.905394,7.415184,-3.9231298,8.822251,5.3879614,7.4389586,-2.486064,6.9342318,0.5556245,0.21636014,0.7156305,0.25624642,0.63983667,0.2377794,0.5711612,0.23858713,0.51421833,0.22687829,0.45808712,0.21988563,0.44403222,0.20751297,0.5920512,0.23637198,0.67038786,0.24035567,0.5786987,0.23774509,0.4673636,0.20952618,0.45965567,0.20740356,2291.710323082219,361.1389890353074,1583.8051705155337,185.8623278479396,3886.018729154582,558.835185480461,0.18026074898491878,0.039862395423114795,0.11836017,0.011721379,99.38401442307692,metal.00018.wav,metal
-89.35648,56.120773,82.35881,19.3896,-23.250645,14.497831,68.10648,11.809132,-13.075439,9.147984,22.44569,9.610806,-18.51355,7.8987722,26.229427,7.1316695,-14.34578,7.474205,21.501032,6.599628,-13.874236,6.0624766,12.476177,5.959352,-14.113441,5.290072,0.45920548,0.22883521,0.45798042,0.23506656,0.49377376,0.22774503,0.54735565,0.254442,0.5886267,0.24399655,0.5684955,0.2262145,0.60833037,0.26888406,0.5921131,0.254874,0.54728603,0.23594186,0.55050886,0.227021,0.64761215,0.25806293,0.60194016,0.24957576,2699.3192596794,463.39261432914833,2324.2361798620072,238.2320062503798,5384.857899960121,874.4624487205995,0.16142736731438515,0.04752302075369126,0.10085118,0.031066693,112.34714673913044,metal.00019.wav,metal
-75.01482,35.69094,81.182755,17.250065,-20.20419,10.449697,68.30383,9.80954,-11.353894,7.8935523,23.65647,8.381021,-19.828419,7.594427,24.192091,5.8665442,-13.164455,6.544258,22.281841,6.7595544,-11.552501,6.6855817,13.55542,5.739281,-15.050375,5.3613744,0.40118527,0.21847898,0.40652892,0.24366693,0.44945684,0.2606192,0.45470166,0.24969383,0.4789335,0.24339801,0.48735836,0.23687409,0.60261947,0.28739715,0.571433,0.27585202,0.5524834,0.291465,0.53122574,0.29726034,0.5052795,0.24474844,0.51088625,0.29458368,2657.9674957731663,434.8715950090925,2345.6871620289253,180.86688409433916,5358.286959831787,769.2497517654244,0.15234903688128384,0.045529884836894144,0.11726673,0.029431414,99.38401442307692,metal.00020.wav,metal
-76.301384,24.931091,61.76604,14.262635,-37.113945,12.12001,62.4425,10.549547,-14.826138,8.563995,34.56099,8.038545,-11.486592,9.272874,30.955881,5.88892,-12.274118,7.5062847,22.304583,6.4269447,-7.5076523,6.869626,17.840624,5.383051,-11.123554,5.882749,0.57283664,0.28480947,0.4914616,0.23668858,0.5084932,0.27500832,0.5166611,0.23618805,0.58840865,0.26845193,0.48323274,0.22338061,0.5038366,0.22517356,0.5717191,0.27710155,0.5299808,0.24829274,0.46871927,0.23157687,0.49648666,0.24763575,0.57528347,0.3039266,3046.6375964393765,400.42481393070574,2324.274183051299,159.19971743483572,5734.984785110933,615.0638236539723,0.19154597471964424,0.050823709076731324,0.10841584,0.028498245,107.666015625,metal.00021.wav,metal
-45.855606,30.282906,107.999084,12.589462,-11.737645,11.864676,66.32688,8.901269,-30.206825,8.056507,9.242658,10.522009,-25.778023,7.0054183,21.871576,6.924018,-17.935884,5.6901083,10.272775,6.6300707,-14.112474,6.179669,18.74616,5.560234,-14.23165,5.407727,0.25886342,0.19122602,0.39178112,0.3088258,0.31780708,0.26173863,0.39597684,0.24883838,0.6101874,0.32075998,0.3188948,0.19723639,0.24973136,0.23762956,0.2560213,0.17955482,0.43996406,0.24904494,0.6745205,0.32595164,0.30705598,0.16779259,0.21916597,0.1927076,2218.825904089443,302.0183346208734,2226.274893920304,135.49486293431445,4780.271171693736,494.1534999241385,0.10695209783449343,0.03213602950154624,0.19874765,0.051170025,135.99917763157896,metal.00022.wav,metal
-43.79751,29.621021,82.774704,15.511399,-29.60919,16.034773,70.39718,11.36163,-21.588846,7.366074,31.144142,8.138267,2.0903714,8.49184,28.873163,6.480193,-2.6873274,8.182459,19.882483,6.117042,-6.9340773,6.1240387,19.120056,5.984437,-7.368736,5.462038,0.6527074,0.3040939,0.55936086,0.24282825,0.5546223,0.22616038,0.5497828,0.27580112,0.54831725,0.27570873,0.5142402,0.29678503,0.44479728,0.22819369,0.5446653,0.25483295,0.5411096,0.25523713,0.4099563,0.21691927,0.46254414,0.25130746,0.54596615,0.21399732,2575.3453604073156,379.3128765073234,2237.060875903496,236.36798257706297,5056.738847701567,651.6652710377552,0.131706408908546,0.041649221050623596,0.19521451,0.0357319,143.5546875,metal.00023.wav,metal
-16.719742,17.05732,94.1185,16.912237,-32.79254,14.348632,61.47652,13.805249,-10.095501,7.3338847,34.224144,8.240921,-11.96456,8.559894,28.192856,7.1094356,-15.318691,7.386363,19.325191,7.5505395,-8.285293,7.0044804,17.9421,6.358662,-7.449494,6.93034,0.49326026,0.28180927,0.40114567,0.23593652,0.4649271,0.27034885,0.45234376,0.2496564,0.48980096,0.3148067,0.48030666,0.25594983,0.60395163,0.27928346,0.52344406,0.28216958,0.4109831,0.2347888,0.39529523,0.23403808,0.43696922,0.2269431,0.5923222,0.29147825,2410.8778425688492,459.3895475932509,2227.683409308153,256.995206785297,4950.005437935035,876.5463328055855,0.12828881779292342,0.04233163393996194,0.23133783,0.028687568,112.34714673913044,metal.00024.wav,metal
-120.14749,44.287224,91.317215,22.181261,-38.84589,23.497639,75.0084,14.564473,-3.8132598,10.18963,22.665588,10.347978,-8.11944,9.210694,23.6549,8.198387,-14.6307745,6.6181164,13.3709755,8.076797,-9.403306,6.7210083,13.706296,5.65034,-9.315235,6.3368764,0.42056102,0.2533913,0.3527196,0.23393434,0.4387291,0.26148486,0.5885036,0.21877286,0.8091062,0.24428047,0.5401576,0.20937584,0.33613604,0.19575031,0.36831328,0.2518891,0.4003016,0.24141553,0.3801193,0.23914187,0.42549807,0.23747559,0.5268692,0.3155682,2384.6349581046015,517.7032053307282,2072.7598996233983,343.66291674185635,4584.132502084542,1070.2912138674226,0.12607323690061872,0.04494016461412032,0.10041095,0.022300767,135.99917763157896,metal.00025.wav,metal
-61.545593,23.167921,71.761055,11.985168,-46.299236,10.033136,75.412506,9.270062,-18.5159,6.9679103,35.931072,6.800966,-12.677866,5.835352,28.369665,5.260482,-9.348156,6.7759147,14.502805,6.347292,-4.2636037,7.077092,11.863775,5.9112887,-16.02711,6.991761,0.3756805,0.26588503,0.40471652,0.22760949,0.58910537,0.28489247,0.53650695,0.25228482,0.52797806,0.29136765,0.41500723,0.23906834,0.47379452,0.24774575,0.6074027,0.24217673,0.6199873,0.29128322,0.5177178,0.2435105,0.3564186,0.19500811,0.3913853,0.2528918,2870.915156290069,250.14379767017283,2126.853907874827,150.21268160323623,5186.379388866734,319.3093226659901,0.1981458907337587,0.04321896959880045,0.13815899,0.022572475,129.19921875,metal.00026.wav,metal
-36.520527,27.472982,94.80008,12.37956,-36.593456,9.7714405,54.99104,10.930657,-8.216152,10.330609,29.664177,7.7373343,-13.687591,7.8191223,28.703135,7.132937,-11.987736,6.793022,19.361517,6.10271,-15.656161,5.7295184,13.932657,5.27356,-11.961838,5.435385,0.42405012,0.24465087,0.396021,0.26185665,0.42175084,0.2656974,0.4781723,0.29909295,0.45384595,0.2391433,0.48561454,0.2939503,0.40059784,0.24125302,0.38893718,0.21063599,0.56724244,0.28292048,0.62437385,0.2717495,0.5928163,0.2799484,0.4659339,0.25104228,2398.182089992334,280.9647777859019,2218.778826799505,154.97388522937356,4866.162505891096,609.8470571117641,0.1282435016676334,0.028503571918011637,0.16501737,0.030448606,129.19921875,metal.00027.wav,metal
-28.094532,13.531387,84.013565,14.139665,-43.699223,13.267133,47.963398,8.369127,-22.446869,7.220466,19.900108,6.4551787,-25.177614,7.8093166,24.78486,5.8542547,-13.102411,5.772643,24.660822,6.6498632,-16.40272,5.6296244,17.5464,5.284432,-15.407458,5.5643535,0.43552318,0.26123133,0.47493574,0.24483722,0.3989549,0.18863524,0.56876695,0.29197523,0.51687557,0.26041773,0.53121924,0.26458183,0.52430433,0.28190488,0.441098,0.23611715,0.48550224,0.26494128,0.45264512,0.23959816,0.57747686,0.29351956,0.36562663,0.1930012,2789.433630096567,376.52475411382716,2247.7305241458034,206.12533988233884,5346.429542488399,797.8856626858975,0.17988877912316317,0.03632324386685263,0.14405736,0.015962785,135.99917763157896,metal.00028.wav,metal
-103.65423,36.770554,73.85045,17.631395,-16.147516,13.693809,53.16935,12.721792,-25.08461,12.9039345,33.998917,12.027451,-13.661814,10.106185,25.987873,9.533477,-18.908802,8.006382,18.671436,7.3694243,-12.789649,6.892193,9.549379,5.655642,-16.15425,6.871813,0.42512587,0.30050334,0.35279313,0.2391027,0.41085288,0.27066365,0.4405082,0.3048983,0.45317292,0.24749863,0.5824545,0.31991616,0.45149127,0.23630705,0.47096106,0.28005797,0.45391062,0.29221404,0.46286443,0.28035888,0.4222177,0.29231465,0.36582395,0.23770905,2954.987188644721,507.05706057163786,2478.2750494604347,174.52199873328905,5928.192407736369,668.0152840754254,0.16328041920436967,0.05786371597781048,0.08897911,0.020738954,123.046875,metal.00029.wav,metal
-77.4267,34.489357,130.8787,22.58332,-23.27522,14.68448,61.981148,7.60363,0.90219665,8.951381,30.512102,6.924623,-8.751037,6.9454026,19.438396,7.0478425,-2.2219026,6.4087358,13.104674,6.8326216,-3.2966616,7.122356,8.926949,5.6072106,-8.95898,6.4438004,0.623537,0.27174637,0.5055273,0.23389146,0.41113895,0.23953639,0.40831453,0.20121348,0.6965047,0.27843451,0.5391123,0.26589566,0.32059157,0.18969649,0.33001238,0.24496943,0.36274514,0.19641551,0.39845458,0.26653636,0.39112887,0.21994013,0.56219095,0.2591396,1525.819725147997,451.0230617887811,1868.5738336093327,369.7930243834728,3501.193909965922,1153.9833095526064,0.051180787171307036,0.0175369160662751,0.23018019,0.04299165,129.19921875,metal.00030.wav,metal
-12.502043,28.284815,91.31737,14.803431,-23.075956,12.767275,50.965084,12.813612,-12.095052,9.818116,30.911148,7.31283,-14.991018,10.504485,23.05281,7.280333,-14.263137,8.101914,23.069014,8.500539,-17.673542,7.2493997,13.15619,6.399751,-15.185923,7.396719,0.37966272,0.2635216,0.43894827,0.30069813,0.4545757,0.2113277,0.59057635,0.29996634,0.41464213,0.22745007,0.33397672,0.21313913,0.3411254,0.22000243,0.41483948,0.2411757,0.60712814,0.33154905,0.48286143,0.22377835,0.49867827,0.3089443,0.39947,0.24971004,2566.91858339228,408.5393918432838,2408.7330633112547,199.5003130437024,5444.63627012036,760.1784263506541,0.1251472774071926,0.042530962241625156,0.22039165,0.03951752,135.99917763157896,metal.00031.wav,metal
-61.91036,46.21165,93.01313,17.94134,-39.94318,16.99719,56.141373,9.597236,-19.668213,7.355426,23.387537,8.863759,-7.6445403,10.171211,17.707832,6.958042,-19.321178,8.312979,17.783268,5.8948298,-13.084654,6.934155,14.295796,6.334646,-13.077747,6.5848837,0.4025946,0.2767303,0.3521651,0.22511227,0.5133054,0.30427814,0.46014234,0.23487136,0.59675497,0.3174892,0.456138,0.27552906,0.43851367,0.24526198,0.47699243,0.30150697,0.39406443,0.21703988,0.3963135,0.26025087,0.32907423,0.20788443,0.42280832,0.29771367,2502.977404109766,440.95481964794124,2134.296301191332,276.22844582042444,4762.87640706569,935.7603110277914,0.1481127344354215,0.03939033181826767,0.13645852,0.03179286,117.45383522727273,metal.00032.wav,metal
-35.695076,44.046616,115.43363,28.121494,-40.62704,14.450768,75.3601,10.159843,-12.551094,10.050409,21.83495,8.674857,1.8066261,11.665249,15.609134,8.776164,-0.17512883,8.474501,10.240898,6.0617185,-11.757829,5.077722,15.40356,5.4756374,-12.46797,4.7686625,0.52430975,0.2586568,0.3749784,0.21830013,0.43477365,0.23289783,0.5624872,0.2194024,0.7018154,0.2929391,0.53658324,0.22433797,0.28035548,0.17175251,0.28061274,0.18617956,0.3835242,0.2525506,0.4232083,0.27058935,0.5765818,0.2865061,0.686084,0.28310677,2030.4879168259463,568.8012407875884,1929.8624210255596,296.22292602106063,4224.296523800029,830.2561003275558,0.09999833840873937,0.04785498325393218,0.25668892,0.035449564,123.046875,metal.00033.wav,metal
-104.72376,53.595074,87.753716,28.222826,-33.24886,19.093422,48.474255,20.414082,-28.912521,12.769531,22.514238,11.379765,-24.98013,10.90639,20.53738,9.640281,-12.0629835,9.021979,18.249126,9.878874,-15.186173,7.902676,10.295276,8.024474,-13.891189,9.507003,0.37174633,0.2363366,0.27363914,0.20423196,0.33468547,0.2858827,0.32051194,0.21198784,0.4581768,0.31960043,0.3925648,0.24480212,0.46199733,0.29573688,0.4848106,0.33428404,0.40107816,0.27604595,0.40894386,0.31060505,0.42618382,0.26662183,0.54923767,0.3221612,2707.018738290395,664.7472171833641,2234.822828310659,267.9192440041249,5291.122684345998,991.331026503048,0.16082730628866976,0.05771541484334453,0.09046083,0.024823051,161.4990234375,metal.00034.wav,metal
13.4749975,43.551605,78.02255,18.59022,-32.99472,20.106918,55.53537,10.798009,-9.96921,7.6246767,35.403954,8.880351,-17.637697,9.196228,29.051128,8.496674,-11.246763,8.462483,14.006471,9.28434,-10.087249,7.0825653,16.530064,8.6622,-8.482169,5.8222737,0.5768528,0.20241389,0.806371,0.22462553,0.68667036,0.21516265,0.53425145,0.24684596,0.4417083,0.25436503,0.36703992,0.22811949,0.31726834,0.20251629,0.40981188,0.23251522,0.5748466,0.2807659,0.49337813,0.24757653,0.37537104,0.22811066,0.43446845,0.22659644,2836.9908685116243,490.985927583335,2339.3829884951156,290.56850197493407,5615.31146905815,850.2066170791585,0.16275324161349575,0.056546660512299986,0.27069268,0.062471405,117.45383522727273,metal.00035.wav,metal
-71.29067,26.954094,82.33942,16.420532,-30.162804,13.307015,56.456177,10.632819,-10.86737,9.355073,26.810652,7.825206,-15.801576,7.9938717,25.331217,6.4759583,-15.626408,6.8142967,17.750357,7.5420337,-13.054565,7.116008,14.61381,6.203451,-14.269172,6.9007344,0.4490848,0.24825579,0.45129615,0.24354534,0.4824569,0.23798281,0.5703798,0.26319563,0.59238976,0.2707202,0.5793036,0.28837514,0.54434544,0.27343512,0.5288911,0.26300368,0.55806035,0.27112445,0.5137303,0.25474164,0.5125854,0.28064543,0.4463715,0.23773004,2685.678092352649,421.5657782303923,2317.5797699315112,185.90243082205882,5331.258043612239,737.6638978992596,0.16043343363302398,0.048916791083947364,0.112159654,0.028813427,143.5546875,metal.00036.wav,metal
-79.10418,18.205381,106.81736,14.802052,-38.745987,11.623702,39.85337,7.9742165,-26.75446,6.687713,32.47149,6.096837,-15.025887,7.8419557,29.70176,6.584119,-11.370745,6.7570295,13.771314,6.7736754,-14.506494,7.021432,16.162413,6.7414894,-3.0711157,7.907435,0.4224873,0.26562694,0.59223485,0.3111595,0.47538918,0.2702076,0.56279826,0.31617475,0.40876222,0.2774334,0.32888466,0.2582254,0.34156036,0.28170565,0.3057387,0.22313872,0.3306551,0.27400818,0.2578255,0.19794688,0.33621737,0.2490668,0.38821247,0.28239727,2292.549786686798,419.22369085143714,2149.440749324474,210.69604346339295,4820.373223607889,749.084940274661,0.12360086463167054,0.04135149659161592,0.11196359,0.018173711,135.99917763157896,metal.00037.wav,metal
-122.13073,105.78735,62.294144,26.522497,-34.455505,24.036352,75.62576,15.552321,6.265152,13.015842,22.035965,18.912235,-10.951549,9.99734,23.228693,17.3897,-12.286277,9.239232,5.607922,15.694135,-6.9927683,7.604905,5.608427,11.9766655,-14.394314,6.957432,0.40166825,0.27883723,0.46631762,0.26136068,0.54706323,0.29778355,0.5729192,0.25824004,0.6277728,0.29792842,0.58534724,0.29354843,0.43791243,0.2770015,0.39555,0.29133657,0.40918395,0.30441925,0.410873,0.29512912,0.4040433,0.2972647,0.39082482,0.27198303,2690.7078061431353,690.9753339099589,2118.809583006877,435.8643789361035,5088.622310487964,1297.3162676175123,0.14825774603634959,0.05907285771641522,0.14582604,0.08354851,95.703125,metal.00038.wav,metal
-99.87088,61.934223,102.13179,25.927307,-23.61975,11.67138,63.055237,15.88398,-8.763341,17.634573,30.725077,11.106139,-9.637298,9.02347,14.158516,7.385675,0.38010976,7.5769343,13.219311,6.1354094,-10.086185,8.920138,9.18603,7.0260334,-4.92889,6.1535597,0.20818445,0.18483016,0.19662759,0.19126539,0.32316747,0.24093637,0.5476414,0.31907964,0.47074825,0.31180063,0.27893707,0.2489797,0.2589225,0.15785089,0.3888775,0.23297873,0.6511043,0.3450124,0.5062343,0.27100283,0.3876923,0.2329146,0.33451945,0.28261757,2098.946281494044,576.810533271649,2062.9067794559082,368.168493109265,4449.612433838457,1079.7841092126935,0.08823464991782676,0.040243886831809385,0.15425298,0.05814014,117.45383522727273,metal.00039.wav,metal
-74.115265,28.257456,80.08523,16.875692,-46.961487,15.45323,51.019073,9.28133,-9.135112,8.111282,31.777958,9.434344,-6.3894787,9.968635,24.861723,6.813839,-19.146336,7.965618,20.790165,6.7883115,-11.678598,6.803257,13.847807,5.681518,-16.471899,5.9340715,0.41923457,0.26762313,0.3808091,0.23957634,0.41115612,0.25405848,0.50963503,0.25565436,0.6751263,0.28010106,0.5767157,0.2624458,0.48194832,0.2448023,0.541519,0.26978025,0.54629564,0.24648201,0.61966157,0.2957322,0.52893335,0.2617439,0.41932544,0.23878536,2710.685063554155,459.5241139681392,2194.85859517659,242.11569881389286,5083.10161687935,916.9406178084183,0.1665242985063805,0.04640986940326345,0.10457902,0.023879237,107.666015625,metal.00040.wav,metal
-100.42342,36.40889,104.69321,19.851645,-57.254005,18.144213,56.57685,10.628022,-5.5556517,9.672945,22.83327,10.063177,-6.1715164,10.502526,23.097109,8.875166,-19.071959,7.080331,17.795355,7.216157,-13.782983,6.9337864,9.962791,7.0727825,-14.858659,6.9911838,0.44213018,0.28587136,0.39692965,0.23764816,0.43441162,0.25805855,0.49933264,0.25454578,0.55878,0.3178508,0.41302985,0.24036948,0.45349,0.27498895,0.4904704,0.28232124,0.49833208,0.27402937,0.51498574,0.3109114,0.37017635,0.22478046,0.4124355,0.26811007,2269.1618713103626,368.4677517014499,1928.9447572525814,297.4026052715083,4186.5592938841355,852.3293333379559,0.1373478888727765,0.03292696822281734,0.09754965,0.019055724,117.45383522727273,metal.00041.wav,metal
-93.58541,26.495493,89.861046,15.32094,-55.879726,12.486217,51.63358,7.457353,-5.5666103,8.193066,28.788872,8.475626,-13.892081,7.5582275,27.35178,7.4280424,-15.314688,7.810175,22.830261,6.7274365,-12.409005,6.305749,9.700516,5.8381534,-19.727627,6.0336237,0.35061496,0.24067558,0.33738753,0.24152456,0.3257418,0.23086719,0.39420184,0.24651504,0.57211167,0.31785008,0.44505566,0.2670286,0.3489611,0.24729483,0.4186281,0.26555794,0.6007183,0.30719486,0.6407778,0.2776866,0.4436192,0.27360114,0.36264795,0.25258994,2464.2908932653336,352.16187481582455,2037.687557797889,230.18910902268001,4549.026552983613,848.090240053983,0.15186113326566125,0.03145413156505006,0.09362837,0.019680485,129.19921875,metal.00042.wav,metal
-110.88208,66.35849,83.1775,24.670923,-45.262383,29.895771,56.575737,13.142128,-7.4917903,13.60744,19.974426,11.356981,-13.3807125,12.882391,21.210558,9.244018,-15.712456,9.536337,18.088774,7.452328,-18.111538,6.660867,12.935683,6.221941,-17.24048,7.876339,0.39109033,0.25688368,0.43311518,0.28201216,0.37341675,0.24941294,0.42017028,0.27757624,0.5013427,0.30468678,0.4846666,0.30447185,0.4879059,0.31145087,0.42244354,0.2568951,0.47760707,0.30817893,0.46705744,0.2937357,0.394812,0.25428528,0.40582153,0.28548825,2683.2329169635404,588.2531726096661,2126.6960341043696,409.6419638660965,4972.29638332004,1244.4424841189502,0.17726459783449341,0.06290733665300774,0.09044641,0.03339086,95.703125,metal.00043.wav,metal
-86.23198,29.731163,76.77148,19.645472,-42.36282,16.93099,53.992195,9.838442,-8.330779,8.778042,29.406782,9.1131935,-7.8969393,10.099392,26.659845,7.481748,-14.230666,8.916457,18.45901,6.750031,-17.954203,6.4084687,9.866014,5.723614,-19.030064,6.1607933,0.43202695,0.2754899,0.35457334,0.21661855,0.4269157,0.26435372,0.43088356,0.22745973,0.4870624,0.2809871,0.49123994,0.27990174,0.4814715,0.26193726,0.529646,0.29536846,0.5552486,0.26439947,0.570799,0.29312962,0.4061335,0.2185085,0.47116327,0.2722167,2760.0463294776246,462.65335664444365,2242.641755824689,277.45873998939015,5259.580621918503,985.9546387470085,0.17120583188321734,0.04079768039652054,0.095366985,0.024273876,117.45383522727273,metal.00044.wav,metal
-135.4813,75.94745,93.3442,26.918299,-43.302967,26.66879,59.231857,14.953636,-8.52645,11.597241,20.959759,11.748032,-6.542696,12.6002035,21.902744,9.662101,-18.983,9.035421,17.052896,8.623768,-15.888565,8.643665,11.074282,6.8409543,-18.491041,7.7152457,0.3805528,0.27842116,0.41361013,0.25364256,0.4398274,0.28742653,0.45583454,0.25507218,0.52828693,0.33184645,0.40460408,0.2657607,0.39771396,0.25028065,0.49244335,0.34837237,0.41864878,0.21833584,0.4784534,0.32636145,0.3570344,0.21943606,0.3974577,0.2983384,2390.3250702324603,605.5155954824461,2027.623777033118,345.2225873790962,4449.812277950986,1112.3705535713516,0.14432166292053364,0.06216144067691942,0.08802084,0.031595845,61.5234375,metal.00045.wav,metal
0.36834213,18.338655,79.70758,13.59791,-30.644737,10.347801,61.06426,9.799486,-17.460552,7.1589637,26.701656,7.7951927,-21.24414,6.9779787,22.358158,5.5116096,-13.016821,6.185865,17.87094,5.6764235,-13.373003,5.3494115,19.25502,5.3874288,-10.970987,5.2878447,0.5259749,0.2683221,0.5039817,0.2669113,0.50017613,0.2590156,0.46169668,0.26962397,0.43768635,0.24792872,0.489427,0.2833581,0.4083259,0.25339147,0.43598455,0.28115547,0.4379609,0.26896176,0.4651998,0.26459923,0.59250784,0.30299637,0.52975154,0.26602295,2795.3269859130346,309.22948980402793,2321.701947416382,168.45453097301277,5455.111432352088,546.7309237266304,0.16367995637567673,0.03066587318478679,0.21236151,0.023806253,117.45383522727273,metal.00046.wav,metal
-1.9132978,21.859123,72.68616,17.47572,-32.791992,15.581608,63.605476,10.5568495,-18.55635,8.347109,25.870161,8.000425,-13.8591,8.903178,18.078884,7.457137,-11.946615,7.3739066,19.672184,6.8718047,-13.95425,6.721302,18.755697,7.2310796,-11.187991,6.247564,0.45681033,0.2869798,0.5573739,0.28055784,0.6806556,0.3128627,0.52619076,0.27017632,0.40636528,0.25583133,0.41732848,0.30450305,0.3674323,0.26924378,0.33464673,0.2381864,0.36530825,0.24953832,0.4236894,0.27322137,0.31157184,0.20619667,0.32661164,0.22004482,2908.3001309605806,392.18877820883785,2286.2525915644214,246.3347012325459,5405.816551261601,789.4760953243244,0.1781082330336427,0.041936889118408795,0.21747482,0.035081506,103.359375,metal.00047.wav,metal
9.593644,20.744894,76.35295,12.51409,-31.271177,11.983335,56.885223,10.658346,-20.743324,9.098471,27.245623,7.840973,-16.636316,7.9933825,19.367924,7.3914404,-13.913679,6.9136677,19.664997,6.4608407,-16.060602,6.399623,17.488628,6.702689,-12.95419,5.799221,0.52189523,0.21780066,0.7678085,0.26934072,0.52000034,0.21114069,0.404057,0.20733953,0.42505935,0.26045325,0.4369699,0.23396304,0.4094222,0.25218597,0.43502423,0.20876755,0.6009146,0.27004188,0.42598915,0.21931496,0.35452333,0.19051272,0.422699,0.22277106,2889.070230029977,289.3092765097275,2337.44295794068,199.45092829533266,5484.788283062645,630.4278724523208,0.1765742821925754,0.027865310514246712,0.22439936,0.03204298,107.666015625,metal.00048.wav,metal
10.019839,16.03924,74.12789,12.820652,-32.235733,13.100209,62.768585,10.075116,-23.328833,7.785679,30.029894,7.85411,-14.879809,7.8018436,20.1592,6.3619795,-12.146163,6.342787,19.189724,6.3439236,-14.9750185,6.0589194,18.799034,6.627307,-12.281959,5.5450625,0.52852356,0.24885026,0.6113493,0.23601262,0.510249,0.24571972,0.42314866,0.19913809,0.54956913,0.25538912,0.4273473,0.22144003,0.41918775,0.21398078,0.53011453,0.25909528,0.6099559,0.25513956,0.6628933,0.28689903,0.51453894,0.24136546,0.5064225,0.22466238,2980.0365062158285,294.867383739171,2297.4097538606256,191.38611776804723,5461.947766368185,591.4146313398115,0.19398775860402165,0.02763425490649242,0.21749426,0.025610996,99.38401442307692,metal.00049.wav,metal
16.490421,20.423777,71.18601,13.281349,-22.352016,13.787891,60.271378,11.193179,-18.55372,9.726618,27.623323,8.226834,-12.408052,8.914147,16.954391,7.347754,-8.729571,7.821734,17.86587,7.182704,-13.46914,7.388625,18.926592,7.0790114,-11.023099,6.813986,0.54433525,0.26883134,0.63443965,0.25714117,0.5767461,0.2753011,0.45099765,0.22924864,0.4894587,0.25524214,0.37228367,0.21436977,0.3759647,0.22680289,0.45733425,0.25661045,0.5460197,0.27238795,0.62577605,0.30956098,0.48120838,0.2436176,0.47334912,0.23422676,2986.810443330355,324.8356286463279,2408.5889201598466,238.22672524233093,5628.376277914733,720.1560863403499,0.1774496386794277,0.02942379461557521,0.24894612,0.035910018,112.34714673913044,metal.00050.wav,metal
9.602478,21.417439,54.68124,16.085833,-21.033062,14.861839,60.16367,12.207035,-21.077375,9.330629,32.14224,9.025369,-15.838814,8.46945,21.44647,8.615251,-8.722074,6.9656878,19.363522,8.657087,-12.378998,6.6055307,19.74797,8.260415,-10.804131,6.995261,0.5936176,0.26571658,0.6893788,0.25754574,0.6243606,0.27751136,0.4919543,0.2423319,0.44348428,0.23594974,0.37039256,0.190174,0.45161358,0.24178416,0.54186606,0.299599,0.52387404,0.2739021,0.52863747,0.26282734,0.4416992,0.22932947,0.49971554,0.26528418,3400.8644228665357,426.15875254418677,2458.5508972723046,221.87155506468366,6163.292352450696,690.4712493892127,0.22838043189288476,0.0488136157904282,0.22616892,0.035454314,107.666015625,metal.00051.wav,metal
4.0256367,45.694504,83.2709,22.843939,-37.250732,20.766972,62.33895,16.567198,-14.855973,11.988161,23.411692,10.065675,-10.471727,9.815024,16.797787,9.15858,-7.959584,8.934918,16.292543,8.291931,-11.260961,7.3472795,13.323189,7.406792,-7.821479,6.7561913,0.5368114,0.2692508,0.52656287,0.24123375,0.498753,0.25538465,0.45020738,0.22687064,0.53854424,0.26915392,0.48231226,0.24842028,0.5010239,0.25777066,0.57969415,0.2719927,0.61496973,0.28692883,0.6405616,0.28324372,0.52515686,0.23938994,0.51184016,0.24304968,2716.919668513006,508.76448929028334,2208.808841746225,355.69114508600404,5123.145380927349,1015.1845156719439,0.16219169929427688,0.045523123819062095,0.23981513,0.052553825,161.4990234375,metal.00052.wav,metal
4.921885,18.47963,75.08444,13.09108,-24.7378,12.918001,57.01522,10.718104,-21.784542,8.848116,26.046984,8.290313,-12.561588,8.438509,17.442467,6.761643,-10.24161,7.4217577,18.605198,6.4942093,-13.02789,7.13079,18.950468,6.401495,-9.700774,6.5936747,0.5137204,0.27478173,0.5911529,0.28392503,0.48063415,0.28197882,0.42483333,0.23910892,0.5338246,0.28764158,0.3745015,0.2163752,0.36653358,0.21957476,0.46494406,0.26577318,0.54846126,0.28888363,0.6287442,0.32320765,0.5006165,0.26607656,0.4863658,0.26311776,2906.6272868814203,345.0158529526865,2374.528030477664,216.16712974871905,5518.770109030597,667.8212416757228,0.1725668261794277,0.034335195082903634,0.22736318,0.04450197,123.046875,metal.00053.wav,metal
1.160123,18.551308,66.66129,13.858808,-23.696735,12.915288,60.959904,9.744274,-18.879902,7.956072,29.750109,8.294915,-17.541328,8.056752,21.03256,6.752879,-11.1868925,6.8977714,18.81291,6.8517995,-13.0625515,6.162123,19.95668,6.4023333,-10.566299,5.5779624,0.5804813,0.27348056,0.6014361,0.27391428,0.5336801,0.23896387,0.5431554,0.26163492,0.4326577,0.2348875,0.4034094,0.22942707,0.4556741,0.25678852,0.52273726,0.2804753,0.5972146,0.31128567,0.52111447,0.27441907,0.46696222,0.25197524,0.4659084,0.25042462,3113.773135146241,397.059560997206,2411.5633343766262,192.47419187888994,5829.252918358468,680.5175062779084,0.19571807932134572,0.04078747000302578,0.20701885,0.027321395,123.046875,metal.00054.wav,metal
10.451379,21.988497,63.716393,13.354406,-28.423779,14.2256365,62.608288,12.582198,-19.60048,9.558373,28.830822,8.557984,-15.230641,8.083656,19.305824,7.916954,-10.698309,7.240525,18.866392,7.706274,-12.708805,6.594942,18.040703,7.474423,-10.8341875,6.6576924,0.58169013,0.26831052,0.552263,0.25083917,0.5127702,0.27035454,0.44829023,0.24365604,0.4020687,0.24326523,0.42684713,0.25320768,0.529992,0.27587214,0.44444564,0.24650426,0.45020568,0.2650547,0.47639474,0.25463733,0.51925606,0.2519682,0.646766,0.3195082,3108.521763898349,327.97200064135137,2361.478698580192,215.7637172648478,5699.254323158352,635.5476296005951,0.19684040869102862,0.03366792571270223,0.23246978,0.033568606,172.265625,metal.00055.wav,metal
11.953703,19.996758,69.42064,14.216558,-23.265295,14.234757,60.70008,11.085829,-20.82187,9.094072,25.098858,7.8842483,-16.187572,7.8470607,15.548446,8.193402,-10.504553,7.455645,18.777107,8.023688,-13.392752,6.5665417,17.374575,7.1308503,-11.054032,6.0192614,0.52224255,0.30309126,0.55425936,0.31774616,0.45940545,0.284662,0.41253015,0.26304957,0.42611617,0.2961198,0.38940096,0.2358939,0.46231663,0.3025511,0.43395844,0.266458,0.47292238,0.30193922,0.45416528,0.28907165,0.44657898,0.266339,0.52839464,0.3169679,3010.922425177517,352.3088055141974,2386.811909566227,220.98581034803058,5633.4556491081785,692.2603913132458,0.17930646691318639,0.03496853034648471,0.24282901,0.03690191,107.666015625,metal.00056.wav,metal
-24.984938,38.927258,77.5327,20.69344,-30.377949,17.955761,68.362,12.962579,-6.511033,9.393268,24.695713,8.517109,-9.807751,10.425792,19.519594,8.653951,-11.459886,8.290799,18.600407,7.5753193,-14.158085,6.794877,14.448771,7.2497196,-5.925431,7.2781615,0.64560515,0.26695955,0.55749863,0.2500101,0.48880994,0.2712326,0.4063221,0.25118506,0.35819164,0.23877543,0.32757685,0.21148488,0.44243908,0.2580093,0.45261443,0.2491569,0.47794378,0.28202936,0.48693904,0.2738162,0.52346784,0.22918917,0.68250436,0.29305622,2718.6937188160364,494.7790686780796,2271.302364275169,312.5671994255642,5228.837935941126,996.8643771754655,0.1437182031854215,0.04157170288233437,0.20710793,0.03835219,129.19921875,metal.00057.wav,metal
-15.672693,18.379904,100.08496,13.60146,-37.59761,13.12484,45.951027,11.246929,-20.771992,9.328401,25.640266,7.3254404,-18.628998,7.0955997,26.507004,5.891162,-20.164482,7.1221924,21.119764,6.667686,-13.650189,5.9608345,10.966076,6.726739,-15.529785,6.183511,0.3754261,0.26048088,0.379758,0.25745302,0.4606219,0.26741958,0.4122034,0.24095397,0.47891322,0.2805586,0.5263029,0.3045998,0.45215976,0.24629833,0.57736003,0.3003098,0.55053276,0.28241923,0.50354457,0.290905,0.44408855,0.29095912,0.37679777,0.25095773,2459.520891914009,359.5902881443431,2221.3730531280544,208.73250292116094,5024.347447795823,801.3383720677846,0.1428334058391338,0.03406077012470275,0.18441163,0.03200333,143.5546875,metal.00058.wav,metal
-15.625049,18.98369,99.14236,12.807844,-45.630253,11.643777,55.01213,8.400993,-18.020164,5.4676332,23.897812,6.7278876,-19.600197,5.9991174,27.33792,6.3037534,-15.103914,5.5413785,18.797401,5.6358085,-16.146687,4.804185,9.214215,6.8118086,-16.21849,4.995765,0.29688475,0.19342181,0.44070384,0.24733299,0.4837421,0.30770493,0.42021653,0.2028494,0.5930987,0.28706056,0.43094286,0.21494247,0.38666707,0.24872974,0.42695117,0.26963875,0.53516513,0.23602591,0.77546066,0.26107073,0.49783257,0.22884803,0.32261443,0.19146973,2442.5042896174614,295.82353920985315,2102.881568574062,173.78902055528602,4728.594814928944,608.6318716684065,0.14982190762761022,0.03290931925767436,0.18228553,0.03007833,99.38401442307692,metal.00059.wav,metal
-58.26438,23.865458,105.85012,14.446357,-43.89204,14.064132,58.44615,6.961357,-18.43399,7.50117,27.973726,7.186551,-17.970457,6.1286874,21.04627,6.1566844,-15.554038,5.872208,13.396519,5.5672154,-15.686207,4.9704914,9.36363,5.151221,-15.3225765,5.6713376,0.45585993,0.18456598,0.49683043,0.24123487,0.54765594,0.2588419,0.519503,0.1703159,0.7384588,0.24723402,0.53071076,0.18955857,0.5248516,0.24720459,0.55123514,0.26821584,0.51310885,0.23016182,0.5406013,0.27975196,0.45872197,0.18607385,0.60761636,0.26318344,2315.2761541025193,339.4823013136369,2066.5542503748793,192.67600189376174,4615.882735462587,648.6765848069288,0.1394849218145785,0.04018811642020928,0.1257114,0.02527174,89.10290948275862,metal.00060.wav,metal
-74.115265,28.257456,80.08523,16.875692,-46.961487,15.45323,51.019073,9.28133,-9.135112,8.111282,31.777958,9.434344,-6.3894787,9.968635,24.861723,6.813839,-19.146336,7.965618,20.790165,6.7883115,-11.678598,6.803257,13.847807,5.681518,-16.471899,5.9340715,0.41923457,0.26762313,0.3808091,0.23957634,0.41115612,0.25405848,0.50963503,0.25565436,0.6751263,0.28010106,0.5767157,0.2624458,0.48194832,0.2448023,0.541519,0.26978025,0.54629564,0.24648201,0.61966157,0.2957322,0.52893335,0.2617439,0.41932544,0.23878536,2710.685063554155,459.5241139681392,2194.85859517659,242.11569881389286,5083.10161687935,916.9406178084183,0.1665242985063805,0.04640986940326345,0.10457902,0.023879237,107.666015625,metal.00061.wav,metal
-100.42342,36.40889,104.69321,19.851645,-57.254005,18.144213,56.57685,10.628022,-5.5556517,9.672945,22.83327,10.063177,-6.1715164,10.502526,23.097109,8.875166,-19.071959,7.080331,17.795355,7.216157,-13.782983,6.9337864,9.962791,7.0727825,-14.858659,6.9911838,0.44213018,0.28587136,0.39692965,0.23764816,0.43441162,0.25805855,0.49933264,0.25454578,0.55878,0.3178508,0.41302985,0.24036948,0.45349,0.27498895,0.4904704,0.28232124,0.49833208,0.27402937,0.51498574,0.3109114,0.37017635,0.22478046,0.4124355,0.26811007,2269.1618713103626,368.4677517014499,1928.9447572525814,297.4026052715083,4186.5592938841355,852.3293333379559,0.1373478888727765,0.03292696822281734,0.09754965,0.019055724,117.45383522727273,metal.00062.wav,metal
-93.58541,26.495493,89.861046,15.32094,-55.879726,12.486217,51.63358,7.457353,-5.5666103,8.193066,28.788872,8.475626,-13.892081,7.5582275,27.35178,7.4280424,-15.314688,7.810175,22.830261,6.7274365,-12.409005,6.305749,9.700516,5.8381534,-19.727627,6.0336237,0.35061496,0.24067558,0.33738753,0.24152456,0.3257418,0.23086719,0.39420184,0.24651504,0.57211167,0.31785008,0.44505566,0.2670286,0.3489611,0.24729483,0.4186281,0.26555794,0.6007183,0.30719486,0.6407778,0.2776866,0.4436192,0.27360114,0.36264795,0.25258994,2464.2908932653336,352.16187481582455,2037.687557797889,230.18910902268001,4549.026552983613,848.090240053983,0.15186113326566125,0.03145413156505006,0.09362837,0.019680485,129.19921875,metal.00063.wav,metal
-110.88208,66.35849,83.1775,24.670923,-45.262383,29.895771,56.575737,13.142128,-7.4917903,13.60744,19.974426,11.356981,-13.3807125,12.882391,21.210558,9.244018,-15.712456,9.536337,18.088774,7.452328,-18.111538,6.660867,12.935683,6.221941,-17.24048,7.876339,0.39109033,0.25688368,0.43311518,0.28201216,0.37341675,0.24941294,0.42017028,0.27757624,0.5013427,0.30468678,0.4846666,0.30447185,0.4879059,0.31145087,0.42244354,0.2568951,0.47760707,0.30817893,0.46705744,0.2937357,0.394812,0.25428528,0.40582153,0.28548825,2683.2329169635404,588.2531726096661,2126.6960341043696,409.6419638660965,4972.29638332004,1244.4424841189502,0.17726459783449341,0.06290733665300774,0.09044641,0.03339086,95.703125,metal.00064.wav,metal
-86.23198,29.731163,76.77148,19.645472,-42.36282,16.93099,53.992195,9.838442,-8.330779,8.778042,29.406782,9.1131935,-7.8969393,10.099392,26.659845,7.481748,-14.230666,8.916457,18.45901,6.750031,-17.954203,6.4084687,9.866014,5.723614,-19.030064,6.1607933,0.43202695,0.2754899,0.35457334,0.21661855,0.4269157,0.26435372,0.43088356,0.22745973,0.4870624,0.2809871,0.49123994,0.27990174,0.4814715,0.26193726,0.529646,0.29536846,0.5552486,0.26439947,0.570799,0.29312962,0.4061335,0.2185085,0.47116327,0.2722167,2760.0463294776246,462.65335664444365,2242.641755824689,277.45873998939015,5259.580621918503,985.9546387470085,0.17120583188321734,0.04079768039652054,0.095366985,0.024273876,117.45383522727273,metal.00065.wav,metal
-135.4813,75.94745,93.3442,26.918299,-43.302967,26.66879,59.231857,14.953636,-8.52645,11.597241,20.959759,11.748032,-6.542696,12.6002035,21.902744,9.662101,-18.983,9.035421,17.052896,8.623768,-15.888565,8.643665,11.074282,6.8409543,-18.491041,7.7152457,0.3805528,0.27842116,0.41361013,0.25364256,0.4398274,0.28742653,0.45583454,0.25507218,0.52828693,0.33184645,0.40460408,0.2657607,0.39771396,0.25028065,0.49244335,0.34837237,0.41864878,0.21833584,0.4784534,0.32636145,0.3570344,0.21943606,0.3974577,0.2983384,2390.3250702324603,605.5155954824461,2027.623777033118,345.2225873790962,4449.812277950986,1112.3705535713516,0.14432166292053364,0.06216144067691942,0.08802084,0.031595845,61.5234375,metal.00066.wav,metal
-82.511116,38.66928,97.34172,17.976158,-34.36793,17.420506,71.4085,13.732415,-3.2920291,9.274554,17.375372,9.197666,-9.026282,9.216418,16.017792,7.644602,-19.010939,7.794284,12.084585,6.7779574,-9.567408,7.3802037,13.953285,7.5446224,-14.459843,7.0649543,0.4712974,0.23970534,0.4097471,0.27229288,0.48877162,0.30668253,0.4426092,0.23342817,0.50392336,0.28500277,0.4273715,0.244257,0.389844,0.24276708,0.41093966,0.27712515,0.4485227,0.24842873,0.48860672,0.2886121,0.48630825,0.21054573,0.66297716,0.2939532,2254.6069861040164,426.01068454395147,2071.028439851438,256.0214131350083,4381.532206170244,825.368300154776,0.12011605459686775,0.03843161566308377,0.13622083,0.037759103,135.99917763157896,metal.00067.wav,metal
-99.95563,61.719692,106.37162,22.198696,-40.666348,16.790937,52.714966,11.756441,-20.737127,14.955015,25.27559,10.33881,-11.828839,10.148258,22.08307,8.149573,-12.473506,8.660981,13.768815,7.5382776,-14.382096,7.2569575,15.966247,6.9129314,-11.722279,6.402841,0.46844965,0.28839204,0.41178963,0.25024623,0.36766198,0.2440241,0.48638344,0.24251916,0.65045553,0.30065322,0.4611012,0.25997794,0.33452573,0.22642659,0.36865953,0.24485795,0.4864244,0.25255996,0.61442924,0.31680393,0.45446607,0.23906447,0.4521275,0.2587761,2302.533109168331,455.2646064912406,2069.612485337704,264.11951118217576,4598.9875811158645,861.3146812054367,0.13070114619586234,0.04187038452418305,0.09829889,0.03207192,161.4990234375,metal.00068.wav,metal
-111.67718,39.697792,111.15006,18.782139,-10.645004,15.033641,69.673256,10.397053,-4.9053626,9.921137,29.825844,7.7849984,-10.380657,8.837817,21.256948,6.567305,-6.6366296,7.6696324,20.076212,5.9069877,-7.225974,6.1738577,16.22662,6.96338,-10.115574,6.701043,0.31346858,0.197191,0.38253167,0.22557181,0.5668233,0.3056103,0.5867434,0.19919093,0.6902169,0.30987236,0.5444405,0.25448942,0.4147938,0.230939,0.40872785,0.29017404,0.38994324,0.2599162,0.4178947,0.32160386,0.34392804,0.22763433,0.3907024,0.26593235,1740.9312223433867,426.3817166096173,2098.71118455616,274.6374453905072,4109.827481511021,879.3078909805755,0.05375889706593194,0.025998268139053128,0.17353307,0.024824375,161.4990234375,metal.00069.wav,metal
-197.25981,62.443306,74.13584,29.527708,-10.736386,27.09357,54.705547,15.707083,-7.6014204,10.879472,18.409927,13.105984,-18.879755,8.975238,11.596195,11.52611,-14.562567,8.343288,18.414227,8.20879,-16.470966,8.397555,12.570959,7.9631143,-10.469238,8.042591,0.37880546,0.29335737,0.34493026,0.25939193,0.36569226,0.30201793,0.33443895,0.25345826,0.43409482,0.32300216,0.35388246,0.2528602,0.4769837,0.33524984,0.49577838,0.318052,0.44759434,0.25968876,0.51462543,0.34113085,0.4070765,0.2597196,0.42390168,0.30532852,2743.073339684432,697.8489522299711,2450.8768853978645,318.0894334250079,5626.144685324826,1151.056477465943,0.14284662304234338,0.062197348580115754,0.048833318,0.02745423,117.45383522727273,metal.00070.wav,metal
-78.647804,64.03881,80.88358,19.08201,-24.585787,14.799387,47.030445,11.630496,-23.746134,10.048744,27.425705,8.442374,-17.417694,9.366834,22.277847,8.590942,-13.530479,7.15875,21.572742,8.878568,-11.101341,7.311334,15.585338,6.164992,-9.702447,7.3585997,0.4613336,0.25479344,0.60368055,0.31779048,0.49813703,0.28484532,0.49685517,0.2810389,0.49481606,0.28474405,0.48822612,0.28239307,0.49296835,0.3014063,0.44580314,0.25504082,0.5254523,0.3060371,0.40657485,0.2411504,0.406846,0.2526617,0.44020858,0.25893706,2807.8057561672995,508.3220826480242,2407.4894835302443,209.51210452224052,5673.857467191126,795.291108162957,0.15372966816511988,0.05469074556550247,0.1152983,0.0438964,86.1328125,metal.00071.wav,metal
-35.23795,19.353449,93.94743,15.382204,-35.17942,11.361309,62.7964,9.990057,-11.723904,7.0700197,26.99777,5.91959,-10.754326,6.996818,24.073627,5.544812,-13.038538,6.2531796,13.602752,6.39264,-12.412999,5.994156,13.56914,5.6525373,-12.245766,5.8332734,0.394131,0.26843572,0.48582983,0.27920163,0.57081974,0.31280792,0.42647052,0.25161067,0.39076176,0.23380718,0.51138276,0.30251664,0.57180387,0.28146338,0.56344396,0.31239143,0.4328953,0.25110483,0.35637787,0.23242587,0.31380063,0.23239444,0.32756996,0.25196466,2339.8927465134484,351.67414211611833,2152.0353593549635,164.54884332377813,4708.18573493692,580.9060073798461,0.11677021401295437,0.03929074724942852,0.19426143,0.027732912,123.046875,metal.00072.wav,metal
2.7837267,32.00782,77.06304,20.520151,-17.550632,16.433598,57.951275,14.40374,0.7442921,12.073316,28.829195,11.038512,-7.858991,9.58915,27.606932,9.02942,-13.541932,7.8311667,17.285963,7.900229,-7.569737,7.389901,13.035099,7.2708106,-8.743485,6.89499,0.34041134,0.22961894,0.44614652,0.30399913,0.5494485,0.23782244,0.68937993,0.3203066,0.48238826,0.23244284,0.3292357,0.21000889,0.3395017,0.28685158,0.35111386,0.25834122,0.3700748,0.27733442,0.39229187,0.24194981,0.5119407,0.29384196,0.35900176,0.20577939,2642.0924576803404,538.8752885870776,2461.348759167464,326.1880023723681,5567.132384262616,1107.7212328952537,0.1212886093387471,0.042812373882694384,0.2933532,0.04713313,143.5546875,metal.00073.wav,metal
-201.1977,39.062542,76.78211,22.59719,-14.798453,16.00163,68.737755,16.812311,-12.944738,10.250117,36.95659,9.540517,-10.983901,9.477229,23.68839,9.1985445,-12.268321,8.12136,16.671509,6.331777,-11.074647,8.225066,15.571094,6.4697113,-11.184892,5.353262,0.54652584,0.23330793,0.74425113,0.2798411,0.5967745,0.23527786,0.43808788,0.23703317,0.40377042,0.26537678,0.4406487,0.27548093,0.41024593,0.25618976,0.43042937,0.2613978,0.496184,0.29854614,0.44354004,0.26199389,0.39277297,0.23424536,0.4599057,0.24765743,2725.3111027767286,613.6485962558554,2400.1015931750558,273.43482682001667,5496.87885187065,917.5202266486408,0.13498352003576952,0.057892295838410074,0.0408314,0.008882949,123.046875,metal.00074.wav,metal
-40.49335,57.303062,105.29485,24.48241,-14.107665,21.807575,54.843636,12.495143,-1.1911939,10.977424,20.0772,10.979664,-11.698836,8.454666,22.175392,10.567247,-10.231948,6.7953076,14.189077,7.943823,-6.9110103,7.1467347,13.343561,6.3612776,-9.252238,6.415138,0.338859,0.20659032,0.37126702,0.2858466,0.35934737,0.22656779,0.47278303,0.2910962,0.32833105,0.22266343,0.33195516,0.222252,0.46230605,0.26998162,0.52779925,0.2324463,0.71140146,0.30817366,0.53070015,0.23288274,0.4917789,0.25752833,0.45549333,0.2783321,2068.4834099126797,624.0104797498605,2199.4087969672983,394.63908732630165,4439.486998803654,1355.6988007899124,0.08885850190931942,0.03932674003872884,0.24464075,0.081257895,112.34714673913044,metal.00075.wav,metal
-100.889046,39.564823,76.13688,16.163494,-29.544008,22.223917,69.70981,7.4794064,-17.342714,10.028913,21.39084,10.347175,-12.918476,7.3160434,22.007465,10.042117,-9.841167,7.25961,18.424643,9.070904,-12.047207,6.193965,8.983145,8.877237,-20.87085,5.1762676,0.40905866,0.20792547,0.35827798,0.23226777,0.4784975,0.29208985,0.5988069,0.20927785,0.77727133,0.26878408,0.5746974,0.20052072,0.38331503,0.21722913,0.4144326,0.27467564,0.50735015,0.28267816,0.43588865,0.26215556,0.42311487,0.21111012,0.5911042,0.28029576,2792.6082415451833,434.9081567060743,2250.712806505966,311.27166414768556,5321.340779527987,853.9783759375679,0.16249154098994587,0.05357313347167309,0.09689618,0.038130786,143.5546875,metal.00076.wav,metal
-42.059067,23.076672,86.99415,14.100509,-27.527782,15.237945,62.616234,11.906907,-27.00237,10.487119,32.331196,8.533515,-18.957167,9.090762,22.128767,5.682536,-14.316716,7.065477,19.505413,6.988826,-10.960919,6.723023,16.760109,7.6004477,-12.377029,7.784609,0.39420107,0.24600022,0.36129928,0.23798597,0.4391361,0.304677,0.39281657,0.24981284,0.3984831,0.29095232,0.37453526,0.22327864,0.4418516,0.2725992,0.4083315,0.25146952,0.48311442,0.2926687,0.5842981,0.31297806,0.4960465,0.2685728,0.51661396,0.29662895,2740.9191494780016,350.8739672863754,2301.9114258838003,206.69808286846086,5408.697637217228,639.2604754700656,0.15991871797660479,0.0347992910687611,0.14906156,0.02505949,151.99908088235293,metal.00077.wav,metal
-1.694594,35.557156,73.40456,20.544395,-15.908845,17.169313,55.804432,14.64391,-1.902661,10.06221,34.030216,10.997487,-8.318228,10.184691,32.759865,9.860677,-9.707088,8.910318,20.836563,7.4558268,-9.03743,7.417463,13.959178,7.523656,-9.585643,6.855378,0.5024188,0.25126886,0.5196661,0.2605666,0.5725162,0.23233509,0.66766685,0.27670226,0.5669333,0.24898702,0.4359515,0.22854133,0.47128516,0.26152688,0.56269157,0.27456704,0.50194734,0.25567284,0.48238096,0.2358847,0.5933156,0.2876413,0.52731663,0.2568701,2814.947126588473,603.4025362476139,2547.926785904073,321.6279131020136,5897.1582824282195,1113.49309219309,0.13179062137470998,0.04641504830583134,0.2694679,0.041773085,99.38401442307692,metal.00078.wav,metal
-74.911835,39.488686,79.12138,20.356756,-40.891678,16.351807,54.720924,9.3677025,-9.688235,10.363385,37.25772,8.933694,-14.983511,8.778011,20.934235,8.340221,-17.433067,7.420076,16.575285,7.29942,-11.098043,7.156155,15.470943,7.2270536,-11.12968,6.6915483,0.4435918,0.27534032,0.41128635,0.22315314,0.47673512,0.23683794,0.61769164,0.2862061,0.6347819,0.27577475,0.41684282,0.19890746,0.387918,0.21275096,0.3781243,0.24834152,0.42901674,0.25102612,0.5123473,0.3079184,0.43019664,0.23026581,0.5320321,0.30325344,2710.4946367774073,497.4958580171195,2264.267370312119,260.4234457206896,5323.439142709542,887.2193493498144,0.14385528446442383,0.04462455474041884,0.12733027,0.04204682,123.046875,metal.00079.wav,metal
-73.529945,46.694035,74.65846,18.727026,-16.444176,15.367749,55.64547,11.261877,-7.73465,9.442685,36.538662,8.751745,-18.304913,7.8809886,27.82096,6.864532,-11.9202,6.9143357,20.062939,7.070042,-11.357838,7.351743,14.71152,5.967648,-7.2920494,7.3225784,0.46165547,0.24613683,0.5373148,0.28213906,0.5321481,0.28616214,0.48659435,0.2745377,0.57781136,0.27455056,0.57211167,0.27486017,0.531438,0.29541516,0.45490602,0.27736664,0.40809268,0.24002697,0.4214436,0.26953754,0.46829122,0.26960135,0.51319593,0.2871419,2847.6827665456854,557.2200508211305,2497.4780375557416,220.40660284786216,5929.641277552204,797.04106328937,0.1440546754156999,0.053505489547683416,0.13984975,0.055080537,161.4990234375,metal.00080.wav,metal
-19.165882,29.8454,118.84071,15.48621,-52.14489,11.623094,42.70032,6.870181,-21.57285,7.746901,27.6777,6.551185,-14.611529,6.840881,27.019527,5.8041673,-17.12797,5.963252,18.968197,6.358833,-10.767422,5.3271117,9.388282,6.664395,-4.6614876,6.4639845,0.4426883,0.22079921,0.6407853,0.25424936,0.44034868,0.19789656,0.46223792,0.24184678,0.5568565,0.2550583,0.48864123,0.18772924,0.7565765,0.24910204,0.5741635,0.20982976,0.5103824,0.24073794,0.45959464,0.24973111,0.4696957,0.22615872,0.41028833,0.2205849,2138.144345986772,311.18589121128446,1970.839252156836,203.5830922194817,4201.114606746664,729.5839351414093,0.12193549702726218,0.027868748310121986,0.19033647,0.033394404,151.99908088235293,metal.00081.wav,metal
-57.683716,27.850645,101.41867,14.475064,-41.490356,13.394995,55.114075,10.454774,-23.33916,8.016166,28.144375,7.616813,-12.126062,8.617017,18.141897,7.28811,-15.424081,8.932675,11.882042,7.0348773,-10.801529,7.659072,9.3880205,6.1882195,-12.276187,6.648972,0.43559352,0.23812883,0.43338528,0.24104582,0.47808653,0.21133769,0.6681922,0.2934395,0.58000255,0.2437703,0.5248115,0.255517,0.5074193,0.26730216,0.49092558,0.23482008,0.5826156,0.27678102,0.5347179,0.24924259,0.50997853,0.25693077,0.4135693,0.21219155,2378.4924001543222,306.480439974455,2092.421779848281,182.4020189188275,4748.421016259425,535.1324545469149,0.1412658455384764,0.03142252095299577,0.13156159,0.038605217,123.046875,metal.00082.wav,metal
-29.381208,31.546284,101.87547,25.695126,-29.11233,14.798966,69.73011,11.11634,-16.168983,7.888474,19.438528,7.1441607,-18.33918,7.349238,19.062609,7.0256953,-18.282995,7.066181,15.279578,7.3650556,-8.244228,7.112653,2.4893925,7.027505,-14.794669,5.5336647,0.3391911,0.18984012,0.3299745,0.24293746,0.40325353,0.27328527,0.46045938,0.22811803,0.69565994,0.27989426,0.5916481,0.22696598,0.49871558,0.28411886,0.44015157,0.23331654,0.51924556,0.2672233,0.3857061,0.24145849,0.31953818,0.17725527,0.5050982,0.30162287,2340.9255025807374,543.8291050165667,2140.627460806763,301.4675461797073,4716.54588031105,1046.071330381348,0.12287165264887857,0.0447828247538525,0.2085754,0.032730862,117.45383522727273,metal.00083.wav,metal
0.25672,43.90266,94.185646,20.22419,-32.401512,16.430954,45.45294,13.065967,-15.199275,11.78317,25.886078,9.851122,-12.390217,11.438748,19.618542,8.768743,-6.8050222,8.371897,17.22498,8.165621,-12.9858885,8.650766,13.681323,6.7922153,-8.688227,7.7548633,0.45654643,0.27920252,0.47942656,0.2582547,0.5598987,0.30187893,0.5317528,0.2990668,0.52488494,0.28353068,0.44641525,0.26613432,0.4179428,0.2544601,0.49692765,0.3033498,0.40635422,0.24088782,0.47059843,0.2645133,0.5251364,0.30220345,0.45120245,0.24977064,2522.1247438723517,486.668167868389,2275.6554221972538,340.41201548353376,5088.755539896317,1013.1705489398868,0.1385170449052591,0.0460043461894972,0.22971004,0.06493312,151.99908088235293,metal.00084.wav,metal
-46.60955,39.02769,86.80201,20.035116,-34.77667,15.275804,49.884212,11.704971,-18.167683,9.052213,28.71651,7.7630315,-23.474312,9.606738,15.655808,8.513706,-8.934668,11.324306,10.58892,8.882445,-18.180574,7.9321685,12.43322,7.26488,-13.548779,6.5729785,0.42684934,0.24324092,0.4362725,0.27453908,0.36472076,0.2161861,0.44504914,0.26714817,0.4622166,0.29630086,0.381534,0.21219097,0.520239,0.31557235,0.40481675,0.2478328,0.42785805,0.29128978,0.44756702,0.30172294,0.44418445,0.2587718,0.532442,0.32421353,2647.101020975536,429.60655865396546,2256.609599766276,243.23201527092158,5304.828659730279,735.5131321226462,0.1577129555781129,0.03945698402117076,0.1518885,0.046437416,103.359375,metal.00085.wav,metal
-96.319695,35.284416,90.949715,17.228092,-32.219547,17.901249,54.32833,11.215139,-23.034355,11.273893,27.715986,10.014521,-16.943092,9.470484,21.053059,7.58173,-18.197134,7.042065,22.608377,8.286247,-9.003789,6.934638,14.271802,6.9698234,-10.993184,6.9010234,0.46599105,0.31050026,0.36841962,0.25337052,0.39714977,0.27067763,0.4603424,0.31790808,0.41285124,0.2576716,0.49182487,0.32753214,0.41321746,0.25233433,0.4732066,0.29291818,0.3792171,0.2513073,0.4281812,0.25523686,0.5037103,0.3067711,0.41978025,0.25219503,2629.85014407457,464.6858007273203,2248.6904965784984,245.66964284448076,5190.917515588747,846.2581334978056,0.15901012966453984,0.04621988212787239,0.08825739,0.018495,123.046875,metal.00086.wav,metal
22.829609,27.28715,60.81942,16.170923,-6.397703,16.274242,53.160336,15.351709,-13.251242,12.675115,27.90263,9.948512,-14.308226,10.341596,29.683228,11.074246,-17.330418,8.495848,20.300093,9.298407,-9.741711,8.556904,17.123072,7.874919,-8.25026,6.8036833,0.42164466,0.23190676,0.4915225,0.26685518,0.5272105,0.28259984,0.57068133,0.2704587,0.6035094,0.25667906,0.5824373,0.27387422,0.51363367,0.27937627,0.49590185,0.28377545,0.50303286,0.24402802,0.56052816,0.2776018,0.49990508,0.25835937,0.42951426,0.22745019,3338.5301942115357,414.6757981778825,2697.1444825624217,213.95293096436427,6670.904725112384,596.4027117213972,0.18673944436388246,0.0431946829078532,0.2671389,0.03398854,95.703125,metal.00087.wav,metal
-129.66246,69.72136,104.03299,27.39552,-26.97075,26.199919,68.23634,12.309708,2.4252663,16.823414,22.584345,13.794673,-12.082626,13.714545,17.048145,9.314417,-5.671186,10.465377,13.662889,9.201394,-2.7942126,9.401018,5.3808393,8.443536,-2.997645,9.550891,0.412719,0.33199498,0.36768872,0.26877692,0.33824962,0.23611698,0.4341041,0.29173803,0.5928273,0.33687508,0.42264593,0.2797898,0.2987407,0.23941915,0.3877496,0.28346935,0.4409407,0.27733752,0.5074866,0.3372181,0.45818532,0.28763786,0.3974885,0.25055984,1988.333598338055,580.9799414336695,1987.148634247517,369.44303891928,4148.097629060325,1153.0271193362544,0.09239202677880898,0.04607205607959435,0.13327341,0.05787988,117.45383522727273,metal.00088.wav,metal
-90.71683,45.976074,128.03282,14.443894,-34.72987,12.769403,73.73097,9.806447,4.3483534,10.370449,28.08752,5.924717,-0.521448,7.530274,17.3454,6.644117,4.391154,9.947747,12.304352,6.6124544,2.2642078,7.331618,5.675272,7.316213,-6.7603726,5.972127,0.19764528,0.16862454,0.2535597,0.19426052,0.5305768,0.2624033,0.6762836,0.30745462,0.603167,0.27241853,0.4165951,0.25567305,0.46905705,0.25773782,0.5864334,0.3096648,0.5346536,0.29810637,0.4908436,0.3056525,0.44233787,0.28898093,0.27132112,0.21918373,1443.8328603987711,384.43278028468524,1727.2151796545038,233.53256387025937,3286.428103701421,702.8859808469174,0.046537772500966745,0.026476176405310095,0.26595938,0.064634435,151.99908088235293,metal.00089.wav,metal
-93.54413,30.123083,100.64616,19.37176,-23.339111,15.077611,52.490635,10.606482,-7.746713,6.8726315,39.590942,7.140127,-7.766726,7.410357,26.725874,5.914043,-12.482563,6.9899316,11.733807,6.7078214,-10.551813,6.2482367,23.023441,7.845319,-9.955353,7.7392874,0.4140604,0.2514817,0.3222606,0.24833763,0.3653329,0.24580947,0.43300062,0.27991316,0.50354004,0.3172438,0.44257668,0.23467627,0.24686699,0.15136358,0.23673052,0.21127336,0.36133686,0.24775437,0.5294717,0.28306127,0.64841306,0.32662502,0.6192223,0.28881398,2141.5802031244207,475.0509694243659,2217.634537092959,252.33830132313037,4683.230201384861,897.9775648002129,0.08463503903228925,0.042246118742358174,0.14654946,0.019397812,89.10290948275862,metal.00090.wav,metal
-96.65291,41.788437,101.72488,19.220219,-16.835794,16.535147,47.30034,10.734385,-27.080929,10.0939045,28.283823,9.53131,-17.181023,7.9308844,21.641132,6.4566374,-17.88522,7.1659737,7.021394,7.2499084,-14.604523,8.585795,15.221765,6.7337923,-16.001877,6.7814217,0.35144255,0.22861333,0.40469977,0.32305846,0.2860017,0.2302914,0.38113657,0.27544633,0.5319302,0.3136073,0.45227423,0.24175811,0.42885038,0.3345364,0.32886726,0.22709708,0.43184456,0.32637405,0.28370732,0.2348529,0.24221855,0.18789177,0.43873686,0.33355197,2323.601876230782,465.1284235984125,2263.873465274725,204.86355815837342,5018.635236912703,758.4650806369751,0.1200435487964037,0.046222416372560256,0.11595993,0.0323846,92.28515625,metal.00091.wav,metal
-67.92382,27.942425,108.93854,18.258724,-33.82898,16.232777,50.489887,13.837506,-21.362123,10.171381,21.491247,9.843703,-14.870391,10.551655,11.620577,8.516265,-19.260174,7.637254,10.526651,7.372009,-13.919647,6.9664435,5.5538163,6.7287607,-14.430823,6.206685,0.28045085,0.2985816,0.37714183,0.25332385,0.5663641,0.36128163,0.42583516,0.23951642,0.3655722,0.31790555,0.25049177,0.22485146,0.22740924,0.2383438,0.2846208,0.31461105,0.30757126,0.24002998,0.46554142,0.36443138,0.32979468,0.25042194,0.22294278,0.22511812,2090.193243882935,413.7006358200627,2065.324523631684,269.5034181328093,4392.865032718242,840.5170663445813,0.09328588735015468,0.03307094764668023,0.16623126,0.03778126,117.45383522727273,metal.00092.wav,metal
-105.01983,21.601322,80.71132,12.0526905,-28.524954,9.877261,66.808876,8.283248,-20.705503,8.879529,29.117426,6.5654345,-9.36118,8.314555,22.350224,6.7787375,-12.045787,6.4580464,13.597408,4.901978,-14.733175,4.921859,11.056683,5.422575,-15.270406,4.4459248,0.3787464,0.25386176,0.34276938,0.23259741,0.41957176,0.27353758,0.443366,0.2349283,0.55012906,0.35952362,0.5149907,0.26182988,0.5224713,0.28903604,0.54950935,0.32140097,0.45143163,0.26586872,0.3836544,0.28848284,0.33781478,0.22608899,0.43859193,0.27306736,2644.8776025370616,293.5997328228762,2268.1246417635416,118.93103234154982,5176.9201008736945,356.8656724383486,0.1416087375531709,0.039851007325561724,0.091984704,0.020639168,172.265625,metal.00093.wav,metal
-104.72376,53.595074,87.753716,28.222826,-33.24886,19.093422,48.474255,20.414082,-28.912521,12.769531,22.514238,11.379765,-24.98013,10.90639,20.53738,9.640281,-12.0629835,9.021979,18.249126,9.878874,-15.186173,7.902676,10.295276,8.024474,-13.891189,9.507003,0.37174633,0.2363366,0.27363914,0.20423196,0.33468547,0.2858827,0.32051194,0.21198784,0.4581768,0.31960043,0.3925648,0.24480212,0.46199733,0.29573688,0.4848106,0.33428404,0.40107816,0.27604595,0.40894386,0.31060505,0.42618382,0.26662183,0.54923767,0.3221612,2707.018738290395,664.7472171833641,2234.822828310659,267.9192440041249,5291.122684345998,991.331026503048,0.16082730628866976,0.05771541484334453,0.09046083,0.024823051,161.4990234375,metal.00094.wav,metal
-35.46846,35.7212,94.10064,17.922106,-24.217218,14.06458,43.31534,10.977375,-16.380928,10.007907,29.513052,8.646236,-5.864533,7.97085,28.445436,6.995477,-13.962112,7.0553637,13.745398,6.83095,-9.199171,6.502472,15.588234,5.7335496,-8.49749,5.805568,0.5629005,0.25089675,0.64184105,0.2803603,0.517715,0.22339347,0.4775874,0.21409203,0.5442068,0.27289754,0.50374925,0.22475798,0.5517664,0.29825962,0.49471426,0.25409397,0.5186247,0.27198705,0.47323248,0.2710639,0.52524334,0.25921452,0.53996426,0.27128857,2446.2488617975387,507.1181148120305,2331.004908877427,236.24893530644948,5192.782727305685,914.5559605681389,0.12111678569702243,0.04885181226604052,0.18539381,0.06152545,151.99908088235293,metal.00095.wav,metal
-51.620953,54.725296,86.17162,27.086172,-20.278296,25.750391,59.064,21.149544,-10.875286,13.587882,27.535135,13.132733,-11.259489,9.606694,23.944517,7.8481264,-11.562588,7.204165,13.299591,7.8951826,-9.01621,6.7530255,13.918654,6.483049,-10.735528,6.0476513,0.50535154,0.26214427,0.5261581,0.21819656,0.6645375,0.2946915,0.58756757,0.25601092,0.5357354,0.26363263,0.491625,0.2766491,0.47487783,0.25883412,0.44061935,0.26299405,0.48182383,0.28184345,0.54556096,0.31550917,0.4866682,0.2593158,0.47968864,0.26417106,2493.5070129592464,664.4524158417414,2286.357472386489,333.6661817903982,5104.942913011166,1117.042157881612,0.12817326167343387,0.05965169476640438,0.18817005,0.05617678,161.4990234375,metal.00096.wav,metal
-82.13019,71.66337,98.281494,17.335222,-16.521843,27.543438,68.43462,11.834882,1.4349228,9.415515,29.857725,7.089765,-5.2819605,8.431226,24.396568,8.008677,-10.477877,7.412345,14.397421,5.8854165,-7.896055,7.512754,10.021555,6.2914224,-8.499245,6.7314386,0.57643586,0.28900585,0.48624638,0.21481265,0.5236276,0.28242064,0.43096566,0.2141153,0.47277087,0.29046303,0.4437685,0.27525386,0.4401946,0.22723797,0.44641945,0.25086662,0.52950734,0.28252372,0.57903296,0.34092805,0.44605204,0.23177804,0.52729976,0.27189717,1983.7751575084244,578.6724321382518,2112.3256966584036,256.8349059844799,4242.224206061485,1107.3433204406697,0.08622601266434649,0.04457227534697113,0.18602574,0.05200197,112.34714673913044,metal.00097.wav,metal
-95.38948,80.386154,92.07625,20.794147,-28.034975,31.512947,52.784756,9.700886,-3.0201979,11.69928,25.395441,11.142996,-6.1320233,11.198713,20.092926,9.27317,-10.223895,8.229198,12.40339,8.3831,-8.271537,6.8687296,11.690027,6.5143685,-9.267028,7.357033,0.4911891,0.26508683,0.5671545,0.28516856,0.58930814,0.29931533,0.46943325,0.24338667,0.49565446,0.28851262,0.50573826,0.26868466,0.59260136,0.26900378,0.6455468,0.2474664,0.47965187,0.23369786,0.42005843,0.28887066,0.4011085,0.25949398,0.46841556,0.267122,2241.159283028104,626.2784148419903,2115.9491769285823,358.5067385467638,4490.771994181409,1256.2199857153487,0.11569735474671307,0.060609586974360495,0.13896145,0.066961125,151.99908088235293,metal.00098.wav,metal
-66.68023,45.975815,88.369576,20.543482,-27.548222,20.245596,53.182358,13.878379,-9.191762,12.841013,27.966816,11.034501,-8.108185,10.493378,26.2966,8.178989,-8.240403,8.285624,12.689763,8.284186,-7.1285152,7.4112,13.682774,7.2738867,-8.3691435,6.027914,0.55568004,0.27859932,0.55487645,0.2312284,0.64627033,0.29698607,0.5244542,0.23134333,0.50918305,0.25418785,0.50234276,0.3091025,0.47382975,0.24842168,0.50614226,0.3020767,0.4822158,0.2736025,0.53780043,0.29096657,0.4386579,0.2511365,0.46359396,0.24528049,2375.371970745448,562.9814639928928,2231.730875766868,260.77958577549697,4898.1542175717805,978.7061568190715,0.10796566850348027,0.056558397750387936,0.17008242,0.06131775,143.5546875,metal.00099.wav,metal
-94.507706,64.57129,55.67104,24.88631,29.26626,18.036219,27.035044,17.127516,20.046722,11.863129,1.1847869,14.993619,12.946829,11.669973,-0.79853857,12.722449,8.866569,10.93321,-0.68151927,11.210642,-5.3425074,9.841723,2.208084,8.612116,-4.6136193,8.447351,0.3835271,0.31060985,0.3272173,0.25497928,0.38980058,0.31193095,0.32572109,0.2454695,0.46205577,0.33550087,0.4804469,0.33752462,0.33977792,0.23993947,0.47913146,0.36028084,0.40071696,0.27309847,0.41143394,0.31726965,0.33825043,0.28054136,0.337764,0.2576968,3422.0718638777685,1039.287259273014,3409.782871188017,404.6043680834535,7953.037936394287,1643.3275726267693,0.1267201245891338,0.09721121778526867,0.18578337,0.08669016,89.10290948275862,pop.00000.wav,pop
-59.167095,73.673,45.31407,37.95897,36.86272,29.920815,15.6994,22.241283,15.664842,18.295275,1.6692804,18.137003,7.293103,14.816785,8.811882,13.679548,5.8277197,13.739398,7.989068,12.157823,-2.2795851,10.64472,1.9039612,10.40697,-0.91525316,10.779468,0.4467497,0.33777183,0.3625299,0.2818668,0.3626063,0.28848937,0.41858494,0.3239056,0.4015088,0.28959516,0.5125421,0.37075788,0.41326573,0.2769506,0.5119887,0.33407667,0.45995754,0.31472108,0.35681072,0.2880638,0.36819077,0.3025288,0.34144095,0.2616186,3702.062802894826,1184.9397315208482,3431.8534035602524,423.5292487881214,8072.9693844257545,1635.1748158191263,0.14939442551237433,0.09909599268290842,0.26224416,0.12182256,107.666015625,pop.00001.wav,pop
-59.60099,53.929226,62.97368,24.421753,31.116804,13.457789,16.918835,12.489951,8.888802,10.186197,10.814813,10.591767,10.554175,9.110566,5.1616035,7.4728427,5.389709,7.4481645,6.1492314,8.093224,2.269166,7.9726152,4.246997,7.956714,4.1217484,8.323334,0.47582206,0.3455566,0.43343726,0.28688782,0.48286757,0.327304,0.3401733,0.24885212,0.2877034,0.23034656,0.299688,0.26555592,0.32758063,0.26771027,0.41156384,0.3187238,0.42162594,0.28197783,0.56073225,0.31604072,0.54671925,0.32476965,0.42581308,0.28331918,3214.01967827975,1003.21114569734,3269.587993759097,327.08742376812575,7424.267068318591,1566.1101798137004,0.11886608480761794,0.0759225626578151,0.21508695,0.08120679,83.35433467741936,pop.00002.wav,pop
-125.878746,52.398518,126.59248,35.055256,-23.16423,22.52201,36.222904,19.19565,20.941078,11.949112,-1.178133,13.491717,16.49263,10.218824,-3.6442103,9.489832,6.520102,9.598797,9.341533,8.9019165,-6.4032426,8.387535,3.8655267,7.758678,-7.9430027,7.6141024,0.37302974,0.28375044,0.33875015,0.21734904,0.56409997,0.31399006,0.36755013,0.21838737,0.2707021,0.19969128,0.32195723,0.27839097,0.38615915,0.23093255,0.7105026,0.29656273,0.44133937,0.23160039,0.4023942,0.30154255,0.32879847,0.24633215,0.41355997,0.27940515,1837.4928259861476,887.357762716195,2067.3993701581285,639.4389233230751,3671.361171784368,1774.898749870274,0.08532308886794276,0.04577691885387268,0.12934098,0.042553686,92.28515625,pop.00003.wav,pop
-20.932325,35.739044,83.24618,22.306572,5.0522323,19.493477,16.362148,13.126491,9.399238,10.186698,-0.56426716,11.501809,4.0395784,8.805418,6.204656,6.9742565,9.118702,7.1436524,5.8642225,7.063244,-3.5043364,6.0041814,-0.6381915,6.2075787,-3.1690137,5.8739176,0.38014755,0.2943058,0.35780045,0.25026515,0.4270308,0.31991795,0.33343068,0.24661866,0.3956972,0.31087744,0.3268187,0.26281604,0.34935603,0.279044,0.39353344,0.2941342,0.4225371,0.29274336,0.476582,0.30474967,0.35892633,0.26269472,0.3909798,0.30339876,2753.2347231451085,847.2364238539186,2861.5569996470863,386.4669178542341,5986.838327925609,1643.6773969054166,0.12370886806361175,0.07140970041748092,0.21107702,0.0507524,107.666015625,pop.00004.wav,pop
-113.55395,141.0764,90.0178,21.327284,-5.540907,28.835686,25.571491,14.040213,2.6110349,10.071386,3.1918452,12.171193,1.1313877,9.766231,6.1513777,11.333105,2.7998388,10.240667,-1.8603817,11.194395,-7.1145782,9.45594,-3.4467702,9.075178,-5.915337,7.837256,0.262294,0.19708283,0.43363416,0.3670687,0.2654979,0.22172433,0.27774656,0.31589904,0.21248573,0.24723151,0.21989907,0.18830766,0.51614064,0.3551939,0.3199726,0.24694425,0.30865154,0.32210633,0.24065916,0.22380757,0.38187975,0.26827294,0.43975428,0.32147434,2290.14021271062,741.5228991550883,2436.188548647075,444.95732379335533,4748.687475076131,1622.1710940254245,0.10673155935808198,0.04955039693028179,0.13958415,0.07725258,172.265625,pop.00005.wav,pop
-169.12946,70.06007,94.64907,24.03536,24.48003,18.81465,27.384007,13.482074,11.639039,7.8664722,14.885311,10.248496,4.2372394,7.9537916,12.381324,6.550752,10.709881,6.079139,5.1241975,6.698105,-0.34837672,7.5195236,1.2524844,6.7108335,-4.157143,6.8908377,0.5529876,0.35975793,0.3799916,0.2615075,0.3228167,0.26043478,0.25776595,0.21874154,0.278362,0.22299013,0.35218406,0.34562168,0.39221725,0.22588919,0.61247885,0.32754913,0.3793783,0.22717929,0.275655,0.27332652,0.2602579,0.21635525,0.42935726,0.27409267,2125.387814463357,851.3367386819494,2673.8359770958978,461.69150218769073,4978.558165512616,1900.8047429418405,0.06768001075502707,0.05205047110530427,0.093941845,0.038224727,92.28515625,pop.00006.wav,pop
-224.40593,60.660206,107.35062,44.841473,-1.587121,26.289736,13.89054,25.905056,8.119407,13.4811125,-9.372528,14.6213455,8.1145,11.976667,9.291045,11.521257,9.097891,10.70528,6.020981,13.353848,-6.662428,13.344081,2.067856,14.153723,6.1881623,15.478023,0.1829592,0.24709544,0.28341645,0.29368606,0.4478104,0.3899331,0.22137369,0.24107012,0.12728305,0.16815777,0.13074492,0.2059911,0.17604226,0.2451535,0.20240042,0.28182727,0.21219692,0.2147664,0.49763554,0.4006174,0.33310398,0.30968264,0.20550364,0.27059284,1967.744332450365,941.8243355824651,2326.158326790175,702.8603087253961,4125.7567226471865,2289.0815159991403,0.08230050331109823,0.048826531035643626,0.08430226,0.048800968,129.19921875,pop.00007.wav,pop
-52.421513,47.090923,74.03342,24.534754,12.680926,25.257095,24.495552,12.671887,21.09758,10.913305,1.9039344,12.072588,6.8095055,9.235147,4.729847,7.7392564,8.409067,8.268545,8.243973,7.489923,-2.2749782,7.7593117,-1.1975456,6.9203925,-2.679471,6.330386,0.36861575,0.27701592,0.3845652,0.28699136,0.4113534,0.2636542,0.6037188,0.33294088,0.4557607,0.2642938,0.40114406,0.301317,0.33865812,0.28596047,0.3427108,0.26715946,0.52867067,0.33952108,0.37144354,0.23608062,0.3380085,0.26399484,0.2999357,0.2356838,2884.9162662284352,987.1516059363241,3009.471410755311,376.9481136251615,6428.876851163718,1707.590548002522,0.12125651041666667,0.08896737566058502,0.19541575,0.043509636,172.265625,pop.00008.wav,pop
-35.28506,53.12966,61.266712,18.746029,14.046019,20.818577,28.64897,16.018923,4.323977,12.557429,-1.36498,11.958014,-0.78445435,8.501865,5.128748,7.777929,5.3517685,7.6780133,1.2258381,7.9762726,-7.2616506,8.477596,-0.5204303,6.5069594,0.21532702,6.880015,0.4116412,0.24538909,0.54124063,0.31241888,0.4128662,0.24449751,0.43760413,0.26691568,0.4245624,0.28362018,0.37697142,0.22059086,0.5236551,0.30875233,0.4097741,0.24730736,0.4324964,0.2766279,0.46730244,0.28710988,0.5129993,0.27821934,0.50478303,0.3026493,3279.5319127248636,724.2912176671877,3026.2086959079884,316.345208696062,6952.518387017836,1199.7490689948079,0.1727420485305491,0.0655677657903409,0.15963759,0.05737984,107.666015625,pop.00009.wav,pop
-111.209496,68.34463,103.16529,33.47605,10.905522,16.213257,34.357307,16.01695,22.339897,11.139672,17.869793,11.307129,6.80789,10.46088,6.3318367,8.053133,5.4936476,7.3478355,0.61402774,8.255662,0.33871174,7.912581,3.8301575,7.4865985,2.0371509,7.1545477,0.30893958,0.2450588,0.41892245,0.3285944,0.3174811,0.28727335,0.31786865,0.20011757,0.4953084,0.3065288,0.3815282,0.2503215,0.40786117,0.3554114,0.32100374,0.2577043,0.40179655,0.28928602,0.48340088,0.36798143,0.33484542,0.25523126,0.34714007,0.2903182,1900.384454029494,872.7223014592915,2420.0936288076728,572.0038032159677,4189.7318191705335,2009.6615167494565,0.06617287195475638,0.04726076836812009,0.18395777,0.056386285,107.666015625,pop.00010.wav,pop
-240.68845,52.595764,97.13303,31.372093,0.40796417,20.773094,-0.27154115,18.738478,-10.476206,14.138319,-15.742858,11.619633,1.3774214,12.2581415,-17.877537,12.913119,-9.08661,10.634985,-8.762852,9.473221,-14.263193,8.991505,-5.5000772,9.735876,-8.357249,11.5039835,0.17313837,0.26848736,0.14548959,0.17757091,0.2798482,0.34481856,0.09802173,0.11311342,0.1808736,0.26578414,0.29342628,0.3564796,0.16595852,0.16884086,0.3710117,0.39150292,0.21488534,0.21237043,0.43373537,0.4035358,0.23664066,0.2688525,0.11476321,0.16146626,2200.3688928202637,748.7771036396373,2579.579748350041,457.39348180555555,4626.45781975058,1775.593673493651,0.08708475323859242,0.05341195268915153,0.055756837,0.035174243,123.046875,pop.00011.wav,pop
-50.826904,47.228943,80.23307,25.69658,-9.298024,20.387478,20.2835,12.47061,12.087593,12.5167,6.780584,10.40109,6.277933,8.863688,3.4262054,8.699884,-3.9560766,8.543301,2.5737891,10.349352,-5.7011876,7.5851164,0.4910229,8.036881,-0.57155305,8.066092,0.42021087,0.29846025,0.35922232,0.27056375,0.4113392,0.33051363,0.41325924,0.31727868,0.36195827,0.2646437,0.48717427,0.32775736,0.33768058,0.23154128,0.34639084,0.28814757,0.33451235,0.26467785,0.39109075,0.28366938,0.41637188,0.30300438,0.35075727,0.26743168,2679.229420619229,761.1875044374283,2661.758074512505,438.4219707128098,5533.5918807098315,1656.8620343077791,0.12588517498066512,0.05800375435701471,0.16415471,0.05139145,99.38401442307692,pop.00012.wav,pop
-161.62132,71.38525,85.57526,29.367495,53.263668,21.707695,32.207474,16.988182,27.182007,9.061669,11.316002,13.153229,7.8897896,9.874886,8.760385,10.520208,1.2601902,9.509639,13.195228,11.924746,0.06550418,10.531226,4.827264,7.875711,3.107736,9.23518,0.5437066,0.36338368,0.37905526,0.26121667,0.32958615,0.32198763,0.22894117,0.21765998,0.24656203,0.24524389,0.3245984,0.32838,0.31566057,0.29844934,0.36019936,0.31653452,0.34719652,0.26837274,0.37839884,0.28078866,0.41182053,0.32893315,0.40830117,0.30818373,2150.030333919017,995.8875691031697,2917.5456250824986,489.3061993976186,5224.7411316342805,2592.5014377819753,0.05164452218677494,0.03981028178249062,0.17301951,0.05223981,143.5546875,pop.00013.wav,pop
-135.34387,38.975964,107.812935,19.782513,-13.434144,21.57463,19.037148,16.767399,8.81838,12.872994,12.483625,9.626709,1.0202105,12.070451,11.321146,9.292715,2.5564575,7.287081,1.2326732,7.333589,-6.3871174,7.5011535,5.8662148,6.946405,2.8857548,6.5253453,0.51715064,0.30262306,0.5005014,0.31532013,0.47068566,0.27372965,0.55393505,0.32585463,0.41259295,0.25866362,0.3390912,0.26136744,0.30473855,0.22849098,0.37444794,0.27943054,0.41391802,0.27403957,0.3789359,0.26615122,0.41657624,0.27556118,0.42942542,0.27744722,1997.9152625255454,527.8000414731479,2291.452673927379,355.8977452118236,4139.121297672564,1325.2067390238767,0.08802619574149265,0.03588563030980035,0.078025505,0.016494695,117.45383522727273,pop.00014.wav,pop
-45.799076,65.9793,65.26662,24.043154,12.929744,21.285723,14.511338,16.17602,7.0173607,10.644095,4.4101133,13.636489,6.6034317,12.283432,3.2921524,9.311346,7.733731,8.777503,4.0534663,8.790449,3.6582375,7.099857,2.6003695,7.702246,4.0506835,7.613514,0.5424721,0.35476255,0.42119795,0.30354837,0.4234033,0.29702187,0.40129384,0.30806488,0.30162,0.24893051,0.31297302,0.28469023,0.3608659,0.27605006,0.44597703,0.3271887,0.3432205,0.27262133,0.32568336,0.25450492,0.3634347,0.27449143,0.39875787,0.27647898,3207.617470903022,917.7089482726299,3125.923874181563,357.9724209472263,7020.323829031323,1560.7403757928212,0.1415838136842614,0.0834556067091138,0.1960698,0.07899787,103.359375,pop.00015.wav,pop
-97.05398,80.691734,51.834522,24.87538,18.751598,20.681465,20.487318,17.18481,5.6106114,12.515382,3.575838,13.893578,5.573987,12.050222,0.7409073,11.916486,7.338095,10.797078,1.6581378,8.644841,-2.6979017,10.206983,-0.44195834,9.499216,-1.0840604,7.636767,0.39611128,0.290123,0.44269285,0.33073547,0.4083991,0.27614924,0.48618707,0.34239167,0.35334507,0.28249466,0.32634208,0.26455674,0.37200007,0.30698055,0.30039856,0.26789063,0.33486807,0.3056733,0.33435228,0.27560604,0.45055512,0.3108687,0.46048084,0.3387913,3488.897943286259,956.8570975306999,3205.348888911562,345.83399399804443,7496.760520138486,1547.9224233257762,0.1533135150812065,0.08591965680009693,0.14656842,0.10211924,107.666015625,pop.00016.wav,pop
-53.10433,30.275887,78.31421,20.362661,2.261835,28.820261,18.830137,14.727746,3.8708808,12.802771,2.5123835,11.488776,-3.8090515,8.819417,6.8069897,10.477474,-0.8187624,7.975131,8.751581,7.93992,-4.80215,7.7395396,-2.151533,6.844078,1.2934911,6.1797075,0.39986712,0.2560754,0.49120942,0.3183689,0.36899856,0.22808519,0.45550463,0.3206008,0.3702892,0.2675293,0.40680304,0.23098692,0.62735486,0.32931188,0.44456133,0.25844958,0.40188175,0.28269964,0.39030218,0.2649438,0.44385588,0.28072095,0.4236867,0.29300556,2789.3877172068255,610.953459170485,2795.7392914058632,416.23449648050916,6113.039884987674,1356.1962572361633,0.12616349151682135,0.05010799930716635,0.14306945,0.03268598,107.666015625,pop.00017.wav,pop
-48.96048,46.861004,62.627907,21.436405,34.227123,21.334946,12.322167,16.61667,16.563198,10.308005,8.6150255,12.415273,8.76582,10.181722,5.259592,9.202506,6.7995486,8.7155075,9.060048,9.284856,-4.08107,7.6415186,-0.7451282,7.6375766,-0.38003916,6.5200253,0.4744384,0.31593934,0.3862727,0.28194976,0.36735818,0.26595733,0.48578158,0.3204375,0.3925994,0.27705598,0.3672148,0.29800126,0.30673042,0.23936042,0.42944977,0.28098032,0.5332221,0.33275315,0.38102162,0.25709707,0.41737247,0.31584343,0.37864044,0.25602278,3433.9852325067322,915.8304798301397,3405.766699592917,303.1610859161414,7932.862007866879,1245.2777744699345,0.12767176322022428,0.0746169756164035,0.20743433,0.061162792,123.046875,pop.00018.wav,pop
-25.120617,62.283142,70.808525,28.737167,2.9293947,21.549969,7.533097,17.282282,1.4523044,14.099011,2.8564467,15.776959,1.9144237,11.389854,-6.8212695,10.18897,0.29936558,11.093381,-1.943024,9.895633,-6.645997,8.995982,-0.24678151,7.613123,-0.75799644,8.237465,0.48676175,0.35791627,0.3867389,0.2661548,0.4956474,0.3006209,0.49854422,0.30862668,0.31750345,0.24864149,0.28533912,0.26336128,0.2972628,0.23353952,0.47512513,0.32750008,0.2972033,0.24696319,0.24597427,0.23050682,0.36745903,0.31504127,0.3655936,0.269789,3131.3254325021653,1095.076685950464,2944.9857252295656,438.33369768338116,6553.363079593242,1844.3149200650014,0.15598678883894046,0.10764978385371708,0.21086523,0.076170206,92.28515625,pop.00019.wav,pop
13.437182,57.36243,58.23463,19.933662,-2.180756,17.693642,5.0175614,13.806972,8.057978,11.246082,-0.49256966,11.949693,4.0949907,9.248143,2.2513356,10.308604,4.3020153,9.218037,3.597891,9.211467,-0.49684015,7.8710017,2.4198663,7.530321,1.8900307,7.866061,0.52063656,0.32910997,0.3345378,0.21808898,0.4229519,0.28248486,0.46031266,0.3117913,0.34680566,0.2454626,0.39477155,0.31014884,0.37669936,0.2673801,0.5040978,0.31667838,0.41429728,0.28068298,0.37554562,0.24944341,0.41506153,0.28286958,0.3822041,0.24531244,3486.4421684913805,817.7984551718068,3132.0290825436546,287.23560117565944,7442.561131453016,1304.626930345446,0.17964142860595514,0.0820442711584509,0.24800573,0.08628736,107.666015625,pop.00020.wav,pop
-23.21333,83.119354,53.828785,28.878666,-0.67234546,18.768166,14.730805,12.188692,4.8800464,11.9397545,6.7325773,11.64879,4.8463497,9.038251,4.9538507,8.554112,4.270914,8.81213,3.1137922,8.869379,2.547736,6.347733,2.9871147,8.015775,4.6368046,6.400133,0.65430075,0.2858706,0.450797,0.21024181,0.5226454,0.28048256,0.5713005,0.28599,0.4935495,0.2626527,0.47297177,0.28087324,0.4221669,0.2374018,0.54852396,0.28123784,0.4949041,0.29107127,0.44260138,0.24587019,0.48066336,0.26199,0.49989134,0.23537798,3501.7665177124118,903.837240177953,3027.1371830199087,392.07171478328587,7199.7089005401685,1566.9351366924998,0.18691957596191028,0.08873343327574829,0.19351788,0.102141455,99.38401442307692,pop.00021.wav,pop
-45.730503,65.819664,65.273964,24.009914,12.928245,21.272917,14.523945,16.185898,7.032851,10.637996,4.3946295,13.625001,6.6237683,12.245469,3.2991152,9.322711,7.7277784,8.794289,4.06005,8.804217,3.6625175,7.126556,2.6021338,7.6817217,4.04897,7.5973744,0.5441749,0.35638753,0.4202542,0.30252892,0.4241978,0.29637298,0.3997324,0.30652204,0.3009493,0.24768178,0.31294096,0.2834901,0.3633809,0.27778596,0.44598633,0.32755977,0.34258217,0.27300537,0.32542375,0.25215292,0.36318058,0.27430168,0.4008639,0.27905372,3206.647958001011,915.0954808570475,3126.207007255885,358.0231675374808,7019.799238235933,1567.006181421074,0.14153094487142304,0.0834039188057279,0.19603845,0.07906173,103.359375,pop.00022.wav,pop
-44.29027,68.33452,51.353466,31.34415,24.983469,26.992685,12.159331,19.632694,10.8779,13.324186,7.6190543,14.07816,8.214766,11.532601,-0.76355857,10.159109,5.949929,11.061076,4.7551455,9.502442,-2.5091753,8.405202,1.3244871,8.443076,-1.9542974,8.328166,0.45636633,0.3298547,0.36273903,0.27405655,0.40420923,0.31907827,0.40889156,0.3132753,0.47265285,0.35763758,0.40087035,0.3305575,0.34252948,0.28730536,0.45546228,0.33650267,0.3682424,0.27196053,0.35005313,0.29172644,0.31673092,0.25311893,0.38149187,0.27548522,3758.7805887809614,1208.3525471636772,3293.5288823010783,424.13888850655536,7853.9235834179235,1795.6955027418467,0.1775614184551431,0.1002862099787844,0.21067925,0.08514957,103.359375,pop.00023.wav,pop
-40.904087,62.377117,61.54,23.896954,9.868572,20.20711,10.098781,18.781403,8.45437,13.101596,5.3719335,14.178363,8.382931,10.856162,3.5187213,10.698201,8.25046,9.628836,5.878693,9.740919,-0.09783143,8.599853,-0.56062317,8.635905,0.5559625,7.398756,0.35892397,0.27770296,0.4472218,0.32885113,0.34903583,0.2859313,0.39470845,0.29537487,0.462508,0.32990736,0.3737716,0.29439738,0.43977648,0.34317234,0.42213863,0.30087388,0.51273185,0.32971284,0.4401406,0.33053795,0.33427918,0.26185712,0.39804572,0.3010608,3301.0929850079233,893.4330024136618,3175.4641267443717,354.68966907307055,7301.5711100638055,1530.4456521379786,0.14444628226508122,0.0825516338119173,0.20741427,0.09432325,117.45383522727273,pop.00024.wav,pop
-106.827194,71.45737,81.033424,35.262993,47.809032,23.426592,13.651415,15.558939,13.011486,11.221275,6.87809,14.006525,7.5865817,11.012797,-2.6358707,10.02888,-2.5064445,12.155126,1.8714427,10.095006,-5.1371155,9.01044,-2.7479079,7.488073,-3.6657836,7.8674245,0.33465496,0.33489427,0.32049695,0.2734416,0.43649125,0.36193055,0.3197585,0.26634192,0.34210187,0.33950835,0.25358927,0.24132027,0.33604914,0.3293662,0.44738185,0.3449459,0.30038708,0.24703331,0.3151166,0.3078063,0.26937678,0.25165397,0.2880507,0.28114712,2927.9899764980723,1257.7041193679984,3200.83575564453,541.4478131827433,6815.933262942285,2372.0785156807005,0.10568551213263727,0.08758417457552027,0.18959826,0.080686934,151.99908088235293,pop.00025.wav,pop
-73.37298,64.50182,97.49157,28.380848,16.85425,23.199362,-0.5943872,16.159407,7.1818285,16.336655,4.8678546,13.282612,0.7571247,11.832613,-5.54804,12.633296,0.9984068,10.788364,4.9286504,9.970435,-5.8325953,8.858984,-4.92758,9.271369,-0.031149691,8.473019,0.4636069,0.34509954,0.28737494,0.2293087,0.3163802,0.2965896,0.24584952,0.22757132,0.32324156,0.2974421,0.26707435,0.26151532,0.25034374,0.22224425,0.5415582,0.3669772,0.3911061,0.2847424,0.34710836,0.33300814,0.24416362,0.2402226,0.34173238,0.30214438,2525.5919589591927,1004.5240155255423,2848.409561296772,525.5258484274437,5552.801896026682,2227.6253381727515,0.10349447747486465,0.062356989653056284,0.19562604,0.088633224,75.99954044117646,pop.00026.wav,pop
-75.35942,68.2279,83.35071,28.659767,10.695162,18.703611,14.4605,14.750466,14.239106,12.039239,7.397378,11.47845,5.2808986,10.521744,-0.393232,9.926886,5.7210793,9.998407,3.3658257,8.403234,-2.5226784,7.8683295,-4.2161746,8.072605,-1.8445051,7.7485538,0.30023652,0.22893557,0.3792579,0.2663539,0.4703219,0.33189094,0.3255314,0.24816516,0.34278485,0.32064015,0.31406736,0.24787775,0.44267568,0.3177753,0.40122747,0.31366274,0.339559,0.24876906,0.41995528,0.29847923,0.3728895,0.2742678,0.42283693,0.33262756,2682.2841409756757,897.3845672809136,2923.9677288760545,436.72826267666505,5956.0789882721865,1973.9282727224295,0.1018672509425754,0.05316766008091949,0.15790229,0.052336555,83.35433467741936,pop.00027.wav,pop
-45.62334,58.052334,74.72907,22.138065,15.965053,16.867636,14.792884,16.19015,8.999275,10.483723,8.206913,10.729158,5.6837645,8.085596,5.2507954,7.33125,5.396192,8.926192,2.4387598,7.1920238,0.77768695,7.2972274,1.17524,6.981842,-2.3549676,7.1043954,0.32180274,0.30619663,0.24333702,0.21629678,0.3653145,0.27197683,0.46004155,0.33472088,0.3090394,0.22449335,0.35427058,0.3335621,0.3034317,0.23626806,0.45896786,0.34851933,0.3423933,0.28174785,0.30195263,0.23965223,0.43306705,0.3442748,0.29974794,0.2382014,2945.9657785971135,847.3720476901433,3051.3134268784397,403.2610396930841,6654.684044645446,1698.014387349056,0.12120741794760248,0.058151448851698095,0.19454771,0.06954721,99.38401442307692,pop.00028.wav,pop
-40.52333,55.571056,73.49026,26.055117,22.620024,19.67056,12.349805,15.387583,14.86184,11.093703,8.942539,11.195509,5.301321,7.9111776,9.018853,8.6548815,2.0854676,8.032036,4.2992563,9.326619,-3.1375759,8.12526,1.8477219,7.5661683,2.035557,6.8631506,0.36964637,0.30264124,0.4693466,0.36211178,0.33673015,0.27875403,0.36936763,0.32242873,0.33809042,0.29498792,0.33758697,0.3158107,0.3282663,0.32772923,0.3539865,0.29944342,0.44737312,0.33753982,0.30549887,0.24658518,0.32346198,0.30306023,0.27693665,0.245934,2988.4872553900304,819.3107187203542,3142.962821876344,382.64935569559975,6919.161073901537,1609.3438715246398,0.11151920799497293,0.055176942518606865,0.23409334,0.07934389,161.4990234375,pop.00029.wav,pop
-18.16849,57.75568,72.28313,22.34588,-4.8913684,17.097946,-0.37640285,15.132361,1.6872772,10.445666,-0.92444575,11.59599,-1.3286743,8.988681,-0.3421871,9.419024,0.65162975,10.427172,-0.18650617,8.474763,-1.2240083,8.8756,-1.051329,7.953706,2.5230043,6.3550296,0.40072387,0.2950413,0.5337439,0.3469817,0.2912388,0.21354623,0.372424,0.32468677,0.2601059,0.20675099,0.3724288,0.3122414,0.2567167,0.21343566,0.28970933,0.22551675,0.46847537,0.32421392,0.32156363,0.23326887,0.44112283,0.35625854,0.28331187,0.21632642,3070.672740776136,780.386753575755,2975.765677265415,353.5813277278695,6653.076964907193,1510.1608467450571,0.14867918600154678,0.06786708122174302,0.20309304,0.07961017,95.703125,pop.00030.wav,pop
-18.84539,58.0919,71.32566,22.259552,-3.766896,16.86959,-1.4087266,15.726175,0.70546293,11.130232,-1.0589548,11.935092,-1.0548251,9.29632,-0.2474208,9.794338,0.6257233,10.93079,0.4270432,8.955583,-1.5037423,9.219585,-1.0761551,8.444303,2.4198706,6.8649335,0.41279742,0.2962904,0.5374294,0.3470883,0.30100197,0.21875933,0.37948802,0.3251847,0.269635,0.20904416,0.38016832,0.31297165,0.26490423,0.21620893,0.30302542,0.2303381,0.47359684,0.32389727,0.3320732,0.23785882,0.44547516,0.3546923,0.2937102,0.22058813,3110.8981962269786,779.4188886329781,2992.0106380347183,346.8369893146131,6744.988602994489,1477.6108609523696,0.15285733275328692,0.06874427356945285,0.1983218,0.0778068,95.703125,pop.00031.wav,pop
-113.163,78.68354,41.597984,29.635162,21.517519,24.93522,11.098094,20.322233,17.437098,15.408671,0.609657,14.605071,3.0298927,11.427036,0.085250415,12.269739,3.452267,12.220077,0.2873941,9.625731,0.6187023,9.173528,1.2615824,8.6073065,2.8980768,8.5332365,0.4436196,0.28833017,0.49335638,0.32271942,0.37392512,0.24568588,0.4782634,0.30091417,0.47690257,0.3061155,0.34442577,0.2510414,0.3899815,0.3181416,0.40335384,0.27441403,0.49143732,0.32557958,0.38334915,0.2872096,0.390938,0.2862555,0.45167834,0.31382713,4225.461048306688,1279.4736066372634,3404.380733308111,324.36400824834465,8483.38257685615,1448.8755492825994,0.22864062197892498,0.1366048135707203,0.09786053,0.046329357,95.703125,pop.00032.wav,pop
-68.98024,95.88409,73.7614,22.268284,-12.468053,22.888102,9.550569,15.888206,-0.04061061,13.193267,12.724539,15.28411,3.163581,11.652485,-0.07432033,12.761494,2.5329218,10.505482,2.8792171,7.565073,-1.6728499,8.518889,-3.015692,9.792555,1.6231787,6.66055,0.54498494,0.32790673,0.35097688,0.24911115,0.38802084,0.31128457,0.33771318,0.25657123,0.39121908,0.27613273,0.4301842,0.32568374,0.4479203,0.27194384,0.53200024,0.3110427,0.40417838,0.24810992,0.4189035,0.2947405,0.3539359,0.2516393,0.47639588,0.27730694,2835.1193752816057,661.4625179777988,2731.752386690104,404.8291112623395,5944.9793131888055,1437.3805407249306,0.1370099061049884,0.049314851310667374,0.13989581,0.04999339,99.38401442307692,pop.00033.wav,pop
-59.553257,67.176926,77.30153,27.410828,26.371853,20.133396,3.1852462,16.767097,6.7586684,13.861128,-0.050268047,15.853476,-0.61978555,11.852328,-0.6796597,10.41283,4.141291,10.424814,-0.44345018,9.496332,-4.5369034,8.656968,-3.5553582,7.3429184,-2.1957288,7.6856613,0.35779956,0.3239034,0.2654456,0.22943525,0.34875116,0.32118666,0.30385354,0.27579945,0.2986216,0.25695947,0.47524512,0.35563523,0.29922897,0.23995832,0.31522286,0.31204295,0.26665184,0.2283262,0.39702988,0.3100123,0.47437257,0.34408045,0.28934044,0.23503463,3141.575395070785,1029.8081257219276,3230.4645793986965,354.9021321595106,7236.996481202871,1698.364237138874,0.130993435203983,0.08484703208701835,0.1875196,0.068299085,95.703125,pop.00034.wav,pop
24.324636,55.275707,68.961525,20.370974,-4.2270355,17.788717,-1.0471314,14.471196,5.240408,10.758013,2.989915,11.131297,4.3333716,8.779912,4.280864,8.6608925,6.4307766,8.080191,3.6318948,7.998089,0.11112186,7.107926,-0.010404842,7.5749598,2.0621688,6.7665105,0.354933,0.24418102,0.43447718,0.32806197,0.3412652,0.22823241,0.47309327,0.3114132,0.37543514,0.28870344,0.29644248,0.21592446,0.41536063,0.30113468,0.38461912,0.24876864,0.53136915,0.342488,0.35477188,0.2371548,0.48756903,0.30098185,0.49395362,0.31224832,3194.0815505953037,729.2237713231451,3052.790791870117,329.3778467792298,6993.553044790458,1454.0920872119225,0.15931563587587008,0.06436234838779555,0.28242227,0.09814445,107.666015625,pop.00035.wav,pop
-44.171143,66.93132,76.18005,28.580572,22.90793,22.549469,16.79628,17.197298,22.996109,12.908272,3.277612,15.275216,6.9057794,10.574638,0.09506846,8.970848,6.4955173,7.9869876,6.5422907,9.71968,0.85485625,6.744312,2.7227676,6.66281,4.5149565,7.1598473,0.41780826,0.32657143,0.35861802,0.2709642,0.44905066,0.327034,0.40817243,0.27970517,0.47623533,0.33539364,0.40276155,0.31249577,0.3568689,0.27347353,0.4176356,0.32846296,0.35934937,0.26628146,0.38401362,0.3026447,0.31053048,0.22845744,0.39441815,0.28141415,2944.414729189786,1120.2739350270767,3162.449253817359,462.55977281949345,6878.242991861224,2042.4235816624805,0.11505650920823667,0.09076497365499304,0.25651452,0.084421314,99.38401442307692,pop.00036.wav,pop
4.770377,63.491028,64.47058,22.91173,-2.4510317,27.282743,10.431801,15.8204975,3.2528353,10.892182,7.8335495,12.690575,3.1029253,9.612986,1.4057889,10.78733,6.7453904,9.779327,4.8804116,9.52349,3.2767143,8.329558,1.7484332,8.221702,3.3328586,7.3607407,0.55430984,0.32622048,0.4820645,0.30427325,0.48423192,0.3052366,0.44543934,0.30015537,0.36022714,0.24984114,0.36685088,0.27043822,0.42015338,0.26809376,0.5202144,0.3114401,0.4546141,0.28043246,0.45157784,0.28514683,0.428469,0.25622934,0.45547265,0.27713642,3237.8331637065016,795.7675638294305,2954.271045120286,408.96077271240097,6701.355971758991,1496.715702679401,0.16480568445475638,0.06192883896043829,0.24084239,0.08970655,103.359375,pop.00037.wav,pop
-15.75989,63.22103,59.259125,23.544258,-1.6016735,18.501411,12.55983,12.535657,8.738309,11.09225,3.9566612,10.019336,2.043591,8.293782,4.2241693,8.914572,4.9797945,8.399615,2.8969738,7.9110928,2.3294625,7.2494535,1.9885528,7.6893287,1.7153721,7.367717,0.32095787,0.2399989,0.4471371,0.32230476,0.33713797,0.25822482,0.41007638,0.2924633,0.48883346,0.33559543,0.3607503,0.26473612,0.40534088,0.32714126,0.35647815,0.23371176,0.536602,0.32795063,0.43664682,0.30046567,0.3574899,0.26249728,0.3504828,0.26140854,3267.766911666797,866.3235689247506,3014.2803759097005,340.14075013712727,6921.259437083092,1466.7930704762796,0.14650325671887085,0.074503033873822,0.22168663,0.078666046,92.28515625,pop.00038.wav,pop
-19.463871,63.541412,51.930267,24.681341,36.98562,25.91121,13.087389,19.217592,14.581278,16.244318,3.2041862,14.777447,15.301875,10.636013,-0.7822042,10.601375,7.2343645,9.780805,10.400962,9.639363,-0.37910375,8.533701,6.2263556,8.883123,-1.1840758,7.412835,0.39000386,0.30582213,0.3441586,0.2995251,0.31432408,0.25743583,0.4259186,0.307867,0.44639066,0.33807445,0.3264262,0.2749469,0.34464929,0.31259668,0.3151552,0.25583026,0.45793706,0.3423905,0.3846193,0.28939295,0.3767722,0.27898508,0.4822976,0.34922132,3934.6761086209804,1048.154124438884,3509.656095559288,351.31252230473154,8525.399801515372,1313.1935000820763,0.18711179186001548,0.10334368411134612,0.27967092,0.103597336,83.35433467741936,pop.00039.wav,pop
-76.910484,75.95704,113.30772,21.139448,-6.22412,19.948746,19.930395,11.493436,15.107155,10.000064,-3.284023,11.979113,4.7830315,8.753596,1.0138453,7.6109643,2.2947927,7.3627596,-0.014044789,7.417309,-3.7734733,6.684982,4.239927,8.222974,2.3016148,9.740811,0.30912253,0.33953413,0.24163479,0.21578829,0.3977443,0.33800465,0.36267003,0.34517255,0.21994305,0.17768514,0.3183968,0.30340436,0.17833346,0.182093,0.21028389,0.24160378,0.16171062,0.17925087,0.28282008,0.25250098,0.5483586,0.37682307,0.27626097,0.22586586,1962.10174151712,511.04124661847317,2325.133286197485,423.3865744907632,3820.6530506815543,1363.6970053993116,0.09577563080046404,0.03843863556884577,0.1992373,0.07509891,129.19921875,pop.00040.wav,pop
-204.71895,57.07673,101.62684,28.88783,26.381647,23.715948,9.190344,14.016426,10.471229,18.242655,5.1170764,13.686995,-9.461806,14.81282,9.306169,11.115955,-12.484944,11.823822,-2.4797275,11.0183735,6.2220006,11.29699,-9.4853945,9.762496,-2.5450125,10.828774,0.22793785,0.28318548,0.21573785,0.23272738,0.4068932,0.38150206,0.32730204,0.30972502,0.20763056,0.18955931,0.40905488,0.38120896,0.26182,0.2306127,0.25036943,0.31915954,0.19469106,0.2268091,0.2755993,0.272476,0.37548053,0.3503021,0.23562488,0.2403459,2053.421991383234,828.4199594099579,2559.2979840868443,397.61952371067053,4506.518044881091,1852.3670110729884,0.07533088324149265,0.055279723827589194,0.08331509,0.035191506,107.666015625,pop.00041.wav,pop
-37.086514,53.57085,68.898674,26.560125,10.490168,21.468988,23.945831,14.111227,15.3574505,11.671469,3.5560462,12.462013,11.6803055,12.359419,2.9196262,9.903744,2.5507562,9.2671175,4.7550306,10.87112,-1.5914156,7.2189927,2.5622606,7.350045,-1.0137556,7.0213327,0.35245585,0.27414978,0.46526104,0.35211408,0.32306778,0.24309291,0.40915155,0.29222336,0.49566042,0.35633263,0.28689346,0.223486,0.33245942,0.30600294,0.33513865,0.26005086,0.45934993,0.33313867,0.35889927,0.28666663,0.35990337,0.2892611,0.3766909,0.29645276,3001.3998390078727,892.0543830486596,2971.8793280275754,424.0664052649444,6442.932553744925,1798.5675030530908,0.14367213179137664,0.07553737768099314,0.22344695,0.08483891,92.28515625,pop.00042.wav,pop
-50.853703,47.96652,68.05084,32.59784,12.076207,18.93522,36.321774,17.664797,8.664504,14.768688,19.5016,12.012159,10.7166815,9.468236,12.310909,8.596154,1.6588451,9.0021925,10.158866,8.602919,4.8325033,7.5970216,1.6959492,7.0705066,2.7262328,6.907886,0.49681315,0.2783468,0.5988526,0.30021605,0.44337374,0.25325957,0.45136097,0.29506037,0.37042058,0.23530662,0.4826967,0.30299652,0.47999415,0.30233976,0.44088218,0.2566876,0.51488125,0.28611365,0.44237798,0.2519267,0.49990693,0.2828729,0.46057767,0.2912723,2702.9067305248905,1064.8453229129452,2725.929593439329,478.3072723946302,5775.678042524652,1882.9596403564838,0.10325052566705337,0.07287699946405893,0.25418848,0.07045001,135.99917763157896,pop.00043.wav,pop
-47.975613,56.358776,54.1544,22.838573,-3.9600954,26.39736,21.494438,17.318853,13.905075,13.555177,5.9985585,15.3943205,13.758749,13.033591,1.0650278,11.96698,6.7291703,9.213182,6.2205725,9.945795,1.6177514,8.134734,0.4570345,8.008639,2.4155867,8.99027,0.48994586,0.33866507,0.44525203,0.30715293,0.47804463,0.31419575,0.50575554,0.32693076,0.39231798,0.27687952,0.3581463,0.26241285,0.43254,0.28066227,0.5636428,0.31630644,0.47956228,0.28642714,0.40081584,0.26295474,0.46226546,0.28493857,0.46601757,0.29960954,3145.363680952142,786.4252447444945,3017.3747525826047,341.93211075085014,6691.938317956062,1530.28136674883,0.13560510622099767,0.07429631468844798,0.22269987,0.09296655,117.45383522727273,pop.00044.wav,pop
-71.62305,73.70841,81.1083,33.594177,16.360794,31.31137,8.947616,19.978104,13.826506,15.69816,-0.7539969,16.489016,12.51142,14.857151,-0.6541831,12.48686,3.0359154,11.25316,3.063342,11.222636,-3.2248902,10.972524,-1.329191,8.69914,-0.6551508,8.61594,0.4212679,0.33189502,0.40148553,0.3060834,0.35996804,0.26497832,0.40662688,0.29732788,0.3887675,0.2679875,0.5051566,0.32198986,0.36111715,0.23829585,0.46833012,0.31007424,0.5160041,0.31431037,0.37732038,0.27842808,0.40401044,0.31788546,0.34372413,0.26325774,2843.3506413882114,1080.413183184873,3039.5268473844667,577.8193150167035,6481.061145047854,2459.37136858254,0.12496148129350348,0.08601204182852194,0.2022344,0.074292175,117.45383522727273,pop.00045.wav,pop
-72.144135,73.6628,81.281204,33.00422,16.711231,31.82191,8.694823,20.11736,14.176612,15.755867,-1.0479516,16.25752,12.842173,14.881888,-0.52597433,12.650158,3.1425319,11.46308,3.158665,11.080333,-3.4713526,10.952667,-1.1356596,8.693445,-0.681559,8.520199,0.42694673,0.33460468,0.4044933,0.306645,0.3623274,0.26595652,0.40790877,0.29910582,0.39138764,0.2703982,0.4995983,0.32333302,0.35669768,0.23765537,0.47290668,0.31197402,0.5193693,0.31487194,0.3817769,0.28146848,0.40925303,0.31920668,0.3486686,0.26590264,2838.5120944344094,1082.4507785302328,3045.8682152156275,578.6452083989569,6486.948219529438,2459.80554673811,0.1221488604505027,0.08495680788072348,0.20334217,0.07453256,117.45383522727273,pop.00046.wav,pop
-45.02928,59.472424,69.7547,28.834564,11.873838,20.0972,8.160096,18.378716,12.596263,14.263916,7.7551703,16.096586,11.303386,11.1350565,0.25089398,11.398105,9.658154,10.668018,2.8055396,9.2412815,3.8566477,8.707576,-0.8445408,8.029183,2.09968,9.122908,0.39207125,0.3128682,0.42815828,0.2914077,0.5237887,0.3208577,0.38555446,0.2680388,0.36622682,0.26280734,0.4331128,0.3136908,0.44405583,0.27171206,0.5912672,0.34083965,0.43726692,0.27750024,0.4134068,0.2963495,0.42197555,0.31434095,0.36400452,0.26308572,3151.3426232441357,910.5766458451137,3220.369558523437,367.3834675207392,7293.569018724623,1753.439123981964,0.12735455034319412,0.0697101672834969,0.21573293,0.090980515,112.34714673913044,pop.00047.wav,pop
-52.642094,53.361973,47.784134,21.97459,13.462857,20.830282,2.220573,13.1837845,13.260102,11.798552,9.145648,9.029395,14.452528,9.672377,0.8663765,9.313242,9.462137,9.17994,6.998185,9.398181,-0.69444406,7.64212,1.734682,8.190434,8.505544,8.347404,0.5633132,0.30692017,0.50116384,0.2788165,0.58814645,0.31870368,0.41477638,0.28944367,0.37262934,0.28426135,0.38281798,0.28126585,0.37699524,0.24650592,0.47556725,0.29927108,0.4296555,0.2389347,0.52177536,0.2855291,0.46376225,0.27352226,0.48915726,0.27154234,4052.736284626131,1049.3376824731909,3426.4159903430204,391.42794587118215,8382.994217662414,1542.750759109057,0.2106100909947796,0.09235708519771005,0.15650387,0.06468548,129.19921875,pop.00048.wav,pop
-170.91998,72.96634,105.89472,38.289158,31.076893,30.609932,22.2533,19.64363,12.815128,15.390309,-5.15837,19.20502,11.237187,15.987535,-2.1015577,14.975007,-0.15285583,11.475998,5.0800486,12.343081,-11.545419,10.875785,-3.6124885,10.927673,1.3871292,9.530452,0.27304235,0.23964773,0.39335063,0.35391074,0.25200653,0.20616142,0.3111113,0.30811992,0.22763008,0.19128536,0.3447854,0.3091751,0.4178504,0.34251127,0.29490295,0.24399331,0.3899101,0.3670631,0.31771278,0.28766978,0.34991914,0.32200414,0.30108994,0.30354095,1988.190131263531,1048.1083418053597,2580.3989172204265,644.9319728118659,4267.096471233323,2565.5949796047194,0.06611396099187936,0.06134782165972714,0.14742191,0.061364837,58.72691761363637,pop.00049.wav,pop
-78.1564,64.28161,65.98365,33.253044,24.558344,30.659584,25.632708,19.101995,13.826037,15.274892,3.599383,16.95146,16.210995,13.600632,0.5761339,12.255726,3.3100328,10.534225,4.1550455,10.000316,2.710868,9.850578,3.645202,9.093623,1.3963099,8.152563,0.45358258,0.29355624,0.50332713,0.32673386,0.41763607,0.3120838,0.37041265,0.26472068,0.41694266,0.32580993,0.3560254,0.28149074,0.37096316,0.3045592,0.3342455,0.2544044,0.4061627,0.27458006,0.46801183,0.33322164,0.40694413,0.28844568,0.4636172,0.32055095,3046.523748324695,1172.7893118762197,3095.301264191177,432.4564722960886,6630.777692684164,1964.7713535333996,0.11862590934358082,0.08797174980034536,0.20830256,0.081272535,143.5546875,pop.00050.wav,pop
-14.19234,55.337696,44.35686,26.80223,12.703167,18.352074,10.150148,16.369299,11.26891,13.100828,3.9660032,13.578585,12.500947,11.029891,-2.1676476,10.003296,10.718737,9.710685,2.298257,8.560382,5.047687,7.7283998,-0.86594415,7.5152035,3.802936,8.938374,0.4192897,0.29883108,0.47494432,0.2894757,0.54713553,0.30938405,0.421213,0.26926535,0.441477,0.28991178,0.432626,0.2978777,0.47654957,0.2685443,0.5810177,0.3258189,0.41970006,0.24871135,0.40157714,0.28038958,0.37573233,0.27709147,0.37300014,0.26131642,4157.988001710874,1034.223624805845,3451.4209556625515,363.2042974403728,8677.730976290602,1426.194214039364,0.23009564723511214,0.1115382946828454,0.21315025,0.065251686,112.34714673913044,pop.00051.wav,pop
-39.89364,61.93986,35.581356,24.098562,8.926843,22.36663,15.078342,20.548128,15.204771,16.243113,10.564198,16.740685,21.816221,13.427607,10.004616,12.518064,13.969252,10.188212,16.55245,10.012302,1.4722148,10.588174,3.263471,8.726393,0.06657288,9.121308,0.41878632,0.24895856,0.41753146,0.25312045,0.4675292,0.2706158,0.55174875,0.29309264,0.6277549,0.2990026,0.5849552,0.30957454,0.55344826,0.31567645,0.54918265,0.31852245,0.5356542,0.2896931,0.54830015,0.31834656,0.50083977,0.27510464,0.51882976,0.28739858,3663.396966933648,1023.3263911220246,3276.4364331961433,393.36391906554616,7777.549825079756,1609.1201318072217,0.15602568517981438,0.10365588271069075,0.32138827,0.14278828,103.359375,pop.00052.wav,pop
-145.93051,66.41712,62.57327,40.59932,-23.071827,42.278843,-18.756536,23.362595,-14.746655,21.322329,-28.40494,15.66595,3.1406605,15.151968,-24.918982,16.33072,-13.635363,15.782286,-4.6096063,14.357718,-24.374552,12.997975,-15.802279,10.852918,-17.45696,12.360333,0.25957233,0.28239202,0.20845534,0.2641649,0.22560506,0.30024323,0.24268423,0.30642667,0.26481616,0.3232291,0.28507775,0.30281857,0.36375487,0.36716968,0.2665807,0.28737614,0.232196,0.2856266,0.28101483,0.33050567,0.30970016,0.31400067,0.38910013,0.379628,2638.945071813565,1015.8049528283568,2753.646332330367,514.6704374402974,5625.495191959107,2051.180743624172,0.10692755159996133,0.09702278112516602,0.17207895,0.09633434,161.4990234375,pop.00053.wav,pop
-46.88898,66.58096,55.891518,30.748758,26.080194,23.734398,16.541317,15.666157,7.097385,14.582726,-3.3452632,18.112852,9.254672,13.756362,-0.8496664,10.279036,8.30775,10.934172,7.121686,11.284606,-0.54325235,11.074082,1.7571971,9.047122,-1.830214,8.819563,0.49950275,0.345832,0.41633964,0.29875702,0.35987267,0.2683512,0.45219508,0.35036525,0.41496694,0.33638418,0.41681224,0.37033325,0.37051332,0.32197106,0.45781437,0.33161741,0.34064513,0.2691328,0.26827246,0.2377411,0.3310181,0.28460857,0.35545698,0.27319628,3497.720405933398,1173.139374984373,3294.82979917523,397.4900912411549,7662.173157446346,1766.171020591365,0.13598953801720803,0.09137669621392436,0.27340764,0.123477966,129.19921875,pop.00054.wav,pop
-56.15306,70.65717,36.4485,33.99487,11.9794,25.310097,-6.415675,22.00347,3.7821662,19.6189,5.288356,17.50644,3.3959649,12.958,4.2619233,14.750316,7.989973,11.854148,5.857593,12.535943,1.5882744,10.56872,4.8537254,10.344149,0.49577478,10.406026,0.45649615,0.29318997,0.4181687,0.28565052,0.38871226,0.28103247,0.368366,0.26698294,0.340947,0.2660046,0.31135958,0.24849883,0.3306332,0.25984088,0.40704063,0.29974362,0.530387,0.3271183,0.57010204,0.34033376,0.52331924,0.3208101,0.5513069,0.3275728,3941.417696318185,1162.7716303853279,3361.6411249924004,313.31273537826155,8260.423161977958,1196.4407960794165,0.16747971348124516,0.13400675974525658,0.24072388,0.13048102,103.359375,pop.00055.wav,pop
-80.39707,77.717384,35.971542,41.005047,20.43451,29.62517,26.347641,21.182589,17.400066,15.6548815,4.578968,14.913969,13.495072,12.6784,3.620712,11.725718,7.3269696,11.727392,5.481911,11.857009,3.9622955,10.560682,5.3203077,10.237733,3.540331,10.452839,0.45166633,0.30710778,0.47417855,0.3351243,0.4499628,0.2993959,0.5491667,0.31458905,0.47550124,0.28695214,0.39702263,0.30415267,0.3794761,0.2954199,0.45391068,0.2874444,0.6138722,0.34195116,0.5616928,0.32384095,0.4454694,0.2778495,0.42683816,0.28455582,3682.7414342574343,1462.5257206850856,3222.7138439826213,483.12460083950214,7568.646112782772,2156.194279570719,0.14555350625966745,0.13075262697563797,0.24992587,0.12307631,89.10290948275862,pop.00056.wav,pop
-39.63845,62.879,33.950104,24.436586,9.583241,22.938192,16.655977,20.481108,14.907743,15.605355,11.196753,15.541871,21.489483,12.900581,9.8847685,12.2333555,14.73506,9.796643,15.624816,9.293199,2.0449588,9.70891,2.5801914,8.450701,0.36708736,9.217508,0.40644807,0.24905543,0.43925774,0.26232532,0.51909405,0.291677,0.6068482,0.30178705,0.6056214,0.30955157,0.55332077,0.32127753,0.5430435,0.3192912,0.5266904,0.30045155,0.5475317,0.31821647,0.50638586,0.28615296,0.526113,0.2889791,0.44190037,0.2526247,3672.8534749746746,1033.2158185708995,3279.628966712498,402.4129187773246,7783.88654881453,1630.9131047319386,0.15405896534222738,0.10239972057661775,0.32924145,0.14710367,103.359375,pop.00057.wav,pop
-87.756744,73.60567,64.35611,45.229187,-12.972931,26.9774,16.03289,20.170658,0.49571216,15.876668,0.40936774,13.486479,4.4360785,11.713857,-2.724951,11.603206,-0.31445357,10.387005,-0.049785193,10.020556,-5.9333587,9.23694,-4.269221,8.925394,-3.506904,8.522175,0.40257615,0.32329714,0.5361745,0.36416274,0.40056717,0.33473802,0.27948734,0.26177123,0.2530885,0.2646123,0.2312564,0.22954185,0.34641677,0.33873436,0.26547757,0.23964684,0.3666277,0.31662846,0.37179387,0.33427322,0.28120044,0.25726855,0.34453353,0.32998136,2939.0735059732497,1289.6621488000512,2629.168577058898,545.9110718514698,5748.815663065545,2205.1088380132014,0.14566604130413766,0.1083174601527164,0.16735059,0.07984225,99.38401442307692,pop.00058.wav,pop
-77.92487,78.40812,32.373642,41.618607,20.107264,29.160666,27.610147,20.485868,16.27146,14.891367,5.3237567,14.543568,13.487586,12.289689,3.502206,11.315174,7.34457,11.4361315,5.269122,11.936717,4.007442,10.544373,5.2748632,10.204068,3.7537496,10.158929,0.45565623,0.30671346,0.47639757,0.33498603,0.45314616,0.2991371,0.5538047,0.31490695,0.4802484,0.28664833,0.39994827,0.30357665,0.3806141,0.29479432,0.4529171,0.28577682,0.61252767,0.34038684,0.5636575,0.32345742,0.44738606,0.27789372,0.43088102,0.28408477,3728.3891590040334,1448.3069904769266,3224.6342590024806,469.1919917403087,7635.0859533606435,2117.005870550158,0.14473441729505027,0.1283166173097868,0.25176802,0.12351834,89.10290948275862,pop.00059.wav,pop
-46.88898,66.58096,55.891518,30.748758,26.080194,23.734398,16.541317,15.666157,7.097385,14.582726,-3.3452632,18.112852,9.254672,13.756362,-0.8496664,10.279036,8.30775,10.934172,7.121686,11.284606,-0.54325235,11.074082,1.7571971,9.047122,-1.830214,8.819563,0.49950275,0.345832,0.41633964,0.29875702,0.35987267,0.2683512,0.45219508,0.35036525,0.41496694,0.33638418,0.41681224,0.37033325,0.37051332,0.32197106,0.45781437,0.33161741,0.34064513,0.2691328,0.26827246,0.2377411,0.3310181,0.28460857,0.35545698,0.27319628,3497.720405933398,1173.139374984373,3294.82979917523,397.4900912411549,7662.173157446346,1766.171020591365,0.13598953801720803,0.09137669621392436,0.27340764,0.123477966,129.19921875,pop.00060.wav,pop
-65.17127,50.8255,65.454155,33.728527,4.1113796,26.105165,32.74291,19.70956,16.913877,15.166687,-5.8198285,18.21624,14.964588,12.2878,-0.23903246,12.0378685,9.035487,12.221695,8.436686,12.500998,-6.577897,9.830623,-4.4804807,8.169129,-2.6323752,8.776879,0.54613155,0.3054376,0.43444082,0.29908273,0.36224312,0.25880757,0.38385907,0.29323655,0.32097867,0.22461413,0.3346755,0.266324,0.3325611,0.22795531,0.46444264,0.28113618,0.5506316,0.32028443,0.5675118,0.3050166,0.62943196,0.32339695,0.5414682,0.27976266,2949.6800647860855,1168.5999904551993,2908.8037325096284,532.737935497511,6068.40803318953,2240.8888142215224,0.11193838215390564,0.08738202435523833,0.22074887,0.08770774,95.703125,pop.00061.wav,pop
-6.970078,39.817154,68.913506,22.327204,3.7833157,22.68356,28.208189,15.503613,2.2899938,13.398297,13.620598,12.2476845,1.0365926,10.657409,5.9984813,12.139648,2.752038,12.390755,15.02753,14.0316,-8.769488,13.723309,0.7971256,12.924829,-7.2107625,12.966584,0.22601545,0.22625667,0.22873701,0.25213456,0.25896406,0.27399284,0.3126819,0.3214866,0.2644983,0.29314405,0.2526407,0.28309703,0.27902862,0.27118668,0.46339622,0.32239425,0.69085294,0.33166984,0.40567338,0.2737246,0.2851445,0.28617477,0.29035512,0.2850271,2467.9251572056874,558.5878453000619,2624.879762315866,351.5749556402666,5480.674825079756,1267.3117219128433,0.09815737081883218,0.0358133224242792,0.39773378,0.08481755,161.4990234375,pop.00062.wav,pop
-125.979675,45.53345,117.34161,24.421595,-0.06749969,17.258484,10.210602,14.45193,4.488732,11.889419,2.1780977,11.677172,-3.6399233,10.23199,3.3827174,10.500029,1.7389079,8.912338,4.5570374,8.430206,0.84083223,8.571974,2.4257443,8.322045,-3.111211,8.196464,0.36211523,0.3476214,0.25139198,0.23057933,0.27391592,0.27426767,0.2429103,0.25163496,0.249111,0.26564714,0.43684575,0.35468006,0.40573367,0.30639312,0.50097215,0.33723578,0.38340646,0.30702358,0.2240206,0.22697641,0.25158468,0.2676554,0.21795315,0.2044254,1826.4363763466288,583.0806767283877,2294.444049437431,456.8324240929236,3795.9306685941124,1685.0658406458292,0.07461564373066512,0.0256521433489523,0.12607248,0.03564618,80.74951171875,pop.00063.wav,pop
-88.39745,96.28986,34.34531,38.470314,-11.279142,28.925552,2.1954029,18.816465,-4.848073,13.94793,-6.1465397,20.02601,0.32279676,14.022688,2.4406164,10.582305,-8.163182,16.910774,5.6395426,11.7814665,-9.395805,12.823659,-7.3565564,10.58684,-3.950928,12.436495,0.32368878,0.3112576,0.2302616,0.2421932,0.25463456,0.26383352,0.31285062,0.2862064,0.2645186,0.2497981,0.21215825,0.23495577,0.25080597,0.22890007,0.41068077,0.33621153,0.5206124,0.36675665,0.48059988,0.31607217,0.5129791,0.3755695,0.383369,0.3074828,3647.914740974154,1043.1789255981992,2886.9189517341424,433.8052447607352,7113.759278476653,1528.5105281700885,0.20587380063321734,0.11146062195015777,0.16904928,0.11088315,129.19921875,pop.00064.wav,pop
-111.60004,69.67073,85.56209,27.923153,3.5251434,17.366617,16.362411,16.947184,2.2031198,15.47371,5.9770145,11.134699,-5.035942,12.577442,-3.9642663,9.401248,-0.10538284,10.929503,1.5665889,9.588639,-5.7904086,9.920557,-5.0873833,8.1015415,-0.21282525,8.725519,0.35326526,0.32642493,0.23276627,0.2329434,0.23716937,0.2379719,0.2372021,0.24167964,0.28912416,0.2653917,0.45085368,0.37403336,0.39425445,0.30377364,0.4976667,0.35635552,0.3903452,0.3087635,0.377496,0.31414947,0.396668,0.34095195,0.2941403,0.26007608,2519.3455234656853,760.28243785652,2684.3184920573453,397.32224391547527,5497.911379785382,1587.0569890943361,0.10012635646268368,0.06021880181379363,0.13344806,0.07794048,117.45383522727273,pop.00065.wav,pop
-63.56813,60.411564,79.03118,28.744345,42.745155,25.019001,16.09252,14.529815,15.271024,13.177857,10.789156,12.186644,13.308312,11.268621,3.6865609,9.852751,4.9269943,9.999857,10.664272,10.4049425,-0.016068343,8.926778,3.4758782,9.128927,3.4151354,8.6178055,0.35979867,0.31980053,0.3395642,0.27638695,0.40385014,0.34463564,0.36698747,0.27946615,0.42194274,0.31241235,0.43779716,0.32560876,0.2839559,0.2222038,0.31020966,0.26280695,0.3419222,0.2702774,0.3522541,0.2841581,0.32096958,0.27552,0.31311846,0.26557708,2844.9380068612104,953.7345295412842,3219.567936576407,437.0239194836209,6841.255177367314,1982.397835522399,0.0997370154195669,0.05438088073963426,0.24325845,0.08162117,80.74951171875,pop.00066.wav,pop
-52.5842,52.11981,37.492367,27.865685,14.0829,21.81325,18.178389,15.000867,16.777842,12.418345,5.952137,14.022672,6.4206605,11.505591,2.690649,10.859583,-0.44427052,10.275968,3.2166364,9.949761,-3.9433198,9.901864,1.6200885,9.347726,0.3167599,9.802961,0.37904975,0.2608319,0.38723925,0.26269332,0.5467228,0.33097836,0.48812634,0.30476132,0.5031339,0.3449647,0.4261709,0.31822547,0.42225802,0.26164243,0.520548,0.33042794,0.39691883,0.2678797,0.412963,0.30166882,0.4191514,0.2989704,0.4641102,0.30455717,3889.1427979836844,1024.5819049053546,3271.0610892744326,314.05401738604905,8055.1083168684745,1279.5285905937828,0.1909561098221191,0.1153915118648194,0.19133395,0.08839954,112.34714673913044,pop.00067.wav,pop
-29.299528,56.46921,53.877113,37.633827,-1.700412,22.524412,15.489958,20.718449,1.0905544,21.05273,0.53732526,18.687525,4.8971496,12.92522,-3.2253232,11.185679,-1.6960156,11.381103,2.227417,12.0414915,-7.136839,9.222669,-5.9993052,9.381535,-2.9869275,8.841833,0.34576735,0.2578873,0.39692044,0.29084384,0.4572346,0.3468788,0.44411895,0.3134076,0.44702578,0.31850782,0.4020544,0.27090168,0.5572282,0.34720638,0.34792838,0.27685133,0.32460168,0.26802966,0.39150473,0.31164533,0.3699716,0.26949978,0.40464368,0.31642923,3262.9888381783744,1108.2427980739678,2931.274188813361,438.9503507773431,6715.594864776682,1880.7401197442775,0.1549981420388631,0.10555603657323948,0.245588,0.11653568,129.19921875,pop.00068.wav,pop
-30.302332,47.98513,88.46916,22.534752,-6.565683,16.844023,32.79242,9.824138,8.502236,7.848845,8.387787,7.6308417,2.0520325,8.810535,6.863294,7.577357,3.578138,6.9647865,2.7206445,6.772888,1.2915944,6.3322983,3.2918952,6.057176,1.5701153,5.1191764,0.51732934,0.2662041,0.40375492,0.22752255,0.44705406,0.26368785,0.5138709,0.23869129,0.68276626,0.3029898,0.4751017,0.22714223,0.42124313,0.23627886,0.42367613,0.25084314,0.44540998,0.25049615,0.48375794,0.28307116,0.5091406,0.2635522,0.6401311,0.28979325,2327.3042883656067,571.410351523789,2516.6762247035786,279.98031737436025,4929.812855731583,1099.808900928253,0.09544520072022429,0.05153188990537347,0.21548757,0.06713749,107.666015625,pop.00069.wav,pop
-91.86157,98.28604,56.67706,27.31831,13.78416,28.383553,15.054892,20.061657,0.9043137,15.892705,-4.078767,15.679841,-0.23014724,13.109039,0.56696546,11.007266,-4.5866685,10.943407,-2.6130123,10.172322,-2.7646897,9.511689,-3.1039546,9.122417,1.7949009,8.532127,0.5118894,0.33119223,0.43821892,0.28361773,0.49061587,0.31476784,0.34271407,0.2525676,0.34902927,0.26171887,0.3887208,0.29446477,0.34738448,0.24949113,0.43188056,0.29754367,0.45568913,0.27007255,0.63080734,0.33037642,0.43421996,0.2728463,0.42685214,0.29164028,3142.6674697923404,1005.3361985776987,3002.05900266733,546.9591509798776,6826.525000906323,1881.3538081058,0.13640418056361175,0.08525720720971279,0.16773868,0.111895666,123.046875,pop.00070.wav,pop
-52.5842,52.11981,37.492367,27.865685,14.0829,21.81325,18.178389,15.000867,16.777842,12.418345,5.952137,14.022672,6.4206605,11.505591,2.690649,10.859583,-0.44427052,10.275968,3.2166364,9.949761,-3.9433198,9.901864,1.6200885,9.347726,0.3167599,9.802961,0.37904975,0.2608319,0.38723925,0.26269332,0.5467228,0.33097836,0.48812634,0.30476132,0.5031339,0.3449647,0.4261709,0.31822547,0.42225802,0.26164243,0.520548,0.33042794,0.39691883,0.2678797,0.412963,0.30166882,0.4191514,0.2989704,0.4641102,0.30455717,3889.1427979836844,1024.5819049053546,3271.0610892744326,314.05401738604905,8055.1083168684745,1279.5285905937828,0.1909561098221191,0.1153915118648194,0.19133395,0.08839954,112.34714673913044,pop.00071.wav,pop
9.566639,46.56281,88.86886,28.413023,-20.312077,17.137281,5.1106977,13.708042,-2.9176502,10.913288,-0.17563917,9.44389,0.33215398,9.816345,1.6097705,7.883156,-2.2632651,7.22968,-0.9502328,8.030741,-6.214681,7.2790847,-2.9705687,6.819081,-1.8106343,6.148942,0.5031804,0.27184173,0.42251065,0.26490897,0.45950028,0.278556,0.45010242,0.26137778,0.42700857,0.24875258,0.4661715,0.27580866,0.42968607,0.24736309,0.5348107,0.29752824,0.5464292,0.28308663,0.4783462,0.2587077,0.5238176,0.2854652,0.5266509,0.28696656,2568.447243315681,634.792962048575,2558.8094069334275,418.34258083281753,5349.868526591502,1495.2928019767253,0.13159538440158547,0.051069188131106086,0.23431744,0.069917336,117.45383522727273,pop.00072.wav,pop
-8.573005,55.026558,54.295788,23.152418,20.964115,20.567501,13.100406,13.006518,9.715855,10.3466,6.0221763,11.041703,10.730787,9.931253,6.106817,8.210487,0.69694126,8.238833,5.003989,9.332873,-3.447254,8.604307,0.8748061,7.267334,-1.9368966,7.9341288,0.34423235,0.24022093,0.47734183,0.2995402,0.46131447,0.29696083,0.38329443,0.26654094,0.4305344,0.29531807,0.3602706,0.23109443,0.5956787,0.3325612,0.4065845,0.2553988,0.3541018,0.22474468,0.4646136,0.30735585,0.37050352,0.23764928,0.43413442,0.32291225,3669.810466570258,938.1095190847507,3295.063698977605,333.73212631932296,7876.372738725348,1289.8977884673598,0.16179669373549885,0.08465470988421296,0.25978214,0.09606812,129.19921875,pop.00073.wav,pop
-93.60379,65.2155,59.69202,35.948784,32.112217,24.120094,13.114083,22.070778,13.279964,15.43498,-6.8682327,18.98967,2.3307686,14.930014,-7.890427,15.967469,2.2889934,12.25645,4.4886527,12.088027,-4.043744,12.910774,2.6732008,11.04298,-3.0848534,9.934697,0.39070407,0.31676745,0.3243409,0.29340044,0.39218843,0.3513965,0.3220339,0.26773018,0.3503769,0.3354093,0.28806168,0.23910822,0.44845125,0.37015697,0.29588765,0.2679592,0.23591849,0.24423788,0.2973519,0.2913384,0.35252395,0.27915627,0.49489382,0.3679094,3420.362078342947,1252.7003064294129,3369.237131912718,402.5367397045203,7790.464750851943,1835.8137960715665,0.130859375,0.10667253752296896,0.21034999,0.14503829,83.35433467741936,pop.00074.wav,pop
-68.860146,56.866608,40.489044,25.789848,25.370588,18.06722,35.75651,17.090317,13.383733,13.011458,2.8279078,13.796873,12.753467,11.703148,4.4852962,9.748727,3.3516154,9.469036,10.027184,9.14678,-2.3804996,9.238843,2.9910667,8.190534,-1.7973542,9.477697,0.41068792,0.2874635,0.47073495,0.32646474,0.47854996,0.34328556,0.385496,0.26431838,0.41590053,0.3367586,0.33930722,0.22719109,0.46941322,0.33438522,0.33336794,0.23830207,0.32575652,0.25103205,0.38878277,0.30133605,0.40213856,0.2845654,0.49195543,0.34348875,3644.7182707334355,969.7571866985928,3200.8017239876526,313.36898571254466,7658.242889899942,1273.3221504047776,0.1591457004060325,0.09827730742805764,0.18559822,0.092352115,95.703125,pop.00075.wav,pop
-38.28165,67.61575,47.84698,25.459278,20.056112,20.139793,23.821383,17.035639,19.78131,15.721547,13.649933,15.517089,14.685269,10.707792,4.5588145,9.956216,7.704077,8.927664,8.944439,9.509111,5.4234066,7.0986195,1.1563925,6.562543,1.087511,7.3229804,0.41006458,0.26640365,0.5051612,0.30943525,0.35640237,0.25150797,0.4055107,0.2580541,0.47013766,0.26278532,0.4964796,0.27719742,0.5786794,0.30113465,0.4936835,0.26899958,0.5314856,0.2779232,0.5526346,0.31412154,0.44513038,0.25968504,0.4609729,0.3371206,3543.3211015342667,967.8871922257291,3311.2162509112377,396.79907459243736,7779.922973916038,1627.5628083745519,0.14274050778228925,0.08202885266015049,0.24525866,0.0913427,215.33203125,pop.00076.wav,pop
-34.210648,70.88203,40.406387,30.597593,17.489128,22.24588,13.413984,16.205748,13.248571,11.785262,7.451953,10.879677,18.189602,11.175028,2.7271252,8.967931,4.3492947,8.492952,5.8229604,10.0037,-1.1435416,8.96741,3.1195772,8.499874,2.4273858,8.159888,0.4543764,0.312207,0.41095197,0.25223398,0.4789233,0.32594714,0.4470203,0.2993038,0.41102773,0.26730317,0.49324304,0.34465623,0.42267781,0.2922991,0.505992,0.3284179,0.44588307,0.28592724,0.47932217,0.33102265,0.42594448,0.30593857,0.36724803,0.26441434,4036.598130555536,1137.4545236791337,3342.1673492869427,329.3525059564205,8331.018094728828,1382.1660280744966,0.21382753589037123,0.11607546270493543,0.23100165,0.12734859,112.34714673913044,pop.00077.wav,pop
-42.77917,67.897545,62.83609,32.260372,4.7744255,26.302422,24.058712,18.575066,9.644877,16.601204,-1.8775445,15.437687,9.271585,14.058953,-2.9615216,11.209617,3.1853058,11.423287,5.93049,10.5464,-4.7646003,9.858336,3.0226665,9.249713,-1.2427323,8.385501,0.40792727,0.25773326,0.44812357,0.3106159,0.44439542,0.29111412,0.49174514,0.31534988,0.3755346,0.25631282,0.3581645,0.24627022,0.46695727,0.28169984,0.46853164,0.26270023,0.6190835,0.3282006,0.5028297,0.2940164,0.45000556,0.28895026,0.4266473,0.2983156,3123.159015699048,973.2321258947588,2970.17709218884,470.92890676980255,6616.363936068011,1892.8804239534477,0.14262155295340295,0.09286593245634851,0.22339483,0.114067554,103.359375,pop.00078.wav,pop
-273.31802,86.00745,103.152855,34.65969,8.712922,22.620863,31.704931,13.937697,12.510407,10.331298,3.4897337,13.708246,3.9333584,8.548967,-0.15388507,8.047607,-3.9061587,8.575015,3.2333572,7.73464,-6.3654838,6.5139866,-1.5428927,7.0714936,-3.2172756,5.8026476,0.4052804,0.25419796,0.49672583,0.37422377,0.3364036,0.26861623,0.34179017,0.2904956,0.34450027,0.3137707,0.29550457,0.25778311,0.40678802,0.34541866,0.28426892,0.251787,0.25553343,0.25941196,0.20093852,0.20556122,0.31873786,0.26287153,0.53657174,0.36457112,1995.1863128060938,977.1020968093634,2424.919018383104,556.5847792946961,4383.364110535093,1980.5472386634838,0.07252581508604021,0.07488531475411396,0.037541915,0.0199553,112.34714673913044,pop.00079.wav,pop
-44.98689,59.44372,69.775894,28.831581,11.840672,20.16892,8.117906,18.406181,12.628617,14.2819,7.8121014,16.132345,11.339222,11.194673,0.18483156,11.322131,9.635791,10.638123,2.8409944,9.270813,3.8533392,8.697232,-0.84170926,8.027477,2.1321976,9.091152,0.39151245,0.3117873,0.4296973,0.29280245,0.52472824,0.32115403,0.38569787,0.26958793,0.36634028,0.26420635,0.43385607,0.31539604,0.44559723,0.27219662,0.5933117,0.34000534,0.43868604,0.27814934,0.4130147,0.2957383,0.41825137,0.31197897,0.36179003,0.2581308,3151.406047783485,910.6965599960469,3220.6233816096524,368.1621038616109,7294.5599124492455,1755.4199938580193,0.12755734000386698,0.0698245952059294,0.21566187,0.09078398,112.34714673913044,pop.00080.wav,pop
-137.74448,62.226036,100.25638,25.008085,14.398748,20.009031,15.412896,18.492746,2.327178,15.148538,-1.0672592,11.303192,-2.105049,12.08336,-1.6893662,8.913552,-5.314717,11.228776,-1.78285,10.116536,1.7410489,9.705361,-6.1848674,8.52134,-3.032749,8.538231,0.45046106,0.34423986,0.32306433,0.22808594,0.40916038,0.33940887,0.33043784,0.23406574,0.40690586,0.2960003,0.53623223,0.3312448,0.354319,0.22836277,0.42104006,0.34480038,0.31672913,0.22864817,0.37989065,0.29814953,0.25377315,0.21159197,0.2576948,0.19851969,2246.5077750266328,710.3447016314847,2684.3093231194107,443.17442976471364,5154.995536361659,1722.6658437480844,0.08596620021268368,0.04231690410870052,0.092144385,0.034893986,143.5546875,pop.00081.wav,pop
-62.048714,49.989258,64.204506,21.088562,29.86741,13.781763,23.252483,10.125298,16.257404,10.055836,7.4441085,10.169867,8.867356,7.778689,6.4148307,8.178716,7.411366,7.3032146,3.0190263,7.9636974,1.4687115,6.441822,2.979093,6.2687917,1.8576168,6.2187595,0.5788325,0.32025716,0.40602428,0.20782396,0.35509884,0.24603997,0.32295805,0.23414408,0.41038948,0.305015,0.40921855,0.2945319,0.45878318,0.32838762,0.45537367,0.3201229,0.41969186,0.2586379,0.5170389,0.3054224,0.5830182,0.26411748,0.6276686,0.3173319,3169.134248059376,791.6777580436942,3341.543632201225,288.421450524339,7556.0892410455335,1300.0433171664854,0.1003438738640758,0.0597290683556301,0.20792219,0.085252084,129.19921875,pop.00082.wav,pop
-104.46266,45.65984,86.86334,22.549385,28.752209,18.747864,26.619091,16.745644,8.907512,15.414991,5.6653743,12.395067,7.7535815,9.849559,0.4625296,9.818273,6.6260905,8.797543,6.566947,9.93145,0.37621796,9.300966,2.1416807,8.152803,-0.022565164,8.532064,0.33359575,0.3356516,0.29100445,0.29242858,0.24733801,0.19684047,0.43236417,0.38464022,0.2793742,0.24041313,0.28225282,0.29453787,0.19824097,0.17281605,0.34549618,0.32785928,0.31648776,0.28541175,0.23182182,0.19271472,0.3666489,0.34580263,0.25326526,0.2129968,2489.447357851833,742.2635489583755,2941.850498795865,454.929994766048,5976.6962392147625,1742.6410806186407,0.08426080336426914,0.04035923122089996,0.14295633,0.04444872,123.046875,pop.00083.wav,pop
-112.48632,70.94424,59.74963,48.247074,14.487183,30.274559,19.165525,16.244038,15.12468,17.710207,-3.2217548,15.874015,6.0984907,14.147393,-6.6846037,12.608329,1.4646186,12.682535,-1.171687,11.773667,-1.2355337,11.52811,-0.7678505,10.018955,1.8864989,10.265904,0.4581111,0.3385334,0.42733058,0.28265458,0.5451745,0.3434634,0.36476174,0.25710866,0.32725742,0.29336143,0.2692111,0.25378177,0.33888683,0.26261118,0.44117552,0.33162916,0.41024107,0.285646,0.5237699,0.3702877,0.40887573,0.28322947,0.39390594,0.28998134,3263.2580881824388,1613.0416519506764,3047.5290765767513,688.4881068932605,6830.038926551624,2868.330694340523,0.13584263824439288,0.11817455252828675,0.17923316,0.097172976,99.38401442307692,pop.00084.wav,pop
-81.73381,84.56945,78.610695,41.16352,-17.252422,33.052746,24.50192,17.359438,8.414266,16.450695,2.1506557,14.079496,5.5259156,14.912807,1.9490923,10.751422,8.798311,11.11953,-0.12679593,9.95639,0.49805018,8.381364,4.6413984,8.019664,2.3908508,8.809355,0.35904402,0.30535612,0.39587027,0.2542861,0.5568014,0.3180488,0.36900648,0.28166708,0.40391302,0.30067483,0.37999582,0.27645317,0.46640667,0.2915316,0.586589,0.3602894,0.49214408,0.26476395,0.55863595,0.3146578,0.3857322,0.29159537,0.3725472,0.30093274,2516.3904027255376,1023.0347638861294,2465.9151106406716,626.3175435133746,5087.9478366081785,2121.8314444803086,0.12202575164346481,0.07675648177319705,0.19529577,0.066986375,117.45383522727273,pop.00085.wav,pop
-50.462906,41.670845,56.434635,18.909727,12.568678,13.10858,11.273363,13.079881,-2.7383478,9.407867,1.3627747,10.78313,4.54315,8.831571,-0.95957243,8.713888,2.2985399,8.470818,2.7476232,8.217721,-1.9773546,7.392708,2.5896602,7.3000216,-4.024152,7.000653,0.24604145,0.18821537,0.33338526,0.2429498,0.42152286,0.2847068,0.29740897,0.20186755,0.4150895,0.32257667,0.2949097,0.20292409,0.47990713,0.31447652,0.5316715,0.3288562,0.40451175,0.21535693,0.5222785,0.3330663,0.33978805,0.22016877,0.36546263,0.26926315,3593.7703164134628,722.2170698623968,3171.0019787410743,252.04472266053642,7634.611323593387,1066.5279184026965,0.18515413524748647,0.07681584389215093,0.13245592,0.038678408,129.19921875,pop.00086.wav,pop
-47.046474,43.47368,55.77844,26.660389,27.639791,20.83454,19.186356,15.305803,15.182663,10.526028,3.178056,12.731023,5.622395,9.42702,1.6052535,9.979966,4.1364326,9.345532,1.6200367,7.7687745,-1.5827998,8.654051,-3.0032368,6.778246,-7.6308455,8.340986,0.25365117,0.25359976,0.32105133,0.25324917,0.56860906,0.3557021,0.36796975,0.26191968,0.3067138,0.31246898,0.25818306,0.23234229,0.35488057,0.24929418,0.5720515,0.36042878,0.35790274,0.24211612,0.34442097,0.30604327,0.2631734,0.24452162,0.26023272,0.26007062,3588.1493148981713,972.4874617395589,3336.585477336325,331.43928141974516,7948.000199390951,1286.114141513678,0.14645907349671308,0.08833358531453843,0.19086911,0.04675867,103.359375,pop.00087.wav,pop
-42.878845,89.6347,54.87919,33.35804,17.034237,21.102839,19.789734,18.324318,6.8593764,13.988349,2.7694361,16.057148,11.8246565,12.52912,1.2087954,11.1043825,7.942111,9.695008,1.1286346,9.849434,-4.0773544,8.409257,0.12817997,7.9379597,-4.238941,8.375604,0.36638406,0.26453096,0.43803614,0.26614434,0.5713143,0.3296731,0.44444337,0.2826692,0.41602215,0.29360244,0.40214407,0.29749817,0.42796218,0.2929774,0.4271676,0.3112603,0.38576886,0.27508345,0.51168174,0.3264638,0.4054267,0.27869546,0.3802283,0.28727683,3510.545185903128,1150.3436937968331,3148.4515676875453,419.10003162421896,7255.865096160818,1946.969923447908,0.17195732429427688,0.1055741109024025,0.23481187,0.13013212,99.38401442307692,pop.00088.wav,pop
-47.762146,89.3736,55.56731,34.98261,19.230349,25.255701,24.48204,18.003784,4.050312,12.877265,1.5448121,16.713594,6.95316,12.454212,-1.0432366,11.178349,3.0896835,10.99323,1.7900028,9.156488,-3.0425477,9.957746,1.9349972,9.151799,-4.6770983,9.047841,0.36976442,0.26689854,0.43075204,0.23844995,0.61476094,0.32375425,0.44889998,0.26438245,0.4537866,0.32593685,0.4576348,0.30934244,0.5239962,0.32195678,0.41705856,0.29126415,0.3584896,0.24524726,0.45676595,0.3038179,0.36721095,0.25059843,0.34504944,0.25696427,3400.226425763872,1119.7318158644116,3070.5169963143985,464.1321161137368,7052.723555775087,1969.0594485377942,0.16564063406322505,0.09894037829015967,0.22049896,0.10772063,99.38401442307692,pop.00089.wav,pop
-44.74116,43.73757,55.06154,26.185863,27.15506,20.937729,19.494202,15.076357,14.6937475,10.792324,3.204387,12.81392,5.5031357,9.479513,1.4257253,9.941743,4.495547,9.268817,1.3721119,7.710039,-1.658604,8.649602,-3.534179,6.7347965,-7.919715,8.310558,0.25396326,0.25365713,0.32038108,0.25193736,0.5696119,0.35382155,0.37011656,0.26147333,0.3072661,0.31208628,0.25895366,0.23351869,0.35426977,0.24801263,0.57423437,0.35894588,0.36066464,0.24310002,0.3451349,0.3052841,0.26344073,0.24345818,0.26026383,0.25861263,3603.816900374411,967.6684166298509,3334.330761261135,332.6693264179651,7960.298939149507,1265.6644255756862,0.1475236248066512,0.08844461283143062,0.19402906,0.04731153,103.359375,pop.00090.wav,pop
-8.454617,55.246517,42.056644,21.55861,8.262312,24.479567,17.968647,18.16211,14.042866,14.950036,7.3565307,15.0541525,5.724671,12.848155,-1.8928553,10.243028,4.611337,10.028796,2.0782142,8.304393,-1.0689781,8.094874,-0.65995014,8.038196,-2.4383576,7.2941523,0.43268657,0.28456205,0.49214965,0.33290428,0.39429137,0.26523703,0.4292527,0.31525478,0.35779074,0.28508013,0.40629375,0.30958334,0.519227,0.36825064,0.41812074,0.29878414,0.42847005,0.32252392,0.3639607,0.26783428,0.43487275,0.29623783,0.41776228,0.3131153,3694.9173925155565,878.7931465766103,3245.8503220882585,349.9557399646917,7867.8210760767115,1246.2327575647412,0.16674106063901778,0.09942736200567373,0.26519832,0.09275255,117.45383522727273,pop.00091.wav,pop
-26.023748,56.531776,60.92531,27.60542,6.0020447,26.204365,17.740946,15.187929,5.115728,13.382727,10.427114,11.367994,2.4726002,10.719506,4.9311967,10.019035,8.130399,9.90015,3.859981,10.296623,-0.1778275,8.756059,7.2514496,7.927097,4.965224,9.296206,0.5666818,0.28568915,0.4688309,0.2551505,0.45369002,0.26218608,0.36323774,0.2534766,0.39651072,0.2781125,0.43667188,0.29845023,0.48975977,0.2843826,0.56117874,0.31568304,0.51360464,0.31034464,0.505027,0.2870115,0.5247311,0.2809039,0.56899613,0.28606787,3270.0808829080115,932.2687560669315,2988.7582143570103,474.7932737663174,6880.766023781903,1698.247905786603,0.14528500821732404,0.07794635025652029,0.22702415,0.09122988,107.666015625,pop.00092.wav,pop
-20.244305,35.7362,57.762615,19.205883,16.79944,18.455755,18.260643,11.945989,8.965957,10.375106,14.902181,11.667499,2.6743503,8.95897,3.7542834,8.821274,1.1086354,8.549121,1.8431586,7.429683,-5.9786644,6.994343,-3.6034944,6.8509884,-3.6503112,7.0844994,0.64263576,0.3344593,0.445378,0.25145194,0.46406767,0.30914512,0.42001167,0.30442545,0.32585454,0.25018835,0.3823357,0.33533478,0.32502428,0.24016173,0.47061306,0.31013888,0.35979435,0.27144113,0.31920755,0.23791176,0.37946975,0.28554273,0.4517428,0.26797426,3259.351118526445,626.4222038876201,3144.5113342829245,262.33991392802534,7269.646013087297,975.6529707129274,0.13163352547370458,0.058986569938114575,0.24572903,0.08659798,135.99917763157896,pop.00093.wav,pop
-42.241444,52.36379,82.16851,29.904806,-2.227361,19.68213,19.91206,13.861485,13.8555565,10.963687,0.85311645,13.31048,7.9228992,10.473016,-0.71227854,9.501023,6.8727417,8.062654,-1.9014206,9.042623,-4.6892295,7.8308125,-3.169999,7.901892,-2.9372368,8.135946,0.40010276,0.3264877,0.26100612,0.25448385,0.28401154,0.2307332,0.37083763,0.32314783,0.21996824,0.18104798,0.33715457,0.32591924,0.2064823,0.18237889,0.3626115,0.30316833,0.40676537,0.32977283,0.3177978,0.21215253,0.5386908,0.38356888,0.29039806,0.21378656,2806.873512822643,899.5459148171467,2858.2355915164476,528.0278888835848,6104.063553599913,2024.4052933777814,0.12851841949439288,0.059235850100132395,0.1985883,0.08373839,151.99908088235293,pop.00094.wav,pop
-36.638824,56.38913,73.07811,29.31344,39.13519,22.156681,20.312122,18.233042,12.493178,13.002367,2.1483605,13.451482,11.728564,11.030525,-2.4226382,11.197778,6.638518,11.269671,3.1705885,8.797926,-5.384551,9.316119,-3.1425967,8.800693,-5.7730885,8.359779,0.4261071,0.31351995,0.3333137,0.23799352,0.43071887,0.35600486,0.3495037,0.27449155,0.37269503,0.3106816,0.3870625,0.33524275,0.30697164,0.25105447,0.4411099,0.35175654,0.36758804,0.26291165,0.36408192,0.2885639,0.2844048,0.25697282,0.3262088,0.26916823,3047.4927543771933,986.57266046873,3306.7960074112634,443.16391577652706,7385.888671875,1879.176025408222,0.10640263981535189,0.06580741676594426,0.30359313,0.098732196,103.359375,pop.00095.wav,pop
-59.051575,58.973633,61.004276,30.380323,27.743502,24.974697,23.84954,18.911753,12.297715,13.255385,7.377119,12.957042,12.317067,10.1551075,7.139927,11.359835,13.406534,9.144478,2.49732,8.397607,-1.9689049,8.791877,-2.4171176,8.031831,-4.516286,10.009366,0.28870478,0.2993701,0.27573565,0.2623818,0.32040006,0.28771833,0.32792306,0.30689913,0.32392544,0.288793,0.44378847,0.36102942,0.3910336,0.304887,0.34325498,0.3105921,0.26353168,0.25479892,0.35078117,0.30931613,0.4595926,0.36512437,0.29041073,0.2635993,3126.570348199454,1137.565990059688,3162.8049330192166,446.8628156902546,6931.9177897513055,1955.5168020139229,0.10530825538959783,0.06439797723798822,0.25110945,0.06998897,92.28515625,pop.00096.wav,pop
-125.51832,73.47313,51.231625,34.015236,38.500435,33.572777,14.496834,22.162163,16.24374,16.510704,4.6439257,14.827608,12.31821,14.79293,1.1781602,13.2553215,1.729141,9.402062,9.767175,10.805112,-2.8228533,9.266318,2.080858,9.136873,0.85810906,8.266775,0.44642198,0.29710847,0.42436522,0.26553512,0.49158686,0.331715,0.4219072,0.27779427,0.44034633,0.2852834,0.42226732,0.28200322,0.40650707,0.244309,0.5063203,0.3103306,0.5427352,0.33868048,0.5935223,0.36551863,0.4772178,0.29233772,0.43256238,0.2531443,3508.793497842634,1511.848143774415,3309.975742853328,421.36872668684515,7585.041656848173,2069.5597915812937,0.13715000845901004,0.14165495733416983,0.20420928,0.14002018,99.38401442307692,pop.00097.wav,pop
-26.940434,66.52131,46.743637,24.3071,8.683473,23.5,8.586894,19.006117,6.084411,11.040315,12.43607,12.231094,6.9747324,12.228032,2.499159,11.644562,1.1518143,11.425455,7.257162,9.009095,-3.1354442,10.224892,1.2637734,9.497354,3.8410106,10.750807,0.4861362,0.3391728,0.3651144,0.26691133,0.42022285,0.329125,0.3947467,0.28680733,0.42749813,0.32664645,0.27194116,0.24999936,0.29997024,0.25621232,0.41673756,0.31983748,0.38825342,0.29367912,0.46007356,0.34281853,0.38197538,0.27084282,0.47727582,0.32281548,3633.1617304451615,820.5770887010065,3133.8022963309218,313.34671034435837,7532.774094583817,1172.1261702899474,0.18300841671500387,0.08815040171982177,0.21295623,0.0750004,117.45383522727273,pop.00098.wav,pop
-119.3696,67.52952,85.97376,26.251413,33.870014,21.385048,9.980801,13.477106,17.702011,11.022189,0.5173516,14.616907,9.578705,11.429787,-5.3154035,13.410628,4.174863,9.896093,8.122892,9.889278,-7.9832706,10.138776,1.5733023,8.33142,-2.9313238,7.616935,0.35514536,0.28006873,0.38723668,0.33952224,0.28135186,0.26400265,0.309578,0.26374334,0.41893607,0.3483864,0.29291683,0.23662278,0.35822582,0.31729704,0.33440718,0.2567061,0.4342096,0.32969075,0.37009966,0.31218132,0.33754325,0.26464817,0.44607645,0.33646494,2765.1075887449138,916.6483333495099,3222.4481088277003,417.36741781457647,6871.273428436775,1971.3886937038683,0.09597275594547564,0.060385818585384186,0.13809818,0.05033874,78.30255681818181,pop.00099.wav,pop
-159.48033,57.424225,104.85739,19.539608,-10.333498,22.189503,34.647846,16.79834,-4.978135,12.636547,26.803732,11.361533,-21.9402,11.655496,23.42468,10.308163,-14.025368,9.365914,19.575533,10.266502,-8.296037,9.914079,9.729553,10.642619,-10.074867,9.813506,0.25260183,0.2178996,0.4454117,0.3566841,0.32408044,0.2808519,0.24811676,0.25315922,0.41257954,0.35303536,0.37163103,0.2860068,0.42031518,0.36835903,0.2717583,0.23242027,0.30119717,0.26731578,0.3843416,0.33833554,0.26606008,0.23562565,0.2504271,0.25934958,2133.3521515473035,525.6489660194006,2289.5782061974537,361.8390505863507,4801.404686593677,1382.8506147460844,0.09779937342904099,0.03578463478363092,0.094102465,0.04210399,123.046875,reggae.00000.wav,reggae
-190.9372,54.273003,127.41596,27.916313,-3.7882683,20.750587,26.704466,11.38492,-12.820788,11.212417,23.924116,8.813394,-8.222865,9.732163,9.962504,10.680265,-12.229613,8.940492,13.450587,8.892667,-7.066006,8.7452135,1.6455318,7.9870925,-14.528188,7.5396147,0.3913294,0.28468654,0.5062697,0.3348805,0.25153738,0.19434044,0.18557611,0.19326682,0.22227526,0.17663428,0.4462703,0.31391096,0.39263558,0.337222,0.3991013,0.25052243,0.5796712,0.3483936,0.3095622,0.24266438,0.27302837,0.30285412,0.23152368,0.21269421,1638.9307245186246,639.6090701431849,1995.1894577900891,462.32742625945934,3574.7781775667054,1645.3276605945525,0.06396975299690642,0.03682424105245438,0.0819897,0.040178414,151.99908088235293,reggae.00001.wav,reggae
-189.09105,79.60679,110.86749,26.81633,2.9827712,25.160406,48.36251,17.925392,-6.4262414,13.850645,20.728699,15.605878,-12.56162,12.990984,15.884039,11.887773,-13.630971,11.436482,9.418686,11.250794,-8.044496,9.366478,8.090904,9.452537,-10.641822,10.106264,0.3842362,0.2742691,0.37537238,0.29880944,0.44561914,0.3213857,0.34887317,0.2515429,0.44407815,0.3559281,0.39776096,0.2915056,0.47149155,0.33117822,0.36443403,0.27198285,0.24920328,0.23326714,0.23226467,0.23835751,0.30479953,0.23091361,0.52258444,0.36424068,1796.8948919886882,653.5954613945923,2103.0586758202944,390.6371533347311,3925.263116752465,1600.7945761386175,0.07510279207753287,0.04206508796196462,0.092447795,0.042843282,103.359375,reggae.00002.wav,reggae
-201.19154,73.907135,104.146736,33.566555,-15.439406,27.650513,30.81282,17.732136,14.260963,17.302025,31.42331,14.769252,-7.8610983,15.00616,17.967077,13.765977,-4.053848,10.721597,16.94223,10.013072,-11.208057,10.197318,12.122964,9.70201,-5.282073,9.61384,0.3111112,0.23353742,0.4648225,0.3267791,0.4211152,0.31196675,0.3625227,0.29419017,0.51408947,0.33098084,0.42487112,0.3054445,0.3802759,0.3145806,0.27617568,0.23280862,0.34032756,0.2633392,0.47948578,0.3765377,0.3665292,0.27467573,0.35595664,0.28358108,1923.603059591631,830.1289766033339,2108.0590439675548,551.4793266071543,4154.2594891966355,1949.7224116634602,0.08490731341840681,0.06345366560108498,0.09414366,0.046409845,143.5546875,reggae.00003.wav,reggae
-175.5785,83.973236,104.87788,29.598791,-15.688772,23.63881,27.520798,19.392406,-8.110774,15.6146755,24.028858,14.111802,-10.312878,16.018469,18.851536,13.673657,-8.380903,13.576222,11.850701,12.615814,-7.579116,11.6101,12.561645,11.233122,-6.039826,9.766441,0.35418266,0.2570588,0.48644,0.34053573,0.3324855,0.28782532,0.29074293,0.25060612,0.41026878,0.30313137,0.36812088,0.28366026,0.4158314,0.3214493,0.37915298,0.28283224,0.48774463,0.3098462,0.5609498,0.3484805,0.39088562,0.27426544,0.34547725,0.27511528,2009.762594680229,701.0585194699432,2141.368199617865,424.1141584265239,4304.875335339327,1550.791338162621,0.08445301926237432,0.04917553232937715,0.10105628,0.05230503,123.046875,reggae.00004.wav,reggae
-176.76518,73.5383,116.84068,28.449434,-21.308065,23.114634,38.76341,15.643652,-5.4505615,18.884874,26.620836,13.595203,-8.181731,13.671475,15.778048,10.234729,-10.484447,10.566035,11.044603,10.873565,-10.051371,9.147943,9.914849,9.200376,-3.2497032,9.340936,0.46734726,0.35123405,0.37569112,0.2834824,0.4067344,0.2928214,0.4878355,0.34079713,0.38605472,0.300418,0.34389347,0.32129082,0.35323778,0.28481853,0.48692423,0.36058718,0.25784647,0.2135965,0.20975867,0.20701315,0.28245503,0.26857254,0.32029837,0.25982654,1798.3807585425818,628.3295866435507,1964.172675864807,398.5672866116354,3796.5385277697214,1406.9238571864328,0.0730159845079273,0.04155658725412624,0.10028513,0.050026335,161.4990234375,reggae.00005.wav,reggae
-207.39706,71.947586,134.70505,33.26913,-9.09317,26.919807,38.44704,20.660715,6.303592,19.949944,22.595772,13.592868,-8.299388,17.70749,16.295506,12.32029,-8.471838,11.020785,4.1403346,11.85342,-4.3538995,10.531162,6.340493,9.60852,-6.9138722,9.369027,0.33860222,0.24799009,0.50461996,0.3673119,0.43181992,0.33536184,0.3244246,0.26758277,0.37443316,0.33354944,0.253258,0.21855028,0.26838544,0.29616767,0.22458467,0.20973,0.35669777,0.31148368,0.41321924,0.34555572,0.28876945,0.2432902,0.33119372,0.2941541,1417.957488637926,738.8094218266715,1704.483861760768,496.6916287467699,2880.3365402044665,1614.4975555090066,0.06082141519238206,0.05099497022365501,0.10504521,0.050837528,75.99954044117646,reggae.00006.wav,reggae
-192.26941,70.869514,116.4957,25.78946,-10.950728,26.932507,29.891136,20.422045,-0.65965116,18.551281,21.443464,11.979605,-11.864701,20.08452,18.651209,12.491327,-13.07924,12.620239,14.465653,12.104832,-7.3812265,11.794034,4.820051,10.382447,-2.8101099,10.724553,0.41249335,0.32939273,0.35866386,0.23865058,0.47051194,0.31924587,0.41307136,0.33170858,0.35306814,0.28139105,0.47795427,0.3339095,0.3471219,0.256742,0.303247,0.29061183,0.28591314,0.25626886,0.34957686,0.26362163,0.4806453,0.34359124,0.37986705,0.2842116,1754.1768111795127,675.996519236905,2026.2008748333603,459.0671256902885,3768.9933475928074,1709.9586654047855,0.07387510271655066,0.044732996398162306,0.09058583,0.039037768,151.99908088235293,reggae.00007.wav,reggae
-194.54175,76.88704,118.60043,33.74931,-6.408213,24.322367,40.801094,22.467472,-3.2935107,17.962555,25.461584,12.325857,-9.303606,15.329683,11.395714,12.786749,-6.1569276,14.185566,15.344735,11.296548,-5.162594,10.270664,5.759956,9.131409,-6.279159,10.233992,0.35975212,0.31054917,0.41665033,0.3099617,0.545191,0.37118578,0.41968265,0.32712486,0.28403708,0.23364738,0.293347,0.26698068,0.3325134,0.25329766,0.4295306,0.35888255,0.2904002,0.25343072,0.35495692,0.29504082,0.38059592,0.31869876,0.3194094,0.26345143,1691.3385554367053,706.6991819360522,1963.2127149972682,459.9055470580115,3656.0647703378772,1640.3165741188857,0.06943789878190255,0.0459686591690261,0.10192524,0.047943663,95.703125,reggae.00008.wav,reggae
-232.50473,80.06688,131.2295,36.59731,2.6469772,24.728539,18.397951,17.370108,11.315558,17.562897,22.92844,15.979597,-10.467937,16.430767,16.771238,12.782219,-15.256651,13.1123495,15.530609,11.669937,-8.389645,11.535188,8.022548,9.964791,-3.7816064,9.914705,0.5174866,0.34173194,0.44544387,0.3348731,0.35620323,0.296708,0.4176108,0.3264053,0.3041126,0.23587462,0.27902636,0.264191,0.23929928,0.20925547,0.38542378,0.32334915,0.48208088,0.3561539,0.4086485,0.3334691,0.38554314,0.31578618,0.37593994,0.252018,1609.8372860104514,1025.8592802687338,1990.4036604258904,617.1203232042609,3270.9318581424013,2217.371335775868,0.06057066596577726,0.04950014936685563,0.086658604,0.043249015,161.4990234375,reggae.00009.wav,reggae
-233.64262,70.66189,87.52443,30.41322,-22.214462,20.109497,52.048756,18.57132,-8.575607,20.349567,24.966368,10.138667,-18.236242,18.129524,1.8883245,10.665062,-9.132005,10.455718,-0.22732621,9.235495,-17.069843,10.0999155,-3.0311315,9.289501,-9.793287,9.304324,0.31703746,0.32475626,0.286721,0.26598158,0.38844365,0.3703874,0.27702895,0.25021222,0.23611891,0.29187456,0.1764087,0.21816778,0.20847383,0.21648057,0.38729298,0.3624099,0.3020422,0.261666,0.3271419,0.35319334,0.26449805,0.23985748,0.36778113,0.3478939,2149.158788656929,836.3769493269729,2036.762828169031,361.4614312697446,4426.5970535455335,1373.373539581226,0.10275318119199536,0.0701293005778889,0.06165027,0.041971184,117.45383522727273,reggae.00010.wav,reggae
-198.73212,69.89132,102.408325,22.849585,-9.996929,25.094034,30.804916,17.6498,-3.2927678,15.693541,20.279371,12.096119,-5.631608,12.11413,28.096033,10.642807,-11.504986,9.615314,18.203848,9.286421,-7.3605947,8.8008585,12.280453,8.84619,-4.3624167,8.289955,0.47119883,0.3225564,0.40684733,0.2673037,0.5343433,0.3546467,0.4536541,0.30662948,0.48018038,0.34686294,0.32322058,0.2596741,0.36757457,0.27091047,0.37929794,0.3150373,0.3328551,0.2858346,0.38570315,0.31816274,0.39705667,0.29634866,0.49019065,0.314938,1995.2769651140734,544.9937560491009,2295.6840965175948,361.21318527854754,4557.769732906758,1409.1954746946592,0.07027624709976799,0.03832405864717607,0.07837962,0.042676028,123.046875,reggae.00011.wav,reggae
-191.19943,72.831505,96.34123,31.41956,-17.658962,26.010603,24.837395,21.645803,-0.889669,19.00628,26.334473,15.703598,-12.93426,16.974005,19.635569,14.809836,-9.790512,11.559261,16.973425,10.323309,-8.587678,10.648974,11.422936,9.66959,-8.202379,9.655765,0.4458636,0.3124082,0.38595578,0.27140486,0.34825158,0.27689484,0.3613848,0.26803035,0.49279648,0.3104411,0.3946402,0.30234405,0.36578766,0.26543778,0.49723175,0.3064671,0.50115275,0.2770652,0.5751334,0.353214,0.38949895,0.25589123,0.3688543,0.2562742,2300.042880381407,951.883611972022,2303.7429281149525,485.1267666662129,4920.853178019866,1835.5012124015773,0.11374762845610982,0.08838365930626312,0.07554815,0.04256629,129.19921875,reggae.00012.wav,reggae
-206.51552,80.2346,122.598175,30.466755,-0.57659143,29.34983,29.354094,16.720413,10.233527,18.067722,28.23236,13.843645,-9.929435,15.644239,13.371487,12.385949,-8.455472,12.140809,11.285515,14.026024,-7.2900777,11.360777,7.073109,10.279055,-10.346017,10.788691,0.31574908,0.28862604,0.38650352,0.28898603,0.50163865,0.34872255,0.3812289,0.2753857,0.40750974,0.35121036,0.38593385,0.32461676,0.44236597,0.3520702,0.31583259,0.26628476,0.2833502,0.25457287,0.30711102,0.2935398,0.28018507,0.27016243,0.3404976,0.32887715,1608.5066742460242,797.0077740119439,1975.3501475048547,552.9961341857421,3436.710876323231,1946.463625901037,0.07061687330819799,0.05928830361292498,0.11161461,0.051028125,123.046875,reggae.00013.wav,reggae
-209.5813,82.13337,105.26066,36.134747,2.570521,28.508842,34.898067,20.096928,15.326888,18.696686,25.199398,13.572469,-6.063227,17.088202,18.243076,14.695192,-5.0739202,14.448274,8.950725,11.245874,-1.018621,11.175045,8.250103,9.512224,-4.0277166,9.8418455,0.41056618,0.29746872,0.33526975,0.2519809,0.3534568,0.31879216,0.3461884,0.27171347,0.42628643,0.3267963,0.32856205,0.26853675,0.30480108,0.2658371,0.3904984,0.32748872,0.4683872,0.30913204,0.5934444,0.36326066,0.41232425,0.26426858,0.3710886,0.2798048,1716.0497964664387,959.0622670530529,2062.6838002523396,598.5437194846602,3790.5515312318735,2175.4906606217905,0.06409059599767981,0.05820430940234148,0.11416169,0.06340943,129.19921875,reggae.00014.wav,reggae
-157.81721,62.1974,109.850296,29.05702,8.465338,22.798779,41.79409,16.593042,5.1190033,14.195414,25.75197,13.917952,-12.951751,13.702848,22.064224,11.057382,-15.503764,11.178564,14.367301,11.57377,-11.917588,8.914884,11.595214,9.245471,-10.627038,8.546162,0.32874838,0.2870781,0.34550136,0.28207907,0.44726998,0.35354018,0.41854513,0.33853656,0.3289393,0.2477724,0.41469604,0.34183517,0.30912876,0.25715515,0.32168585,0.31728828,0.28558093,0.2601434,0.30155185,0.25369498,0.44807404,0.36694235,0.35395506,0.2931233,1923.1216152231764,814.6155497791759,2314.081014883259,521.6679358206455,4492.270825025377,1965.4314147974317,0.06818641845514307,0.043092255849152585,0.13185678,0.05463362,129.19921875,reggae.00015.wav,reggae
-76.086586,61.58001,101.112076,17.500841,-11.623927,20.714485,46.250248,11.674119,-11.212149,8.788566,31.397367,8.69764,-9.473126,9.219973,22.47439,7.4316134,-16.812243,7.496474,15.9744,7.8704877,-9.512783,7.329156,11.821731,7.231429,-7.8461685,6.805537,0.4725294,0.2802571,0.4810187,0.27519137,0.50997424,0.3188608,0.38687047,0.23970905,0.40953517,0.30736977,0.3631709,0.23953865,0.41957596,0.2923326,0.28878134,0.2182742,0.32959613,0.23263326,0.3748978,0.25852835,0.39423072,0.22142774,0.60344243,0.34731513,2118.551041160394,474.45232231312434,2303.0696601109494,286.5242567680357,4853.047736006381,1043.0172063947755,0.07924770700406032,0.03587818885616024,0.1855583,0.048735056,143.5546875,reggae.00016.wav,reggae
-154.80096,68.357475,110.02115,37.379448,-18.445381,24.616255,36.652046,18.52374,0.5233884,20.647127,31.578094,13.732691,-10.432265,17.94802,18.818373,11.661041,-7.174978,14.963801,13.144798,11.603427,-5.248939,11.362403,8.900309,9.419298,-6.7106647,10.992362,0.4117657,0.29818353,0.4433601,0.29236642,0.36638218,0.2686944,0.30394587,0.2167529,0.41262653,0.32752895,0.35664073,0.26552236,0.47220975,0.3297643,0.41040727,0.29397762,0.46179727,0.2915146,0.51182467,0.33058536,0.46236902,0.28958756,0.49731916,0.34104103,1803.9538105585716,811.8403797713994,1973.1231937162263,449.0099613547582,3779.060494761456,1621.3472543270045,0.07795204345514307,0.05957440716881628,0.13969922,0.0599655,129.19921875,reggae.00017.wav,reggae
-170.86713,71.680595,107.73833,31.151928,-1.7606595,23.319077,46.446262,15.128849,-0.19452457,18.557426,24.93753,13.678141,-10.676094,14.133514,18.083887,10.937972,-10.79039,12.87096,11.160347,10.600093,-7.255222,10.822101,6.2078676,9.589111,-6.469771,9.919792,0.41527036,0.3009984,0.3624855,0.24889058,0.41755468,0.33857358,0.39484572,0.30706352,0.44183242,0.3161463,0.41194397,0.3194552,0.3175901,0.24412979,0.31313062,0.25100797,0.33323076,0.24997136,0.5299214,0.369115,0.42169133,0.2895159,0.3774344,0.2791062,1907.6056942036873,868.007922089892,2124.6225269883566,503.47563628621003,4220.649368746374,1905.4365325173624,0.07740447360788863,0.05844321484736708,0.10637723,0.051845513,151.99908088235293,reggae.00018.wav,reggae
-184.58188,92.13195,106.214096,34.66407,4.000761,28.45766,38.70891,16.63789,8.411526,23.547525,30.451197,12.367169,-3.3438368,19.476473,20.298872,11.395944,-1.5424036,12.894163,15.91683,9.797609,-6.5128145,10.173584,13.191903,9.385955,-1.7114568,10.34307,0.44407484,0.31699732,0.48700154,0.3391241,0.389091,0.30696687,0.2837686,0.27146775,0.29650167,0.27456844,0.38424167,0.3288873,0.32903317,0.2687532,0.31089914,0.2759019,0.39379808,0.30283678,0.41260955,0.3242235,0.49342605,0.33982092,0.50385934,0.3490837,1754.0198285353754,955.7499091707772,2068.163203945778,582.5188960674553,3840.3376957656615,2114.3497231547044,0.0712822650812065,0.06443129253250071,0.13867211,0.068198845,143.5546875,reggae.00019.wav,reggae
-177.70435,77.66148,113.62593,28.75775,2.3215327,22.286522,35.830685,18.346827,1.5977821,16.163637,34.69096,12.355674,-8.738595,16.227386,16.286312,12.96326,-9.326431,13.416704,14.186765,11.1994,-2.0729208,12.280051,13.133845,11.467036,-7.250175,11.322911,0.33227968,0.2734142,0.33426103,0.23749812,0.5398729,0.3709533,0.43426442,0.30295542,0.41758475,0.33307838,0.33086753,0.28392673,0.34429026,0.2745789,0.394619,0.35752004,0.3144419,0.28212106,0.31696117,0.27758026,0.30360615,0.25698462,0.38728234,0.33094072,1637.6883378852463,758.0259513842617,2045.9925778482523,457.10990279109564,3595.620253135876,1820.0387040790167,0.056755803485112145,0.0478888125280492,0.13923603,0.053133942,129.19921875,reggae.00020.wav,reggae
-88.075615,38.983307,109.439316,21.051493,-25.164967,17.711365,40.39529,12.392968,-8.778365,11.636099,24.714594,12.193924,-11.52563,12.174727,18.510263,8.772369,-8.291809,8.9383335,17.030918,7.982483,-8.433278,8.631683,9.799046,7.0844555,-12.903516,7.3408933,0.38112673,0.30585104,0.3573666,0.26516956,0.46542695,0.33398935,0.38294324,0.2725816,0.40764895,0.31736076,0.3972418,0.29192507,0.43935415,0.28915045,0.49932286,0.3458454,0.3682436,0.24628213,0.35744452,0.28911898,0.28404066,0.22228947,0.3411464,0.26282808,2006.8493639042417,524.7487296057303,2120.295215487879,317.84041671193694,4323.369242586282,1137.8549610805167,0.09282441814095127,0.03991860684177184,0.15509753,0.06253978,151.99908088235293,reggae.00021.wav,reggae
-91.45286,55.3629,98.79366,21.719591,-23.196144,18.15848,46.873005,15.175173,-6.847095,10.572545,29.29433,11.179078,-9.957948,10.723054,25.666126,8.619039,-10.203301,8.46409,19.623264,9.587456,-8.207199,8.568742,13.411509,7.1386895,-6.494058,8.149864,0.45959625,0.29146454,0.5348517,0.3196283,0.46966898,0.29201376,0.41527408,0.2767492,0.45302638,0.2946648,0.40301144,0.28234938,0.38555828,0.29071042,0.37327296,0.26820505,0.4569485,0.28804588,0.5553934,0.3256741,0.47156036,0.2662884,0.48789832,0.30061904,2059.0247748045203,493.20310292791964,2227.2350169820224,312.79765023072446,4553.198298832656,1119.0804909059402,0.07230036736272236,0.03571399602018973,0.18215874,0.046515405,151.99908088235293,reggae.00022.wav,reggae
-161.77791,70.059395,78.69161,30.719465,-19.243172,19.59819,55.110035,16.007639,13.188936,14.478356,30.961428,12.225729,-7.0107627,13.305866,24.295376,10.035521,-12.827424,11.917499,21.51842,11.153049,-13.527458,8.948028,12.775019,7.8736053,-7.452332,8.222313,0.31983057,0.22940528,0.36472404,0.27064034,0.41509622,0.2891268,0.49917528,0.34909979,0.35869512,0.24094424,0.37985992,0.25576827,0.4527654,0.30849108,0.40069133,0.26775086,0.45452988,0.3216219,0.5086638,0.31358948,0.56280166,0.3333971,0.4257515,0.28485572,2354.8865441845633,859.5373705644992,2336.4779718101163,367.5293939321833,5050.202279854263,1602.3436291232333,0.12024747136020882,0.09109931404858136,0.10782551,0.052436583,129.19921875,reggae.00023.wav,reggae
-169.15335,76.76302,110.46,34.862965,-8.5762,22.223734,43.884247,18.106983,0.2749697,15.671126,26.637419,11.999971,-14.368152,16.115822,13.034431,11.386265,-11.149249,12.897258,8.130109,10.966521,-7.6929665,10.1470375,10.910651,8.840706,-8.175924,9.594254,0.41204405,0.34600115,0.33331418,0.2807172,0.38957936,0.33451295,0.37035882,0.3234256,0.30895132,0.28289744,0.38679087,0.35985354,0.28870836,0.26335663,0.32998493,0.3380437,0.24352928,0.22391823,0.2976821,0.27561495,0.4228181,0.3372062,0.40189248,0.2971014,1811.4103936654164,809.7725836026327,2019.3002564021967,442.1967483300859,3854.8513744380803,1697.237331261452,0.07214969124613302,0.05169738798456278,0.12366478,0.05305604,135.99917763157896,reggae.00024.wav,reggae
-177.28357,90.28923,110.989265,31.66905,-15.664685,31.564598,36.767456,17.345226,0.053477183,19.041317,24.45962,13.630792,-3.7588267,16.283476,18.421553,13.58783,-3.356894,14.342939,13.789159,10.322981,-2.092428,9.620138,8.603011,9.756917,-5.9429135,10.269185,0.36440116,0.33387506,0.29928786,0.24927308,0.41676334,0.34120524,0.36611804,0.2781789,0.44442153,0.34211355,0.38237375,0.32921153,0.32411474,0.25579366,0.4260166,0.3498329,0.3667069,0.29454482,0.33401835,0.31748363,0.2715052,0.24920745,0.35372636,0.30387178,1708.9705332649198,774.3616467175707,1899.2219190734052,521.3654914707382,3582.5804247933584,1760.0157137782403,0.07374708466260634,0.05128237910432424,0.12680219,0.054558408,123.046875,reggae.00025.wav,reggae
-171.62009,85.85174,99.35643,30.382004,-8.280707,25.4311,49.61246,19.847023,1.082139,19.570505,31.125254,13.561884,-7.139069,14.912014,15.894791,11.704572,-1.364951,13.516159,12.743275,12.247701,-5.194913,11.081145,11.808011,10.323485,-5.326039,10.076573,0.3918124,0.3056405,0.38576698,0.28997117,0.41657594,0.32142067,0.37050933,0.2601933,0.47385174,0.3423632,0.42325187,0.3147784,0.4651301,0.31486994,0.40622827,0.31693694,0.2970589,0.24386562,0.31322312,0.2879509,0.36173978,0.2843426,0.5287308,0.36705205,1840.8628555568273,770.9705657272848,2054.397807746018,479.3052353434622,4007.2907981075987,1725.0823380274821,0.07454389319895592,0.04774871937616181,0.13430092,0.059183307,135.99917763157896,reggae.00026.wav,reggae
-177.5211,83.26697,89.96064,31.841467,4.589545,27.249828,40.16102,23.152401,0.16618758,17.68921,23.184372,13.964239,-9.906549,15.242321,12.780389,12.203944,-7.3078594,11.932923,18.747253,11.533663,-5.7444153,11.319138,6.1223145,10.835913,-9.91866,10.127945,0.47804826,0.349978,0.39084545,0.29680637,0.36026642,0.29777342,0.33143184,0.2649775,0.45238206,0.34165224,0.45815518,0.35874155,0.38979685,0.29240847,0.46254963,0.33733976,0.3789838,0.27924126,0.34772134,0.30514786,0.35043016,0.28211334,0.44667792,0.32347515,2086.391662520049,910.9856945572889,2318.02798579396,492.09652100737844,4678.8586114232885,1888.9769957728067,0.08734909730278423,0.07512055476666922,0.12778883,0.07170975,135.99917763157896,reggae.00027.wav,reggae
-256.234,95.15197,104.23235,34.28046,-7.2694902,31.344507,56.268616,16.120436,11.037997,26.172903,27.324654,13.672447,5.8307714,13.37952,17.782099,9.831798,-1.2737304,10.441696,14.674843,9.388258,-3.46669,8.637311,10.861863,7.240128,-2.4603555,8.174828,0.43370128,0.31627855,0.5005649,0.34708878,0.45334053,0.24654953,0.50507396,0.26506057,0.47276282,0.27346164,0.46946383,0.2948929,0.473567,0.26346385,0.51665366,0.23313627,0.6500695,0.3145808,0.51545066,0.26525095,0.4634718,0.297401,0.3951472,0.2949155,1640.7106468821482,891.1491691296683,1906.999172732564,469.74569884897386,3497.346910799739,1768.2816071982802,0.06780765117459396,0.06376562855932325,0.07284604,0.041954212,78.30255681818181,reggae.00028.wav,reggae
-202.04497,77.62116,111.10007,20.068865,8.902879,31.032804,51.81522,11.556973,1.3010833,14.106199,30.039171,10.025784,-4.5082717,10.215081,22.444958,9.81306,-7.142242,8.511988,11.495427,9.71608,-4.753539,7.7339535,10.595637,7.8525195,-2.6359422,7.1185007,0.63967603,0.3871906,0.4613944,0.28756535,0.34296104,0.23777203,0.32357875,0.24114309,0.38638064,0.27753484,0.5529167,0.3576998,0.53189266,0.25103852,0.46290487,0.26157346,0.31630206,0.21752279,0.27748936,0.23150787,0.37273005,0.2579443,0.47795895,0.28221384,1585.3619273400423,542.9429123558454,2127.104657775028,365.7276950323508,3735.8608591031034,1495.20598481844,0.04365755510440835,0.023326934298706338,0.10382236,0.042797416,151.99908088235293,reggae.00029.wav,reggae
-239.293,88.5434,98.96103,34.759262,19.215805,30.966402,50.779667,18.195562,2.8353832,21.688797,32.239788,11.18618,-1.4994842,15.041776,16.72849,8.711979,-7.4477024,9.373668,16.716438,10.339087,1.5062195,7.506877,16.054792,9.453088,2.8095517,8.548114,0.40793023,0.26252073,0.5510484,0.2897955,0.66967106,0.3218371,0.6247256,0.23437062,0.55645466,0.2907835,0.40016994,0.2527773,0.37622103,0.2610086,0.4170747,0.3139205,0.472848,0.2495703,0.5538658,0.28190887,0.42831725,0.24098001,0.39565003,0.26801014,1814.1339363070717,944.6635485791822,2188.116332548102,538.6527377601983,4069.00099468895,2163.994018338143,0.07047110643851508,0.06951460172056567,0.08045949,0.03696644,75.99954044117646,reggae.00030.wav,reggae
-226.43794,92.386536,103.31865,25.60877,0.117670305,31.506552,43.95405,18.809486,10.618828,22.833065,35.184147,16.60694,8.423489,14.049376,21.13107,10.050424,-3.3074749,12.022277,15.531951,9.79033,-3.0139627,9.387816,11.09414,9.5231695,1.7773502,8.010774,0.6489453,0.3360794,0.52075386,0.21952508,0.5427123,0.2706785,0.39688775,0.21992178,0.41536245,0.29530033,0.39642018,0.25453997,0.50376993,0.2667493,0.60189736,0.3043261,0.43982416,0.27433178,0.38471237,0.24028657,0.3982755,0.23417044,0.6330824,0.3201786,1579.8511126280443,723.0512875300758,2022.4376723082414,508.1867992953791,3541.995416273927,1815.483038857024,0.05865832547853828,0.04013407766916424,0.091941014,0.043241475,161.4990234375,reggae.00031.wav,reggae
-243.82346,69.24933,123.33697,27.682827,-15.560958,30.903141,38.889877,22.285751,6.496988,17.806854,25.511036,12.77702,3.0384357,11.74306,17.18275,9.254848,-0.21878776,9.324176,8.984407,9.079101,-2.4903076,7.470421,6.765832,7.734585,-3.4475503,7.0741234,0.4302211,0.25563994,0.43749845,0.24609545,0.6471956,0.34787712,0.4768057,0.2351009,0.49230325,0.28626427,0.5220284,0.31968778,0.4187344,0.26657122,0.42544696,0.29230326,0.48940888,0.2586221,0.6109007,0.2895632,0.5003847,0.29867896,0.3911734,0.25209153,1510.7924591573858,576.3961591131772,1850.5331677660092,471.38999510157373,3319.1775576421114,1434.101667951629,0.06583149047757154,0.03832284993611255,0.063883804,0.039910905,151.99908088235293,reggae.00032.wav,reggae
-249.37834,80.26408,111.5012,28.536442,11.242059,37.56873,41.338905,17.401968,-2.8823273,17.227514,34.554188,15.119726,0.42828354,14.440924,22.32778,10.363588,-9.970538,9.930787,10.225955,11.5633545,-2.7978456,7.976433,8.755895,8.431303,-1.4459751,6.5810323,0.42611527,0.32767314,0.42046237,0.2804741,0.4955527,0.23852922,0.6317955,0.35133186,0.5038028,0.27044266,0.43660927,0.27407783,0.32740703,0.22062638,0.42277282,0.3109855,0.4198214,0.3101867,0.37599123,0.28701442,0.48258337,0.29561585,0.41743642,0.27833462,1615.8305954532223,807.0187053466639,2062.8340659084033,441.69121207882745,3560.6641871193447,1943.0183368108128,0.059114130172080434,0.06100380819013723,0.07418758,0.03652879,89.10290948275862,reggae.00033.wav,reggae
-238.91705,76.67162,132.3233,28.22506,-0.10172186,24.08397,41.223972,15.474704,2.4205303,15.835925,19.089252,15.498562,7.9586987,14.049303,19.93688,9.693419,-0.62866604,10.09958,11.0968075,11.153492,-1.7136848,8.681245,9.941104,8.541426,3.0233517,8.115106,0.54776007,0.33073065,0.460031,0.24968365,0.5595837,0.30843228,0.5442348,0.26834694,0.4765778,0.27479368,0.4974586,0.33707973,0.46969643,0.26454175,0.53965664,0.30977073,0.46339816,0.3043072,0.3491074,0.24023487,0.32421866,0.23965266,0.41469494,0.30613175,1291.49906864181,688.0504923768982,1746.6522669686221,537.5551749446049,2827.5527139827436,1726.0666129384865,0.04460126341357309,0.02845139833136239,0.08244713,0.043113567,184.5703125,reggae.00034.wav,reggae
-223.38548,80.10614,114.23247,26.575825,-4.411992,24.224503,40.19879,17.52691,-5.0810466,17.62289,24.666904,15.851779,0.72012746,14.471852,17.04557,11.427512,-2.362455,10.406471,11.148087,8.699773,-3.0845997,8.8167095,6.1236105,7.6072745,-5.687237,7.186274,0.49226642,0.29404268,0.5516283,0.2310077,0.7257148,0.314351,0.46036974,0.2291469,0.38299644,0.24359702,0.45886904,0.30786934,0.45794225,0.3105855,0.4476627,0.31645828,0.34092417,0.23264818,0.39457214,0.24095802,0.37751698,0.27733,0.41136175,0.31649685,1699.3251213149981,743.3770604035734,2030.5500431853907,459.9287424597471,3786.1216534041473,1688.9389484879202,0.06128250676720804,0.04246367631469212,0.073211625,0.04345264,107.666015625,reggae.00035.wav,reggae
-236.64937,74.15531,91.689575,26.547113,1.8816684,24.628273,45.46816,13.961198,1.2822022,16.280107,32.26184,15.101308,9.05218,17.19318,19.610586,14.075692,-5.054306,10.578383,10.958242,12.610747,-4.0026364,9.443342,7.5312138,10.103044,-0.3306267,10.595656,0.47711176,0.33409196,0.5200576,0.32867172,0.38797235,0.29631296,0.3121409,0.2616259,0.348856,0.2638083,0.43254817,0.22972195,0.6967393,0.3196469,0.4995156,0.2685428,0.34709626,0.19048348,0.42348462,0.2930296,0.33108786,0.24807067,0.4388122,0.37726384,1811.1579026505945,808.8021776139875,2166.3985648744238,427.0548833780421,4119.003657011311,1694.1581051203116,0.0592051400570379,0.04496095917757618,0.079960585,0.056334283,86.1328125,reggae.00036.wav,reggae
-242.43837,102.48112,98.31112,24.332832,-3.823008,28.184216,46.033684,17.29253,3.2677617,21.583397,29.203756,13.709209,8.860404,13.6926365,26.992907,13.507579,4.7140493,11.067512,13.135102,11.129277,-0.6497431,9.891424,12.060079,9.592995,3.0021527,8.917367,0.52485514,0.31106707,0.5161738,0.27660194,0.57870597,0.32817844,0.5342115,0.25223687,0.51831406,0.2846201,0.42779216,0.2537457,0.4291875,0.26652205,0.46862,0.27045652,0.5618971,0.3018776,0.5803932,0.3051194,0.53982496,0.28822726,0.53533596,0.30530038,1709.737126203655,723.8957593136457,2068.2247261518946,437.2069405555772,3838.08944949971,1663.8389764107155,0.06325753456109823,0.05205412662502154,0.0863252,0.052519392,151.99908088235293,reggae.00037.wav,reggae
-239.98526,90.98142,108.75726,25.630049,-8.204985,34.20867,32.188335,15.573981,-8.809303,15.053659,18.63971,15.532929,-4.6758165,14.53673,15.522416,14.199235,-3.7181525,12.32847,14.518621,14.079104,-4.7976065,12.98811,6.4072766,14.149929,-2.940419,11.206226,0.24541,0.28351495,0.26096788,0.28928208,0.2671999,0.29198518,0.35393083,0.29385048,0.47562265,0.35363558,0.4493684,0.29424572,0.5278995,0.30747238,0.5046996,0.31880274,0.4926503,0.36122364,0.34406745,0.30305234,0.26187754,0.240656,0.302913,0.30881426,1701.0178296815598,723.299602515773,2000.571864187631,468.58378606685943,3693.693751359484,1679.8621982911816,0.06552258555684455,0.05123659130521122,0.07575557,0.03766176,95.703125,reggae.00038.wav,reggae
-300.45297,109.09536,99.25205,32.970306,53.02273,47.11552,43.22858,22.393644,18.889395,18.400572,24.840748,14.07942,-7.9489493,13.69011,22.167065,10.473446,1.7830725,8.434813,24.789507,9.288271,8.392867,8.912751,20.708576,8.947656,2.8050349,7.846653,0.5472299,0.3287444,0.594422,0.29439378,0.5065693,0.273922,0.49247012,0.2913241,0.46794105,0.2724658,0.4809276,0.32915586,0.5274201,0.3288944,0.522125,0.31977826,0.48712796,0.2647073,0.5170312,0.31443074,0.45568693,0.2837692,0.4920386,0.32173154,1312.5009449202742,735.1237524286846,2137.547304418512,473.84556987116184,2648.3175255582946,2260.346244840899,0.025934796137857694,0.018791694923543115,0.10379727,0.061144374,151.99908088235293,reggae.00039.wav,reggae
-296.14597,118.690056,93.16974,39.592484,-31.418371,25.015644,29.494478,30.03701,-18.943125,18.858458,1.9469985,18.822157,-19.490215,17.290222,-6.23907,14.423701,-24.016157,11.908547,-7.1000185,10.762512,-14.198104,14.552801,3.2807307,14.20393,-10.582575,15.231549,0.19712089,0.21998726,0.2793523,0.28415874,0.35516357,0.31084612,0.3660212,0.32544148,0.33771405,0.3194788,0.3217978,0.32923782,0.39756525,0.3488005,0.39677015,0.35879564,0.19390821,0.17996003,0.27129167,0.31315312,0.25633156,0.2615092,0.25712663,0.30691424,2032.5080275306436,919.4874862813515,1850.5023635876562,366.39867644970116,3839.0303821962007,1397.7627303116233,0.1010474067092034,0.08687366012850045,0.03904713,0.029958915,92.28515625,reggae.00040.wav,reggae
-177.4196,69.83709,89.655815,32.113796,9.641184,27.033955,65.465866,17.408575,-0.99790895,18.092497,15.532966,14.943086,8.030997,11.469557,16.351896,9.778553,0.27241844,9.449829,2.6379747,10.637359,2.8926406,9.596948,0.6466756,8.141235,2.585583,8.255398,0.3935376,0.31446382,0.32603276,0.26979157,0.35235506,0.30204824,0.29914138,0.26125628,0.3154847,0.26398283,0.41383386,0.35498825,0.2834679,0.23229681,0.25960708,0.20204172,0.30992723,0.2548881,0.44907212,0.29907843,0.63958234,0.36654493,0.44323465,0.270191,1930.4048085685063,767.6613506962585,2205.0965578199493,394.01621170329116,4120.219375362529,1457.6494186671496,0.05900574910576179,0.0376882857970022,0.11991203,0.031203866,143.5546875,reggae.00041.wav,reggae
-174.87035,62.632183,79.32584,24.782734,-24.305243,27.950703,17.970098,18.900196,24.484268,16.147928,15.731203,11.241841,7.4711018,12.6923065,4.228036,9.87947,3.9252238,9.604275,4.8089337,9.629363,2.7649367,9.254204,1.7253922,8.191162,-2.3426092,8.95344,0.46122214,0.33370236,0.46801767,0.28750458,0.48480046,0.3151056,0.41136742,0.25632843,0.4282,0.28214228,0.31353077,0.22373539,0.43808812,0.30216256,0.46304715,0.29981297,0.4153405,0.26390257,0.50725603,0.30828232,0.40036744,0.24185851,0.41175812,0.29006177,2479.991063724072,828.1701091826154,2521.6384031877315,545.8597594258262,5047.412789116879,1926.7694120953386,0.105634531491686,0.05755663168893177,0.07124089,0.038417324,123.046875,reggae.00042.wav,reggae
-164.63867,58.340496,142.70459,19.429096,-41.48605,17.999073,41.21754,10.141683,16.174034,15.660376,-5.580434,11.50356,7.6316433,8.077988,5.6135707,8.529701,0.7995733,7.3815284,-10.474629,8.741941,-2.3371587,8.736929,-0.4905388,7.419919,-3.068359,7.164094,0.6161965,0.35615504,0.24779086,0.16474983,0.22486046,0.20450564,0.26706466,0.20178239,0.4925626,0.31814063,0.4308166,0.35531107,0.32661986,0.19582793,0.48527494,0.35309348,0.2273275,0.17638646,0.22251752,0.26015386,0.14148647,0.14739676,0.33445174,0.23389924,1484.7799129182074,338.36341808511406,1644.2103910112346,226.42280731018982,2775.1852296621228,461.7601115754484,0.0760128909271075,0.033667549159808186,0.11060819,0.042179946,151.99908088235293,reggae.00043.wav,reggae
-104.17264,61.922222,83.90962,27.684774,18.852966,22.221418,28.91025,16.842402,10.622362,12.984469,9.324545,12.762416,9.320573,12.640969,6.528051,11.350232,3.003524,10.208577,2.485452,10.21644,2.7980237,7.7808437,-0.19782679,7.5163426,3.1041365,6.351342,0.42045307,0.30914602,0.39642838,0.25825274,0.5055892,0.24919172,0.6581077,0.3317134,0.46989292,0.25518167,0.38308695,0.24195586,0.34137714,0.21982267,0.50602514,0.30009753,0.4653677,0.2927407,0.38185528,0.25071138,0.4790989,0.28961524,0.38329336,0.2532495,2455.426131281741,942.7621951752867,2821.2230571683826,462.8459661826655,5584.577109918793,1961.4489390227654,0.08757227921983758,0.05056581627976042,0.15240075,0.058066886,172.265625,reggae.00044.wav,reggae
-120.34942,78.22082,16.420616,29.585493,25.026825,32.30715,37.238605,21.329292,9.279794,15.001829,13.024576,11.563133,3.2330549,13.802804,5.978342,10.020835,4.086191,10.188822,1.715049,9.578573,1.9000337,9.934428,2.6751618,8.122103,2.0213578,7.9264646,0.48506287,0.31360105,0.44783303,0.27842095,0.47293767,0.28606933,0.45782238,0.28009075,0.5116195,0.2812322,0.51716053,0.29362652,0.37700006,0.22666343,0.40081203,0.2780345,0.34942868,0.21585958,0.4743958,0.29148936,0.5456981,0.3179891,0.45279914,0.27754328,4281.984674096292,992.3736089021301,3111.955776476379,377.2207753232444,7925.459448865284,1353.1850089237012,0.2237736701227765,0.09252784825051479,0.09118426,0.03632753,161.4990234375,reggae.00045.wav,reggae
-169.06036,54.802963,79.51624,27.20083,15.222343,20.889046,42.739277,18.198008,7.678777,13.302822,17.028755,10.0571375,-5.9828863,10.6815605,0.5391211,8.341968,0.058045093,8.626139,-0.95936865,9.403385,0.8281725,8.890421,-1.5911511,7.4362154,-2.8918555,7.8027844,0.412699,0.33242232,0.3618868,0.32114407,0.3193914,0.29939866,0.38007346,0.35336733,0.28056413,0.27982542,0.28577074,0.30796337,0.32044274,0.3272288,0.2422584,0.26041812,0.26325116,0.30626485,0.23761916,0.21477754,0.3648321,0.33690077,0.42442468,0.38930243,2322.2154852399008,873.4172059921073,2592.7201538766035,474.07026200996035,5227.597237075841,1748.4334279150723,0.08096405524941995,0.05150919412225885,0.093435176,0.033501107,172.265625,reggae.00046.wav,reggae
-140.33403,64.246346,69.64921,33.083755,-9.967759,25.195013,52.151146,20.65395,3.2525928,17.879618,4.558453,12.248795,-3.4963846,13.557457,2.917758,12.519246,-6.5630164,12.079299,-2.6553156,11.449741,-1.734528,10.007782,-6.9452724,9.800935,-5.833263,9.235153,0.40896642,0.34876102,0.32129544,0.27579296,0.37087527,0.35030454,0.30532873,0.27763495,0.31720948,0.26495588,0.38902017,0.33287,0.34891933,0.26291183,0.46874726,0.37520188,0.3485025,0.2938378,0.29395705,0.28516084,0.24559961,0.2484226,0.29130173,0.26598153,2478.0490603630687,788.7147699066832,2310.1002476731487,291.3117197727865,4759.937033243909,1126.3910395674466,0.1149432188950116,0.07015845476740055,0.10924849,0.046161402,143.5546875,reggae.00047.wav,reggae
-123.69994,62.225887,66.21,31.917732,8.186225,21.782719,49.73067,17.183933,8.53451,15.075242,25.871931,13.9112425,-5.3876905,12.884927,12.882779,9.832872,-2.5431156,8.517425,6.808867,8.961049,-3.566336,8.640028,7.6386356,8.095564,-2.051774,7.373572,0.3138307,0.27626348,0.31760252,0.28102177,0.4382477,0.3220861,0.3091048,0.22400309,0.2664228,0.25129303,0.39065748,0.31818146,0.4306094,0.3105017,0.57178175,0.3453053,0.47362375,0.2886945,0.3518606,0.24563502,0.46483067,0.3548307,0.35270157,0.25409752,2673.223822306729,912.3453349914324,2550.3652369896545,348.9856482968241,5608.450154527987,1422.1110964993932,0.11116763038959783,0.07093629302353965,0.1201583,0.039337028,89.10290948275862,reggae.00048.wav,reggae
-121.542076,64.128845,89.58558,27.18506,23.789015,20.831882,32.782005,18.303007,8.866974,11.801467,-2.6041195,10.671115,6.634385,9.014409,1.7822745,7.431335,-2.9385774,7.442393,-3.0915277,7.5646505,-0.69193345,6.6737814,-5.426301,6.4702163,-6.5422583,6.6187496,0.49921018,0.33300927,0.48445156,0.30744597,0.39482614,0.25160992,0.52031845,0.36329988,0.38373238,0.26418874,0.3102874,0.29689142,0.25222328,0.2296176,0.3261289,0.26383418,0.3848637,0.30202162,0.24718778,0.21749108,0.2925184,0.27421725,0.3398536,0.2521508,2322.2405238668234,746.654621455549,2803.873243281386,517.8770693101396,5450.573305630075,1851.2247802837448,0.08068951505703789,0.049248697422956365,0.13285553,0.04719452,95.703125,reggae.00049.wav,reggae
-104.97809,73.33722,66.42009,43.84881,-2.3114858,20.8689,24.598465,18.169436,8.404793,13.671663,6.762863,14.100172,1.6792358,13.196206,5.1807957,12.570415,1.047926,11.906077,2.1903608,10.04217,2.9473705,9.01644,4.5740833,8.006823,4.200725,9.373102,0.43784836,0.2505512,0.4775347,0.27850014,0.451844,0.26656905,0.5551215,0.31984746,0.46533647,0.30421242,0.3826961,0.26903757,0.46140996,0.2902475,0.38541365,0.26667827,0.39122686,0.25929135,0.34505758,0.21266206,0.53162205,0.27849528,0.6386933,0.3219102,2955.030353182864,1356.623784841525,2690.2864436066775,530.5263414400162,5869.496526518997,2296.2977048151984,0.12703658219740913,0.09335017593685004,0.13098739,0.06351189,95.703125,reggae.00050.wav,reggae
-154.95241,77.91915,-1.4715775,50.26097,22.345402,27.681189,30.435307,19.937193,2.1002307,13.613486,28.60331,10.161032,16.997475,11.413472,13.430588,11.949489,8.50513,8.288815,6.496805,9.6147585,9.778131,7.7295804,10.906737,7.6212707,2.17726,8.082429,0.5589645,0.20371754,0.5019196,0.24678251,0.53136075,0.28772146,0.60051644,0.3325937,0.60981166,0.29088783,0.538003,0.25222084,0.53079695,0.22384205,0.50649935,0.23310226,0.5418417,0.29393515,0.5199796,0.30689436,0.6215652,0.19939065,0.7752899,0.21068044,4274.292786512983,1580.9240411297733,2876.9961596890357,449.05700952973865,7674.580146099188,1870.4996654425681,0.27463082463263727,0.16946505211812093,0.117376834,0.05725637,86.1328125,reggae.00051.wav,reggae
-85.34023,57.45294,60.93964,34.288925,34.79256,24.386599,19.793852,20.471384,16.717466,18.255817,7.9690657,14.207366,9.30231,11.455953,11.351191,10.879575,1.3844682,11.636122,-0.083008476,9.48722,6.4046226,9.608523,3.6226323,8.540671,5.658961,9.085891,0.44598857,0.25674084,0.57575285,0.27446866,0.4891254,0.25602055,0.49555203,0.25884232,0.6392695,0.2915093,0.6639769,0.28952414,0.6321098,0.31185484,0.51470566,0.29441658,0.43661267,0.2552582,0.38816112,0.24961053,0.3472504,0.23161831,0.39591014,0.2726527,3289.1034005754636,1228.5542741221057,3253.1477161106054,469.097867224362,7286.299689131381,1966.8455326977937,0.1340670014017788,0.09847996063744688,0.18993305,0.09153483,99.38401442307692,reggae.00052.wav,reggae
-251.33118,87.32439,105.8357,34.706203,2.1622968,34.804417,32.47585,16.876318,16.535751,15.811412,8.277351,12.095591,10.350331,11.823588,5.496451,9.685568,0.86778474,10.011928,8.342783,8.560432,-0.62853765,9.395936,9.887255,8.346145,-1.8475658,7.969656,0.4415503,0.27606514,0.46754572,0.27327162,0.5610444,0.34197474,0.5122526,0.3168465,0.528287,0.31033933,0.4758696,0.3049296,0.3867566,0.2338092,0.41467294,0.27436244,0.41819072,0.2728725,0.50023884,0.33886927,0.44367948,0.27092648,0.48148212,0.3040405,2004.6584158276357,1230.4959060174804,2297.795832802628,719.1240211385208,4159.813490157338,2576.8291893813393,0.08975349538379737,0.08656718227091771,0.063029096,0.04291642,75.99954044117646,reggae.00053.wav,reggae
-182.2128,78.9374,83.503174,40.32208,4.883158,30.655014,12.692699,20.397636,30.064579,15.350707,17.202955,13.0618,6.1048517,11.940697,7.6960196,11.018333,7.1469874,9.514963,8.881941,8.519833,-2.1440816,9.985613,5.7184424,7.963766,1.4553062,8.54823,0.32232255,0.23887971,0.4743623,0.32598543,0.4264354,0.3133841,0.37637928,0.29403985,0.52321064,0.33026677,0.42727566,0.30448112,0.3784431,0.30677697,0.2779304,0.23029731,0.3482336,0.26615313,0.4771444,0.37525254,0.3674603,0.27268505,0.35790646,0.2792494,2542.483268553463,1291.6118017861493,2726.2070510272347,732.8931930703037,5477.693817067865,2714.4302666874546,0.10157722774071926,0.08205578787071462,0.09683505,0.046679173,143.5546875,reggae.00054.wav,reggae
-130.38496,65.18225,84.30336,33.72514,29.343412,26.385197,23.83001,17.809671,8.269281,12.007946,13.85476,8.627953,2.2300909,7.9617386,2.928923,7.8070927,2.5831263,6.845121,0.097250044,7.4953117,2.3351214,6.7811093,2.7418041,5.6274977,3.7526884,6.2570457,0.5474356,0.29788056,0.40536615,0.23664652,0.48203924,0.30791917,0.41106758,0.2562123,0.4093932,0.2953937,0.32997826,0.21478526,0.36733884,0.21782397,0.5012603,0.29563794,0.45207348,0.2798069,0.49124342,0.30924502,0.5042578,0.25146866,0.64010465,0.28798303,2525.5469562709054,1008.4872860129049,2839.8418168272824,502.4096237347354,5595.360365157338,2224.3935956514097,0.08219627622293117,0.054145296195492285,0.1128844,0.025734954,129.19921875,reggae.00055.wav,reggae
-162.50012,77.94154,98.50553,32.548172,-1.639287,23.741339,20.811337,19.058954,12.054913,17.823277,11.739406,13.706188,6.087686,11.794223,4.9532595,10.1383505,1.6935803,10.743036,3.045784,9.189083,-0.85816646,8.528575,4.114119,8.2281,3.4215343,8.225283,0.4738221,0.35109636,0.38117656,0.28078762,0.41266304,0.2919926,0.4965172,0.33996284,0.39458054,0.2984519,0.34829605,0.3191087,0.3552466,0.28100237,0.4884238,0.357504,0.264171,0.21588412,0.21646887,0.20916738,0.28753373,0.26867536,0.32688624,0.26030278,2173.8734628702273,955.0702933745222,2460.470767071349,598.8784486866806,4658.516146135441,2162.6982760432293,0.08315697807907967,0.05533794799616163,0.10047588,0.049732793,161.4990234375,reggae.00056.wav,reggae
-177.44118,81.51181,98.32117,40.31995,14.729943,26.046988,21.141994,22.2019,14.945246,16.007704,10.197005,11.621655,4.9809175,12.385306,0.8440798,11.073682,4.833774,11.597047,6.8653493,10.521681,3.542343,8.358798,-0.35030097,8.912747,0.57976717,9.1801605,0.36467898,0.31084085,0.41679743,0.30518195,0.5463568,0.37076923,0.43198752,0.3289304,0.29354352,0.23683871,0.30001375,0.27005994,0.33151096,0.25250602,0.4321035,0.35838795,0.2955391,0.25483358,0.35492215,0.2944682,0.38421205,0.3180241,0.3261389,0.26711193,2169.6559456996456,1037.2405988479404,2576.932481929306,657.3949993125424,4773.88448693083,2415.726533503313,0.07884288295146945,0.05719264749437338,0.10329819,0.047927152,95.703125,reggae.00057.wav,reggae
-169.36552,83.28872,83.94522,32.51915,11.218591,27.883247,12.120247,17.274015,21.056637,17.85021,9.510337,13.562663,0.9373276,13.439215,2.19974,11.061533,0.874144,10.500765,1.6558639,11.870787,-0.40982696,10.184755,0.73294413,9.033841,-4.7800174,9.727758,0.31641763,0.28867167,0.3742801,0.28487986,0.4847017,0.34644094,0.39501923,0.28899133,0.41459304,0.34532717,0.3730198,0.2995179,0.46198308,0.34247017,0.3256035,0.2551514,0.2862493,0.25030506,0.32566202,0.29309464,0.31469575,0.2694793,0.38878584,0.3374981,2631.1187832454702,1149.6975568221442,2827.597160930656,576.5691430764992,5698.113546349333,2400.286183049454,0.11195424279775715,0.08851419293713651,0.09113359,0.039440684,123.046875,reggae.00058.wav,reggae
-93.51898,62.393253,80.19957,27.459465,-0.32109222,19.965948,15.24674,18.628464,4.3359027,16.604542,9.050054,11.501582,1.6788756,17.825108,2.5456696,10.829686,-4.296264,10.9234495,0.9993399,11.181296,-1.6968484,9.376976,-2.997322,8.469376,2.2623456,8.707819,0.41440818,0.3219119,0.34889075,0.23892513,0.49021822,0.32306623,0.36266875,0.29875398,0.34237924,0.26178223,0.46552816,0.32375655,0.3023431,0.24431239,0.2925279,0.2820547,0.26667503,0.23057945,0.38586578,0.25922772,0.4989595,0.34192455,0.3398553,0.23975444,2671.481384342479,907.3176764247546,2716.552296984155,451.08347159052914,5699.20436213022,1785.6895416151137,0.11736196708236658,0.06142364449183797,0.12638019,0.044350963,151.99908088235293,reggae.00059.wav,reggae
-301.4973,74.49873,77.235374,33.76759,-13.607269,22.949999,39.30776,21.066744,1.6184665,15.995649,16.896568,9.515709,-7.250595,14.7995205,-3.6030784,8.693277,1.1652856,8.975679,-3.2659786,8.0413475,-8.4299755,8.792765,-3.6008189,7.6487646,-2.6064856,9.791142,0.31649247,0.3245176,0.2972087,0.27131197,0.38437343,0.36921793,0.24242735,0.221257,0.23840381,0.2852534,0.17091808,0.20207591,0.24371652,0.23725179,0.39640573,0.3686051,0.29533973,0.25733212,0.34668416,0.35120663,0.26912555,0.2360575,0.38964546,0.34986877,2395.5102135646594,926.8016121496061,2300.637993099421,387.84378016125453,4791.645632431844,1487.030899142278,0.11850204526778808,0.07773046568744231,0.02582161,0.01848487,112.34714673913044,reggae.00060.wav,reggae
-74.10668,55.2478,57.996204,32.268177,9.13596,26.753206,29.254284,18.814203,12.531282,16.168713,-0.18686539,12.412931,0.15999462,13.1734495,1.3688498,11.692108,-5.0895095,14.042034,1.3554952,11.352615,2.8467238,10.660292,-1.5618768,9.027191,0.8844494,9.053429,0.44218823,0.29874307,0.5115275,0.34534132,0.41174307,0.29128262,0.43621114,0.32905096,0.42816836,0.3105483,0.43328503,0.31324443,0.3535793,0.29047516,0.3859595,0.30040324,0.44159842,0.33282807,0.31841716,0.25761732,0.28804278,0.24007954,0.2963625,0.24875627,3123.715745645115,1105.8762476775871,2918.3494041116587,552.6210502496809,6474.557884552639,2098.395892423615,0.13354284488592422,0.08100645563973796,0.18092696,0.054220907,92.28515625,reggae.00061.wav,reggae
-265.6985,86.55951,80.639626,33.862915,9.737633,25.856524,36.647453,19.213844,27.827784,13.904507,12.086293,12.772452,15.0113535,11.620706,15.11303,11.0599785,6.5591526,8.644529,6.282747,8.47903,7.484471,9.873229,5.6436505,8.347269,4.3488317,7.332522,0.37867877,0.34105602,0.36784515,0.29429403,0.3167927,0.27169922,0.3193758,0.23427783,0.4164249,0.25398043,0.5002654,0.27505738,0.68488866,0.32378653,0.59386253,0.31997216,0.45722696,0.24476254,0.4381997,0.2965263,0.41242376,0.29336354,0.45319816,0.35861188,2112.968318838473,1064.9356859829843,2595.2257204834805,659.8794792967561,4785.22564031685,2453.985907736423,0.06084407325502707,0.054100131804016724,0.05730878,0.030629078,151.99908088235293,reggae.00062.wav,reggae
-168.58931,63.990738,109.539154,28.585749,-20.654816,25.446135,38.94365,17.98116,7.9577336,15.256615,0.33693767,11.321336,6.0480947,10.20266,4.082806,8.818021,-1.3642375,9.228133,0.12043596,9.184876,0.24269424,7.8811855,0.3473123,8.231911,5.3022566,8.266194,0.47924367,0.33243862,0.50352126,0.29091367,0.5895017,0.34324926,0.44581333,0.30892295,0.36225426,0.26678544,0.40389517,0.29306546,0.3322956,0.24116649,0.35747287,0.27618313,0.35062256,0.2848161,0.4617843,0.304474,0.39472747,0.274415,0.3121449,0.2358234,1910.8838166956766,710.0642073526141,2115.3946331281586,583.308279304324,3940.2847325442285,1652.4857665650036,0.08333522150522042,0.04719525640898543,0.097536266,0.047127835,184.5703125,reggae.00063.wav,reggae
-70.077705,56.04779,54.365875,28.52686,15.58782,27.363914,19.808748,16.503508,27.015232,14.24581,13.240907,13.073049,0.6896495,13.795189,10.069889,11.036843,6.68256,10.605946,-0.30866408,10.931647,2.969903,11.02413,6.0213785,8.170174,1.0961132,9.153004,0.4447745,0.29619044,0.47014573,0.2943426,0.38883147,0.26989913,0.41821393,0.29559195,0.4952445,0.354144,0.42123094,0.35000134,0.37614158,0.2951502,0.3328425,0.27415678,0.37925097,0.3135165,0.40200916,0.34461516,0.37884572,0.2857042,0.49395558,0.33377606,3094.4494679187587,1026.2072871667003,3136.176151646428,445.2105531151225,6975.225674303944,1845.2793835346845,0.10086425403615623,0.08718661697792367,0.26767907,0.085540414,172.265625,reggae.00064.wav,reggae
-66.108925,83.56309,97.88381,42.458176,-18.831675,23.851,26.931944,17.504951,14.003508,15.804632,6.0077677,15.495492,9.44209,13.0465765,10.566116,10.289544,-0.1422595,11.357334,8.125619,10.210756,10.533844,12.124812,8.000866,10.456461,3.8141556,8.031647,0.46844807,0.3579244,0.34496692,0.26840526,0.24709877,0.21002999,0.28812832,0.24188961,0.38401794,0.2946506,0.55535716,0.38016683,0.41589478,0.3133143,0.37318918,0.27046055,0.31831196,0.25194353,0.2971803,0.26711136,0.45995575,0.3780649,0.35948038,0.27956852,2081.187059476724,939.0359728883486,2264.7951009087487,662.7658287105535,4365.952692231003,2062.537437111115,0.08282126111755607,0.052528760044748796,0.29802984,0.12080035,89.10290948275862,reggae.00065.wav,reggae
-147.10289,59.435783,120.109085,30.873066,-21.602928,20.733154,39.639435,18.372303,6.9424305,13.314448,15.083756,12.923039,-1.0146866,13.959709,15.940521,11.024555,2.5470614,11.262014,4.496182,10.882333,0.015698308,10.46055,4.326937,9.790118,4.6409745,8.265961,0.29722482,0.2593494,0.29156524,0.25734025,0.41664395,0.31638798,0.4329138,0.29424584,0.5892978,0.3437368,0.4391748,0.289336,0.3329955,0.25329173,0.39026883,0.3358326,0.34617883,0.2776308,0.4316375,0.32616532,0.332416,0.27130684,0.36972597,0.2964983,1629.2960017192215,578.8948863448646,1886.519012237297,384.63360598904075,3258.641445221868,1194.535356885503,0.06708825768561485,0.0357769551178465,0.12909263,0.05150964,161.4990234375,reggae.00066.wav,reggae
-132.95634,49.530018,117.10542,23.692728,-2.7939985,17.953684,22.53291,14.388632,25.91547,13.450672,0.28717518,11.335033,13.512288,10.3549185,3.4034061,9.332237,4.527343,7.751728,0.5465051,8.400441,-0.06926856,7.798777,5.095456,6.8128767,-0.15438725,6.961605,0.3372632,0.27091616,0.34481242,0.25663218,0.46556523,0.3488881,0.38569415,0.26756567,0.41979906,0.29209095,0.41292605,0.3080833,0.39118674,0.30163613,0.4319632,0.35421285,0.44381708,0.29521888,0.4960733,0.3325774,0.31728223,0.23852113,0.30893123,0.23673183,1728.9380569839393,521.0965874982971,2362.327759720238,442.3003181690139,3519.6045488326567,1389.8583121464033,0.06046832704949729,0.03253161064116059,0.14006788,0.044357374,83.35433467741936,reggae.00067.wav,reggae
-194.7791,77.94333,83.05221,37.410812,-0.76357853,22.22101,32.33564,19.438276,2.8098269,14.733346,23.164373,12.128769,2.9725363,17.07153,14.224822,9.948381,8.545868,10.513659,10.442086,12.523307,7.072537,10.525878,8.81152,9.017253,1.4220294,7.9751263,0.31068358,0.28007123,0.3399744,0.27940714,0.49857187,0.3601195,0.408305,0.3235626,0.40275878,0.32624343,0.32656446,0.2993087,0.30031016,0.2804132,0.419339,0.39162415,0.31353107,0.29137212,0.3416665,0.32051703,0.29023868,0.2519112,0.35022086,0.3024864,2104.695061638517,947.2681846780134,2311.35317114462,443.2704550690713,4381.024269050899,1784.0539110652446,0.07783120045436968,0.05574636880279194,0.09531278,0.042274572,135.99917763157896,reggae.00068.wav,reggae
-142.86499,66.83928,83.64267,31.511496,21.931343,25.083933,33.857204,17.216627,4.630733,17.077559,4.1718545,13.682875,1.952955,11.112766,21.814587,9.100728,-5.948423,9.143079,0.49807534,9.782194,17.418322,9.155891,-11.428199,8.293379,10.545863,8.479921,0.36462298,0.31493866,0.30167702,0.2652066,0.32580027,0.2891973,0.27001595,0.24420203,0.32273057,0.25703847,0.48719323,0.3527131,0.3226529,0.24218898,0.26862997,0.20907143,0.29828325,0.25881138,0.40413705,0.28554225,0.59252167,0.37654963,0.39270133,0.2658724,2460.5870773027177,974.5004005694184,2682.994804583766,423.0707137193778,5286.859343278712,1757.7475566627556,0.08037456798627224,0.05618000508222858,0.12571119,0.03870264,143.5546875,reggae.00069.wav,reggae
-136.7909,70.8465,75.6045,27.31714,-5.326231,22.30026,23.456251,20.347504,0.77529633,14.817172,12.287903,11.154195,4.4736085,12.918238,5.164087,10.873244,-0.062544346,9.125326,9.0365505,10.373106,4.886803,10.775792,2.3323922,9.675156,5.495946,9.682184,0.31675708,0.25963333,0.3879254,0.28001726,0.57122743,0.38458496,0.3869219,0.32612386,0.28656515,0.25183868,0.27725524,0.21969695,0.36796206,0.31172854,0.45656544,0.392586,0.36568597,0.26423815,0.38409722,0.25363496,0.43285844,0.34376824,0.3346115,0.26281402,2288.627178100081,754.6849266298907,2533.888402309692,457.7350583064014,5005.570428056119,1584.8036952284203,0.060985686146558395,0.03434764508190299,0.14899507,0.042350452,172.265625,reggae.00070.wav,reggae
-141.76859,92.32632,44.183735,46.59923,21.729689,24.440485,43.29263,19.959642,21.732172,19.585812,11.185505,16.078236,3.5456066,14.368131,15.014226,10.346638,-1.7388556,10.795368,6.430995,9.957092,6.9139385,11.264023,0.7089671,10.61682,3.9630044,9.895667,0.5133219,0.37623328,0.4292453,0.2905095,0.41950354,0.3219641,0.36535957,0.28413647,0.38364857,0.30535325,0.37827867,0.3206898,0.36201748,0.2655298,0.4293336,0.32219073,0.38778415,0.2783761,0.43389374,0.31713563,0.398429,0.29280344,0.40787214,0.31029713,3109.7327645271375,1346.9645744184188,2852.71340462504,518.1637499616387,6393.12140869707,2187.8603249432845,0.12158920630317092,0.10428241343017351,0.15079027,0.06997843,143.5546875,reggae.00071.wav,reggae
-94.26048,79.23417,68.1341,32.8935,4.029074,27.324734,7.6326213,22.50464,12.799715,19.827545,-3.1867485,14.460229,-3.9116669,13.750054,3.8171222,11.895737,-6.116798,12.855997,-0.3535829,11.263111,0.32772857,12.432805,-4.678538,9.339151,-3.0110476,9.718169,0.36823934,0.2724561,0.4633359,0.2982418,0.48200303,0.29937336,0.4194074,0.2673077,0.47160274,0.30346635,0.44650012,0.2697293,0.5130807,0.30744755,0.40417632,0.26781872,0.39293474,0.2772793,0.48321322,0.34683284,0.37062237,0.24756213,0.3789465,0.30144307,3089.7484730911488,1145.1994312976565,2973.7469946717697,521.1654172500214,6574.88795588022,2158.7151726594657,0.13615569714327147,0.08656663363082885,0.14284647,0.06898954,112.34714673913044,reggae.00072.wav,reggae
-105.91556,44.447002,88.01672,27.465551,19.373737,22.053244,30.624731,15.699531,10.023094,14.573204,18.013231,10.1657505,3.6694536,9.500362,8.916311,8.642202,5.8173366,8.388485,8.875633,8.657107,5.66506,7.3227406,10.551832,6.1115465,5.903659,6.9779706,0.5267975,0.32771254,0.4244347,0.26963356,0.37229308,0.26303616,0.33347648,0.23201124,0.36692017,0.2533691,0.3981108,0.31111628,0.3482088,0.2815632,0.3786933,0.28570834,0.4198001,0.2825969,0.5590316,0.29744568,0.6761757,0.2709637,0.5908964,0.28861928,2152.9019278799583,811.3422754045282,2667.442598346866,514.3542390983843,5073.059450224768,1829.0726375658805,0.05103162159222738,0.029560277404269527,0.19216162,0.03619055,83.35433467741936,reggae.00073.wav,reggae
-105.895134,44.44302,88.19101,27.373915,19.303364,22.001774,30.587206,15.733643,10.000641,14.643877,17.935596,10.2005,3.6842966,9.552348,8.918493,8.657058,5.854395,8.399298,8.842855,8.686157,5.6089683,7.3666224,10.507835,6.0896697,5.9251924,6.995293,0.4885537,0.318637,0.39985013,0.26930013,0.3552992,0.25698474,0.3425334,0.22781812,0.40026045,0.29452655,0.3731585,0.30331835,0.35726196,0.28095648,0.39790767,0.28989565,0.47612792,0.2877522,0.6482975,0.29458132,0.6591903,0.27396786,0.5566047,0.3142712,2148.49442922645,808.4062670523133,2665.474788911582,513.1319523696079,5063.999850456787,1823.757750619399,0.05099348052010828,0.029618583123353998,0.19215399,0.036217503,172.265625,reggae.00074.wav,reggae
-63.820232,52.606834,88.242676,26.490236,-27.582493,23.935547,18.598444,16.062958,-3.5857682,20.272118,5.2034063,11.145103,0.98859835,10.856201,8.044875,11.153322,-4.4020996,9.425316,2.272666,8.605046,4.1477814,9.717319,-2.2037783,7.53261,10.268399,8.418277,0.42128956,0.30206507,0.39163148,0.28082582,0.48712343,0.33818343,0.37690815,0.2911424,0.32059988,0.27450863,0.35633335,0.3135157,0.33110264,0.2698407,0.3962137,0.3091633,0.31905484,0.25160334,0.45865777,0.32436112,0.40802687,0.3031058,0.40968472,0.29420054,2481.5194522237502,658.3645852675031,2324.114186065556,427.6678887122505,4847.385486151392,1416.3120493383306,0.13501222024845322,0.054863190714005854,0.17089733,0.08145471,143.5546875,reggae.00075.wav,reggae
-105.702126,95.233925,76.071304,42.59243,19.506235,27.120955,36.742977,17.276886,3.7592547,15.444481,11.673694,13.636266,0.07490071,11.047622,7.1031666,10.93551,7.6822886,11.792277,10.456472,11.222079,0.9806078,11.077799,-2.1891124,8.657003,-1.5151198,9.370474,0.3591814,0.28682545,0.2656661,0.23368382,0.26168162,0.24255027,0.3473531,0.22284733,0.55960655,0.3047051,0.39832342,0.26462007,0.39365777,0.2825131,0.46885177,0.29502136,0.54902387,0.29948068,0.73284775,0.3338667,0.5046467,0.2624032,0.44671825,0.29800668,2456.3701094702765,1216.2792263472866,2559.8386037814166,559.8404203654399,5054.457294083527,2314.658213135676,0.08823842626160093,0.07633216341076456,0.21068963,0.08144333,161.4990234375,reggae.00076.wav,reggae
-151.81317,51.679367,105.13033,27.382706,-6.160918,22.294746,47.94136,14.035695,11.341761,15.195332,15.082948,9.990169,11.639795,10.615745,6.6186438,10.353746,6.823285,7.721395,2.3987532,7.5815787,-1.034365,6.8722186,-0.21745537,6.511024,-0.6371479,6.7461724,0.48987344,0.30676657,0.37323573,0.28021285,0.35110074,0.31072026,0.32976267,0.25169864,0.37841934,0.31620815,0.2978667,0.23564008,0.3314561,0.27889115,0.37247977,0.30864102,0.37317362,0.27541345,0.47442722,0.3546505,0.45065257,0.26698118,0.5248978,0.3130514,1778.172233591523,574.5076146015158,2174.2035345645522,389.2839248366309,3821.7855006525524,1200.8828747624223,0.06088825647718484,0.036297036776813264,0.116492204,0.038981877,143.5546875,reggae.00077.wav,reggae
-175.51059,83.05597,78.04632,40.389637,-2.5339332,34.67055,52.855835,20.698887,15.844185,15.758402,24.74445,12.595332,5.2989025,10.308394,8.6599865,10.948931,6.651282,9.409168,9.80003,10.475154,-3.353283,12.302608,4.116687,9.642958,2.3600361,8.866747,0.5009935,0.315403,0.49357966,0.27155602,0.5350974,0.31122115,0.4777985,0.3079052,0.40357393,0.27595663,0.37689394,0.26061302,0.38121685,0.25364202,0.5246755,0.34309566,0.4235298,0.26639542,0.39841783,0.25011098,0.4992472,0.2840043,0.41880134,0.22962059,2316.9096279606097,1022.6605945005364,2334.847779997394,604.0518449853382,4680.049349260441,2039.5863911430515,0.09374924473124517,0.0529338850617426,0.09431865,0.03133032,161.4990234375,reggae.00078.wav,reggae
-155.62473,67.46473,57.045925,43.86981,-35.298454,28.072319,33.2946,14.987439,-14.18707,12.543464,25.263502,15.584827,2.5250757,12.878923,4.250631,8.3276415,8.485698,9.02685,4.5721593,7.3269362,2.8271403,7.401791,2.5807753,8.445451,2.8258266,7.8244233,0.5322126,0.2760314,0.7014789,0.3199101,0.5198724,0.27263716,0.58790636,0.28891537,0.53180987,0.28553966,0.41918248,0.2674007,0.40628308,0.2777168,0.41724205,0.2935104,0.4558813,0.3124541,0.38716772,0.28069493,0.3755057,0.26864928,0.38165143,0.28509316,3002.6481938382785,1042.1409175333272,2214.1713261044288,320.0386498897203,5293.021203415024,1223.8577192372084,0.1863670968677494,0.11088285781033186,0.08061416,0.05136497,151.99908088235293,reggae.00079.wav,reggae
-103.16384,76.34905,67.2257,29.165508,2.226533,26.820383,28.500446,16.892395,4.1723447,14.816823,11.872512,15.029293,14.247098,15.706858,14.287374,11.02461,3.257277,10.350797,15.844996,12.057961,8.035183,11.278774,4.460183,7.1751204,8.673221,7.662682,0.52706844,0.2912307,0.47309265,0.29988983,0.3935269,0.27776125,0.3334575,0.24682815,0.32722676,0.26918834,0.37008032,0.25581822,0.4275765,0.28190896,0.41441095,0.25712308,0.51637065,0.31543687,0.5695078,0.3043672,0.67457247,0.28023627,0.6957945,0.30338126,2539.081379106247,936.045025344516,2644.4142912968027,407.7669779535777,5260.713071889501,1669.8608042360258,0.09429756984725444,0.07064365284706378,0.19564289,0.10301282,99.38401442307692,reggae.00080.wav,reggae
-115.755066,78.948524,67.079124,31.115046,1.8834685,29.6713,29.096535,17.857042,4.006483,15.994806,12.040894,16.07233,14.014687,16.329666,14.933622,11.435266,2.3025777,10.659085,17.06946,12.938326,7.582193,11.212773,4.990229,7.3995605,8.53706,7.8351636,0.5735436,0.29462323,0.48815748,0.29541337,0.4235514,0.2946417,0.34164593,0.2484057,0.3227413,0.26273006,0.33589086,0.24995695,0.41518134,0.2797605,0.40549275,0.25496107,0.468596,0.28626403,0.5620352,0.31903026,0.6228335,0.27567905,0.7212877,0.29374886,2566.857509437963,990.3084077123353,2629.631143825934,466.15988141009035,5313.696742223753,1771.6816655488308,0.09938166147041763,0.07508080674285261,0.17930187,0.09959971,99.38401442307692,reggae.00081.wav,reggae
-115.755066,78.948524,67.079124,31.115046,1.8834685,29.6713,29.096535,17.857042,4.006483,15.994806,12.040894,16.07233,14.014687,16.329666,14.933622,11.435266,2.3025777,10.659085,17.06946,12.938326,7.582193,11.212773,4.990229,7.3995605,8.53706,7.8351636,0.5735436,0.29462323,0.48815748,0.29541337,0.4235514,0.2946417,0.34164593,0.2484057,0.3227413,0.26273006,0.33589086,0.24995695,0.41518134,0.2797605,0.40549275,0.25496107,0.468596,0.28626403,0.5620352,0.31903026,0.6228335,0.27567905,0.7212877,0.29374886,2566.857509437963,990.3084077123353,2629.631143825934,466.15988141009035,5313.696742223753,1771.6816655488308,0.09938166147041763,0.07508080674285261,0.17930187,0.09959971,99.38401442307692,reggae.00082.wav,reggae
-285.87192,87.11923,138.68126,37.66755,19.889305,31.688051,35.23311,20.930836,-8.018051,18.390095,7.0739436,12.519321,5.4022317,16.133911,-3.2044294,9.051066,-1.1590017,10.0783615,3.1945815,10.245758,1.4917811,11.264209,-4.045572,10.995082,-6.32349,12.197291,0.43187013,0.3447843,0.3116028,0.23129968,0.37167823,0.36855173,0.22266106,0.20008452,0.3165047,0.31101844,0.38885945,0.35835075,0.23516987,0.19844641,0.31753585,0.32095098,0.3095037,0.24302948,0.45146927,0.34656292,0.30080244,0.2900441,0.26235223,0.24733455,1366.6849879747774,684.6857391616163,1737.1894705207098,430.6425161901464,2563.3254898673144,1612.6857885829208,0.0711814367024362,0.05241086927815514,0.056750834,0.032754153,129.19921875,reggae.00083.wav,reggae
-150.91212,64.85074,111.7623,28.956137,2.9338334,21.467165,42.72235,14.278492,-3.5816026,15.868406,15.140649,9.889675,3.4474072,11.192058,0.19413987,9.710893,-4.7153597,9.571558,3.853786,9.557257,-0.88617665,8.211316,-5.347799,7.7876306,0.6896017,8.297942,0.4606186,0.29336968,0.70994735,0.33041105,0.41317043,0.24263442,0.27732298,0.3096877,0.23169538,0.24044015,0.3253777,0.3298153,0.20541245,0.19799003,0.20719038,0.20789473,0.3062541,0.28394786,0.2642857,0.24794765,0.23750061,0.26188013,0.23188098,0.22335924,1788.5211001813198,653.0642718809044,2121.4543942148002,374.4459748266649,3820.544801787268,1298.7800715432593,0.07597437222061099,0.03891516530814044,0.114172205,0.036049582,198.76802884615384,reggae.00084.wav,reggae
-175.1141,89.98837,116.63851,27.57294,-55.121067,26.045427,59.895454,15.828162,1.9730682,18.54985,1.0933509,14.559194,14.589569,12.259332,-3.2228153,11.948131,2.7886486,10.07895,5.7000294,10.443631,-1.8436576,10.135443,7.875682,9.317206,0.40088844,8.367693,0.38755968,0.32138208,0.31915945,0.24221537,0.4244197,0.32989743,0.41093484,0.2965498,0.509342,0.3552212,0.46303543,0.31250936,0.41429135,0.26368994,0.48565197,0.3294605,0.38939184,0.27824542,0.3298858,0.28053844,0.2823754,0.24663477,0.3351535,0.28471035,1797.2434967059141,526.6147812703138,1649.8017975287858,213.54517730623743,3439.675230659078,670.2323651727236,0.0993631573859242,0.06202071326917762,0.11949173,0.05974734,86.1328125,reggae.00085.wav,reggae
42.091446,121.18165,37.40042,63.47373,-7.90959,25.484877,4.485742,15.426237,8.942607,18.644453,3.5316226,9.140602,3.0874798,10.955108,1.6347405,7.014114,6.2700963,7.837157,1.8271873,7.9409757,-0.5557451,4.880834,-0.39817956,4.3209443,1.627477,4.885045,0.61568314,0.18527241,0.6404773,0.23731151,0.7292844,0.3092434,0.6044596,0.21568498,0.67573863,0.1605876,0.7031591,0.16340992,0.60017765,0.14982697,0.643035,0.1879717,0.5856129,0.15686885,0.6368593,0.19131276,0.73245853,0.22222757,0.7968781,0.27821818,4435.732059302078,1741.8262591639018,2844.7665660116954,697.8552358372065,7625.9014510223315,2942.225167323504,0.26014779098994584,0.11248885157256536,0.35091674,0.12001144,129.19921875,reggae.00086.wav,reggae
-110.21196,78.90051,48.556263,39.12003,29.646896,21.254492,18.435993,20.729467,-0.46312666,14.535671,4.653466,14.67776,-2.266834,13.017979,-6.5920463,12.753604,-2.146058,11.942317,-0.14949822,11.573191,-0.6792547,10.360375,0.5426737,11.707146,1.9057006,10.584844,0.443988,0.33040515,0.37369215,0.29549706,0.4100542,0.3487323,0.3869416,0.3049812,0.4436661,0.3622782,0.26519194,0.24168746,0.2772088,0.24048604,0.4045495,0.33305776,0.36590534,0.30829355,0.41538367,0.35006705,0.3948821,0.2932822,0.47144565,0.32184613,3296.462832779134,1453.8352130365088,3065.0234997852335,468.6656507011947,6910.209723027842,2223.1792723415324,0.12183240284222738,0.10948808942565015,0.20773205,0.11357738,83.35433467741936,reggae.00087.wav,reggae
-75.25609,50.293404,44.865067,22.40359,10.096427,17.944426,1.1540515,18.008879,1.1483594,13.639842,-3.1336844,14.327734,0.13224782,13.071772,0.056791987,10.469249,-3.4559073,10.366644,0.10516598,9.923639,-1.929706,9.068864,-2.3094442,8.744865,-0.06527586,8.472988,0.370746,0.30854788,0.44020003,0.34232578,0.33474317,0.277605,0.3800338,0.30958098,0.34770733,0.27066958,0.43524995,0.32811084,0.35392058,0.29556233,0.3219618,0.25253165,0.47365373,0.34984475,0.37250793,0.27382037,0.3915433,0.33951363,0.28432074,0.25130907,3880.9607426552216,697.2273363044314,3361.8066274201597,239.73455241895556,8249.673214091503,867.1343076416622,0.18918764803267596,0.0851913648154621,0.12001499,0.041682445,107.666015625,reggae.00088.wav,reggae
-194.36122,90.68774,157.1069,38.93463,-14.131716,27.860119,44.067635,20.875462,3.4900806,13.532525,17.45554,9.193012,2.9821825,9.898422,5.8288302,6.838074,3.0098605,7.6846657,1.0710149,6.862105,2.5813632,7.4611344,0.79855055,5.479884,0.6509365,5.6375237,0.30822796,0.27756196,0.3383123,0.31962755,0.38112745,0.2777049,0.57307726,0.3706239,0.37753323,0.25925446,0.32115427,0.29477218,0.30261457,0.25909218,0.42377985,0.326196,0.53211504,0.37339935,0.38525203,0.29206765,0.28527692,0.22892846,0.20799577,0.1850822,1052.543425045615,544.363940047141,1401.6280934476588,363.862371150897,2055.8963076421114,1155.5463909821435,0.038035334493426144,0.026551479789917336,0.15137124,0.062885895,151.99908088235293,reggae.00089.wav,reggae
-127.3255,70.33223,65.99195,35.874493,4.4411926,29.45509,30.03376,16.335926,16.642286,13.6704035,16.512138,12.9197,-6.404064,12.091855,15.292219,9.974488,4.6115885,10.139423,5.086445,10.486925,5.585365,8.811859,-0.78358966,7.566883,6.055245,7.7547736,0.4562737,0.3031463,0.42533162,0.25866657,0.5822348,0.32989213,0.40785456,0.2662954,0.41337767,0.27721712,0.41987967,0.26035133,0.5418452,0.2871165,0.60740066,0.3160325,0.45568946,0.27241614,0.4657913,0.30593947,0.39959383,0.26028398,0.4639329,0.29546556,2868.345135224565,1163.4182528416607,2676.2080951154044,474.810131301143,5797.136304107454,1889.3639839805094,0.13065696297370458,0.09881777881264085,0.14421864,0.09093884,151.99908088235293,reggae.00090.wav,reggae
-159.94904,51.30048,92.831566,25.126719,-28.738466,23.430696,31.430214,16.40299,-6.613219,19.23427,12.648388,11.172309,0.8581188,11.096851,10.94528,10.8136,-2.0855348,9.780096,3.6626525,8.638619,3.568859,9.4878,0.3236955,7.431563,8.55835,8.673447,0.42868695,0.3028452,0.38672054,0.27329525,0.47749826,0.33061165,0.37804818,0.28420296,0.33995318,0.27464396,0.3803201,0.3246219,0.35188764,0.27501595,0.39780313,0.3048091,0.32596603,0.25277877,0.45907992,0.31883657,0.4187328,0.2995881,0.42927012,0.29463026,2314.083798452271,559.4199681317957,2180.0911347258047,366.561924685202,4559.834788736224,1120.1172509319385,0.12383575321442382,0.04820220981173436,0.068813115,0.030573076,143.5546875,reggae.00091.wav,reggae
-138.14923,51.22253,101.4922,24.61079,-35.34274,22.727608,36.134857,16.155313,-9.498246,18.842472,14.763237,11.527899,-0.23156758,11.89196,11.520837,10.806941,-2.1008186,10.2132845,3.4033105,8.98116,4.196897,9.781437,0.13718972,7.6929774,9.018026,9.176472,0.42389488,0.30963033,0.39180988,0.26611662,0.4846607,0.33307,0.35971713,0.27956736,0.34905842,0.28704572,0.3757477,0.32390755,0.35486147,0.27261958,0.39934286,0.30598277,0.33064878,0.25439903,0.47870797,0.3264639,0.40690708,0.2950898,0.43132144,0.29529947,2170.387167840117,497.0554561752602,2054.44001833899,333.8989307715893,4305.982804796258,1030.7216049531341,0.11999294578982986,0.046935522638887416,0.09212244,0.041312292,143.5546875,reggae.00092.wav,reggae
-147.46721,74.51663,113.253334,27.702667,-6.2853575,26.70261,9.108814,17.43324,24.549637,21.01685,-9.7793,16.474163,13.131395,14.740273,-1.9983362,13.4423685,-2.7058117,11.974664,12.224996,12.094293,-4.1247916,9.798775,-1.0217457,9.993269,1.9693737,8.333908,0.34124187,0.29502994,0.31121978,0.23654278,0.4561355,0.3446845,0.31690505,0.2352896,0.33368608,0.29608008,0.26014355,0.21920094,0.38070893,0.27676824,0.5612513,0.3556347,0.39797994,0.26778668,0.39277032,0.32409877,0.30315146,0.24516524,0.39468697,0.3077662,2109.7985596894723,836.0690204806008,2528.1439742455086,702.59720092654,4606.440101145592,2541.9935097414445,0.0892859840245553,0.04465583976561164,0.10708073,0.041986044,89.10290948275862,reggae.00093.wav,reggae
-97.79847,45.204998,108.82947,28.801384,-24.920456,18.412266,21.306019,13.744651,12.562689,10.582322,7.7732735,10.001842,-3.2863526,9.610148,3.5319328,8.462985,0.6895101,8.506341,4.194191,7.2835407,-9.668842,7.3802905,4.2639046,6.506811,2.458041,6.856983,0.28071412,0.24219461,0.28022948,0.22840846,0.45659825,0.32564855,0.50963354,0.35444522,0.2917077,0.2299737,0.24921785,0.22454602,0.2748203,0.25359917,0.3677817,0.2689993,0.44755632,0.34050256,0.3856271,0.24667658,0.4791971,0.34356183,0.36491528,0.2736887,2022.4897300831608,738.5924419208525,2129.800378822572,429.3243297418044,3834.3673529038574,1546.1450437905105,0.09561853489945862,0.05109370204019899,0.13466951,0.03622497,129.19921875,reggae.00094.wav,reggae
-69.06215,52.678898,79.14716,16.906963,13.084549,22.849262,29.383541,11.684961,0.27989486,10.28541,4.1548095,8.530918,-0.4426152,10.927644,0.17704035,8.967616,2.803924,7.8180213,0.60514885,8.878973,-2.8017468,5.9682584,-0.5161707,6.458729,-3.1838446,6.7555985,0.65865433,0.32436937,0.41336548,0.22984213,0.32938275,0.26078656,0.3354376,0.22463797,0.48178548,0.27870905,0.45825177,0.2942935,0.4132427,0.28694144,0.4887415,0.330928,0.38418934,0.24216664,0.4018717,0.28295755,0.32434058,0.22742856,0.404925,0.23093587,2617.1778006286586,713.4441432058712,2787.4453144858594,395.0367483261173,5719.163792869054,1351.6756350985113,0.1031685790071539,0.05123886683696647,0.1622456,0.064245105,123.046875,reggae.00095.wav,reggae
-166.97626,82.85619,116.626755,27.337011,-44.220535,30.060226,70.51435,15.163154,2.3173788,19.784136,16.009483,11.44497,12.503331,12.54081,4.093497,10.983366,5.321485,9.996213,4.51741,9.176173,7.2984104,8.437987,7.585032,7.937838,2.9087095,7.635786,0.38069424,0.31483397,0.32090327,0.24244432,0.39452857,0.30697018,0.41297963,0.26302186,0.53680855,0.3480046,0.5152102,0.29595065,0.5474408,0.3052366,0.52102834,0.3340862,0.3713987,0.27085966,0.31242603,0.2478946,0.29388332,0.2613353,0.38903475,0.3363695,1630.16101822981,715.2976006597618,1578.5100390936884,291.7547440570671,3183.699903023492,1194.34326428757,0.0796547968629157,0.06441801134429193,0.16210662,0.071320735,89.10290948275862,reggae.00096.wav,reggae
-142.80992,63.721134,103.12614,20.315413,-15.227189,23.117105,38.256912,17.66939,-13.002163,11.9606,2.750306,12.514382,-1.6656563,13.995402,-3.4389293,9.264879,-4.4527035,9.384942,-9.288576,9.289648,-10.127065,8.245887,-2.1181872,8.21296,-4.4648905,7.6279674,0.415157,0.38164082,0.2410585,0.21779908,0.22243765,0.2909337,0.20298962,0.22845203,0.29211488,0.2770055,0.36311215,0.35741848,0.19177715,0.1931027,0.22986643,0.29929656,0.25673583,0.27032906,0.38649186,0.35921642,0.24983905,0.27037513,0.21313104,0.21171576,2007.0624463203942,552.5095975275206,2111.0783107529746,344.3481747706033,4137.222778603538,1044.6658477804099,0.09398639912026295,0.04154870932308553,0.1106856,0.05103982,161.4990234375,reggae.00097.wav,reggae
-134.61238,71.09612,93.53314,22.72532,8.519339,17.784304,34.867107,14.470289,3.2853146,9.974201,15.506227,10.6416,4.967833,10.023213,8.540956,7.772812,-1.2959113,10.114016,2.727689,8.956007,5.071606,9.786277,11.859678,8.247477,4.4144607,6.4360013,0.5694342,0.34432405,0.44794536,0.27338272,0.5169463,0.3128257,0.52093416,0.3147834,0.42651972,0.26475498,0.36115536,0.29095423,0.34353873,0.24826291,0.46924084,0.35893348,0.30753368,0.25734144,0.25405508,0.19983757,0.2713385,0.17106596,0.43329874,0.2817675,2026.4167424052794,758.4396235707336,2398.1727931725145,394.2003100087873,4462.868759969548,1745.899346103657,0.0648337804524362,0.04141364941618621,0.13908009,0.046848394,123.046875,reggae.00098.wav,reggae
-67.11288,53.107876,80.68692,30.985369,-43.87355,17.556889,57.721367,8.304276,-12.790038,8.19999,33.588192,8.386342,-7.73336,7.4249334,14.119094,7.362826,-1.2372346,8.307988,7.41274,6.825377,-2.0441523,6.466709,6.0994887,6.9209614,-6.627344,6.5871477,0.40602568,0.2772553,0.4214882,0.21081187,0.40858358,0.26777694,0.48880583,0.29181665,0.59958833,0.26028138,0.5453588,0.29238546,0.37297606,0.23350672,0.3584737,0.2769599,0.34531003,0.22314887,0.6543852,0.35354757,0.3076482,0.22969973,0.26517633,0.19779499,2467.192945686638,673.949972019034,2006.4014228485999,175.93302816770426,4723.590385277697,799.4567959017025,0.13959632395591648,0.0645375357670517,0.18007122,0.038572088,117.45383522727273,reggae.00099.wav,reggae
-116.62627,76.45513,109.25263,22.034203,-23.163752,19.20561,40.67948,12.692556,-11.888837,13.989555,23.152943,11.280761,-15.409277,11.413704,15.1249895,7.9810934,-13.522578,10.571752,12.695887,7.693357,-10.871556,8.787994,8.497991,7.394069,-11.577597,6.250264,0.37538683,0.27174506,0.48998287,0.28071842,0.4954412,0.3230779,0.41691,0.24190104,0.4765043,0.33778527,0.33138672,0.2841423,0.2833213,0.2388336,0.32555538,0.2937934,0.38845298,0.25870866,0.50401497,0.3480762,0.2874396,0.22695065,0.27479997,0.22966842,1996.3291886977468,503.38118865999564,2097.039295804866,309.96238516963047,4227.868737311485,1127.3567574504007,0.09022025147428461,0.04046000345407565,0.12909234,0.071980774,123.046875,rock.00000.wav,rock
-111.25285,56.16229,134.15211,27.302845,-24.658049,17.846113,41.54234,14.267754,-3.0750806,11.456511,28.475187,8.577426,-10.59955,12.1109085,14.917008,7.341812,-14.410271,10.907551,8.844091,7.040926,-4.5479774,8.447067,9.940146,7.8759236,-4.680241,7.3503084,0.29498082,0.29632047,0.319111,0.2866515,0.338305,0.3237413,0.39390847,0.24784121,0.4789973,0.35629874,0.31339952,0.22523749,0.27673936,0.2759589,0.3082905,0.26615837,0.4129999,0.31491137,0.49694693,0.358998,0.39391863,0.28129652,0.3572556,0.2850044,1529.2908080956652,476.2720553719321,1845.370439693341,343.6823086496597,3271.448122099768,1166.8449911999423,0.05495977438611756,0.029164539268834208,0.1803724,0.0701401,151.99908088235293,rock.00001.wav,rock
-120.445526,89.95361,117.5898,29.252756,-27.635336,23.429869,42.838066,13.932372,-6.757944,17.21397,21.642138,12.489536,-12.10304,10.673658,17.95223,7.7249064,-10.473287,10.884288,12.275668,7.8143086,-6.5690446,9.609174,13.523022,6.6854787,-2.420074,8.072914,0.50704515,0.2964218,0.48393846,0.2186305,0.7297076,0.31055847,0.3971176,0.180422,0.28936818,0.22151545,0.2761323,0.23618647,0.29312128,0.22226888,0.29485935,0.23066054,0.42637432,0.25525415,0.6149526,0.3032696,0.45172226,0.27859452,0.47702622,0.33998156,1875.1802164622397,685.0063251075535,1983.7706907125023,410.33373366284576,3929.4931504676624,1428.534712186751,0.07680441258217324,0.04752390089014702,0.14856811,0.08094921,107.666015625,rock.00002.wav,rock
-156.54553,73.25893,130.7242,27.111137,-1.4807916,20.147448,36.234592,12.286618,0.3509125,15.697165,31.955034,9.811168,-0.6218728,11.942255,20.156782,8.551597,-11.339355,10.296118,13.855699,7.0419664,-3.7898717,9.135541,11.537828,8.367525,-3.2142534,8.297615,0.34336478,0.342098,0.2515199,0.23379825,0.2474411,0.24358581,0.32053715,0.2629402,0.4762034,0.33569324,0.4808006,0.34501177,0.44954687,0.29056603,0.4815316,0.29311913,0.4856619,0.33347932,0.4413556,0.36322045,0.30945152,0.27430105,0.27393684,0.23492087,1421.3550411262563,654.3505841671645,1902.3217903706202,414.84793068217476,3042.7015547962587,1591.4651893144517,0.0430986562258314,0.030639131380977264,0.15122105,0.06312147,95.703125,rock.00003.wav,rock
-127.970406,56.424355,134.44084,28.784885,1.0205101,21.237808,54.43924,12.436433,-0.4544707,12.703521,35.814583,10.131394,-10.856742,11.537896,16.386305,6.604349,-10.0327215,10.631064,6.592466,9.361862,-6.6975994,8.148404,11.041861,8.205381,-8.380609,8.100224,0.36216673,0.30214864,0.36138391,0.28372902,0.3553605,0.31212923,0.32183218,0.27551445,0.28315246,0.25873595,0.25592107,0.23579162,0.3339039,0.24051256,0.5450669,0.35680783,0.5120386,0.27249286,0.461979,0.3467648,0.34720162,0.27027887,0.32186884,0.23947349,1345.8413834184055,690.1721852814921,1841.8263952475795,408.0899701761536,2939.1573239921695,1597.3265301184183,0.04107944520978345,0.03642051380875382,0.20865633,0.042684607,103.359375,rock.00004.wav,rock
-62.36485,39.655045,153.79042,31.228388,-55.13121,14.939083,28.010105,11.968662,-6.850295,12.536941,17.46384,9.99319,-22.614672,13.788731,18.14102,8.862062,-12.584327,11.527686,4.5021577,8.702289,-8.390483,7.862918,7.216679,6.8955574,-2.523249,6.9064527,0.6355614,0.33842227,0.46344253,0.23193169,0.44832408,0.34642678,0.33151263,0.23541193,0.40410283,0.27628094,0.19784151,0.14917308,0.23306708,0.19587623,0.27600196,0.20199926,0.31380084,0.21491022,0.4836961,0.37854072,0.3215774,0.2167321,0.41216743,0.24506523,1542.1092953993345,335.8153368120643,1591.6275688974224,357.1036900651652,2869.7864364305397,799.6598303605082,0.07702117471481051,0.017860639125531833,0.20371321,0.055640563,99.38401442307692,rock.00005.wav,rock
-98.38649,51.910503,136.57487,25.906542,-46.714024,18.423214,46.476673,15.976257,-17.152012,14.616732,10.547506,12.151587,-14.580566,10.811078,16.551332,10.633909,-12.312678,9.970941,3.7018619,9.267216,-12.647758,9.373793,2.9513052,8.87344,-12.505246,8.0330105,0.3208945,0.27113712,0.4457057,0.34422335,0.44266883,0.26998785,0.5137567,0.3438665,0.27510455,0.21848144,0.22419527,0.2290763,0.2786363,0.27136144,0.32665908,0.30390462,0.43654177,0.3255687,0.32671478,0.26488173,0.306883,0.28974274,0.23605052,0.22798076,1676.1460477207684,458.08685788584313,1653.5278079437426,283.87942546322887,3255.327363689095,855.5032580031993,0.08730529171500387,0.03639213812647822,0.18003525,0.059844792,112.34714673913044,rock.00006.wav,rock
-140.46417,54.17481,149.30049,23.60681,-10.073524,16.54089,38.784744,11.704297,1.5350952,12.753734,20.120266,8.459827,-11.34188,9.50429,16.292198,8.199216,-13.255261,12.083161,10.183559,9.631742,-9.257683,9.29288,4.6997657,7.1337376,-8.370977,7.145024,0.40850192,0.30801508,0.34211144,0.25850487,0.3675625,0.3233455,0.2899219,0.21096715,0.5177229,0.3273594,0.5221739,0.350998,0.3334273,0.25329983,0.31746262,0.31044325,0.35570177,0.2651168,0.36599007,0.30727875,0.20820142,0.21173602,0.2807285,0.22550638,1282.1973339054578,547.4711510259435,1729.3657925950802,414.7321335384552,2675.912666763341,1274.2020067811104,0.047179750942575406,0.032241479402357935,0.1570209,0.06030633,89.10290948275862,rock.00007.wav,rock
-14.946681,24.208076,138.44057,13.921872,-41.902412,8.437208,22.075436,9.856026,-18.676533,7.5558558,32.004406,6.081506,-20.370274,6.367235,15.703648,6.637749,-17.348824,7.102573,14.874468,4.3849897,-8.903126,5.0559516,12.260917,6.0688457,-5.828865,5.9293947,0.3604297,0.2502202,0.47747093,0.30735373,0.4031373,0.2643599,0.3691204,0.24834329,0.33489382,0.26702422,0.29249585,0.22786859,0.37752098,0.2826742,0.5203249,0.3295528,0.47608232,0.23329666,0.534536,0.35159385,0.39421502,0.25362244,0.366141,0.2792456,1717.0993092104313,217.23254424619495,1842.273126503125,180.47216528499737,3362.1523686738688,658.7252674746646,0.08495074137180975,0.01761477207052655,0.26079375,0.03034985,89.10290948275862,rock.00008.wav,rock
-178.60347,68.94309,154.00502,29.763721,-4.958517,21.36681,21.928644,14.184481,-2.0540266,11.669996,23.674204,8.734962,-1.2848492,11.329708,11.562133,8.456929,-6.0270863,10.506917,4.947251,8.276668,-2.940482,7.913734,5.409077,6.1042476,-4.1239824,7.952642,0.5449977,0.329695,0.31313145,0.19911283,0.31472474,0.3072069,0.22591016,0.1553007,0.3788802,0.2721507,0.54773545,0.3436712,0.60736024,0.27951753,0.53672993,0.3053779,0.2979463,0.2553006,0.28603372,0.31448147,0.14527918,0.12711012,0.31572762,0.24568732,1181.3266070896575,524.7268979046863,1607.7013605601169,509.2763331426902,2367.3450301805397,1443.3055049033849,0.04253295992846094,0.01972438059312386,0.1281802,0.061610557,75.99954044117646,rock.00009.wav,rock
-108.94804,51.73776,114.95368,21.431814,-5.21129,18.294342,46.19136,13.047529,-9.136669,11.191866,20.517895,11.83503,-17.024096,10.369417,24.221981,9.243177,-8.050692,8.819601,13.43937,7.9936266,-18.37755,7.2961535,8.584026,7.503758,-11.401218,6.9217,0.34352326,0.26662296,0.4124435,0.29461664,0.45658135,0.3311656,0.29661956,0.23140442,0.31065866,0.2549882,0.2645735,0.21936731,0.38582465,0.28115442,0.46557772,0.33849552,0.46162176,0.27030608,0.54741216,0.3224199,0.42326978,0.2739035,0.4111515,0.31507143,1857.9725986494295,616.4082835968243,2182.350232035477,325.73847747887186,4191.671972429669,1284.05125640111,0.07170823665893271,0.04233600606394654,0.15342064,0.051885907,161.4990234375,rock.00010.wav,rock
-169.68312,53.817722,119.105644,24.850138,7.161805,20.001822,53.429665,14.700593,4.125313,11.819908,23.133099,11.245432,-5.721344,9.551136,24.986755,8.458098,-9.328979,8.282879,13.474868,7.759638,-14.278746,7.4244423,5.959376,7.225845,-13.598075,6.872733,0.3782095,0.32634428,0.28487968,0.26128408,0.2689083,0.23478086,0.34166756,0.31606632,0.23056144,0.20619574,0.24565296,0.2871695,0.24039052,0.22303684,0.41388613,0.27575168,0.65740794,0.33994246,0.41897684,0.24583572,0.34842458,0.32063386,0.2906777,0.22705011,1537.4684493421887,701.098582916742,2037.1769457658406,415.9873377645956,3416.651523528132,1541.7903394207278,0.05433025787896365,0.04009621921106948,0.1233552,0.030747985,117.45383522727273,rock.00011.wav,rock
-204.6047,76.09815,106.97547,29.65386,-10.20793,18.803234,45.585976,15.415658,3.0347538,15.24829,24.002531,12.845895,-7.5044093,13.378011,20.065851,11.627982,-5.168004,12.501269,8.738427,9.158202,-10.105714,8.899541,4.3647547,8.643294,-6.9585676,7.7605157,0.34180373,0.29415148,0.4178521,0.35988066,0.3490968,0.31994843,0.29322228,0.26592782,0.30541962,0.31092665,0.28008434,0.2439298,0.30420834,0.33184758,0.27399862,0.23642784,0.36926073,0.33218104,0.41706702,0.3407709,0.36119217,0.31600752,0.354177,0.34125647,1863.7644718857396,901.3934292829662,2067.3721800251296,456.50517292308496,3986.232224749855,1652.8709737033425,0.0682249371616396,0.05651563005866601,0.07587266,0.03611887,112.34714673913044,rock.00012.wav,rock
-211.21675,68.28327,95.75193,29.282473,40.583527,27.413475,68.280975,16.561989,5.304847,12.757368,30.969952,12.036038,-5.2771754,10.823994,22.821358,10.890179,-1.6232678,12.168991,17.491806,8.920505,-11.495021,7.770601,8.730979,7.8189445,-10.45692,7.3649178,0.37774086,0.2977929,0.3709933,0.2365697,0.5627402,0.31526443,0.5790045,0.34931594,0.46661797,0.27343693,0.5059636,0.31315717,0.36737874,0.25266576,0.36191398,0.31704417,0.32812938,0.28420582,0.42384946,0.29060483,0.53767127,0.31740895,0.4010161,0.24411148,1597.5180157344882,839.4800647705006,2238.099095052294,525.7780062133529,3826.665027733469,2134.0813688494377,0.04610991275135344,0.038465374517111496,0.13366963,0.04421883,123.046875,rock.00013.wav,rock
-256.37222,111.82399,103.12504,36.639137,-8.427773,25.546051,48.58596,19.0037,-4.1882467,20.746365,17.339882,14.496534,-6.681784,16.79067,17.037977,13.747837,-4.612256,13.819386,5.318705,10.495384,-10.017794,11.520477,8.225862,9.958482,-6.207776,9.433496,0.37856656,0.2973017,0.29214898,0.25391018,0.30374992,0.28451493,0.31353018,0.28126955,0.34863287,0.34615123,0.35701537,0.29634318,0.49974877,0.32879385,0.47726777,0.3243862,0.38404632,0.31220528,0.30982125,0.27135807,0.3987855,0.30757326,0.506494,0.37275118,1937.0023676443107,958.4371631922663,2008.2836647392953,428.73415904906443,3985.824209686775,1639.9915859936448,0.0835791733130317,0.07472205066302787,0.053596962,0.0336111,117.45383522727273,rock.00014.wav,rock
-174.93277,59.973034,90.93342,40.54626,-18.715298,25.116955,41.614548,16.071003,-8.878751,17.555172,9.084968,13.207146,-12.457277,14.263468,13.13021,13.019903,-9.691081,11.620044,4.335098,10.508653,-13.485935,11.022324,6.740899,10.537189,-10.384655,10.372225,0.3722276,0.3274358,0.37839592,0.24166721,0.6905945,0.33936703,0.33725733,0.2415852,0.2434534,0.23678605,0.24771002,0.2508464,0.21082033,0.19606389,0.31438628,0.29020983,0.28946906,0.27544805,0.347962,0.3274343,0.36715615,0.30555895,0.32627854,0.29567495,2335.5199316347857,1023.3555557500731,2098.8864328445857,431.54174304149774,4500.064745414008,1705.6251087131377,0.11416000519624904,0.0806263981643807,0.082274765,0.05566519,135.99917763157896,rock.00015.wav,rock
-15.672693,18.379904,100.08496,13.60146,-37.59761,13.12484,45.951027,11.246929,-20.771992,9.328401,25.640266,7.3254404,-18.628998,7.0955997,26.507004,5.891162,-20.164482,7.1221924,21.119764,6.667686,-13.650189,5.9608345,10.966076,6.726739,-15.529785,6.183511,0.3754261,0.26048088,0.379758,0.25745302,0.4606219,0.26741958,0.4122034,0.24095397,0.47891322,0.2805586,0.5263029,0.3045998,0.45215976,0.24629833,0.57736003,0.3003098,0.55053276,0.28241923,0.50354457,0.290905,0.44408855,0.29095912,0.37679777,0.25095773,2459.520891914009,359.5902881443431,2221.3730531280544,208.73250292116094,5024.347447795823,801.3383720677846,0.1428334058391338,0.03406077012470275,0.18441163,0.03200333,143.5546875,rock.00016.wav,rock
-41.4065,32.17014,105.41008,15.65837,-43.93526,14.517554,54.118137,10.857853,-18.419096,9.189747,23.529263,7.881411,-17.622051,7.886871,20.664349,6.595559,-18.46505,7.3941193,17.480465,6.1633353,-15.180026,6.192384,11.313596,5.78063,-14.159313,6.353523,0.27019227,0.16808617,0.46595198,0.2496698,0.5887645,0.30360568,0.38035673,0.20265894,0.46084243,0.3200473,0.3601538,0.23445822,0.42722315,0.28721446,0.4227037,0.30090454,0.42674705,0.25732362,0.55769646,0.3071584,0.32578698,0.20201181,0.3406744,0.26600823,2312.066157893261,398.2773167405942,2060.944513351681,264.57369099362734,4528.392648364994,901.6425502623582,0.14054758495262953,0.03407485862889208,0.16600236,0.03476063,123.046875,rock.00017.wav,rock
-67.59407,37.448307,109.12802,21.33897,-32.71142,18.692062,45.652374,13.133803,-11.680288,9.606933,27.491209,10.914571,-16.32995,9.33578,22.081251,6.9545493,-15.446939,7.806217,19.393972,7.2489023,-11.610448,7.9027147,11.576828,5.973337,-10.516491,6.5876446,0.43491453,0.2778757,0.4245674,0.24607898,0.43295306,0.2649104,0.4614122,0.25567856,0.56226915,0.31925157,0.5098776,0.26904187,0.5340683,0.29084095,0.56068665,0.3008402,0.5000207,0.2737347,0.43770334,0.2703453,0.44063947,0.25688723,0.46680123,0.28141525,2209.1820036909885,528.7265245380155,2142.8478460634065,314.2870856274271,4593.891556246374,1123.541738987161,0.11578005667536737,0.050068798017978304,0.14066513,0.046681296,117.45383522727273,rock.00018.wav,rock
-84.1865,44.80797,102.343544,16.88219,-41.35082,15.823027,47.032593,14.050424,-16.94698,7.9869447,26.23382,8.698771,-18.950123,8.371318,18.797083,8.515611,-21.695303,8.400237,11.054098,8.959198,-19.2392,7.111511,5.2341566,7.4072285,-16.756317,5.2397327,0.34291852,0.19373849,0.37103274,0.28086203,0.35136753,0.26174682,0.43196034,0.22214599,0.56580746,0.32207218,0.48308316,0.24765408,0.4532654,0.30834183,0.4196324,0.24596971,0.59142685,0.33396778,0.37487411,0.23892398,0.35054028,0.22307016,0.49481365,0.2680741,2321.1497598885144,404.2523688471277,2118.769457100269,251.66844067670667,4701.357727758846,882.3435733917324,0.12819063285479504,0.04336429884834737,0.11220418,0.038208667,117.45383522727273,rock.00019.wav,rock
-56.960926,44.913906,115.221,22.381907,-30.44724,17.657616,37.199028,10.792312,-21.998432,11.890798,21.875805,10.305274,-19.772882,8.102723,15.003683,7.2065563,-24.094864,8.635238,17.788218,8.044542,-17.29499,7.3480535,6.7472944,6.532705,-10.742702,7.0931234,0.30319843,0.26996246,0.316565,0.22789083,0.51291543,0.28312954,0.7069774,0.3119354,0.3883922,0.21087882,0.34246996,0.27431074,0.33442563,0.25377828,0.37647715,0.2494669,0.36328042,0.2825608,0.35526085,0.2295416,0.48772344,0.29328644,0.2884745,0.21345735,2188.0575306749347,565.3932469693275,2120.196511919213,297.62574149426246,4431.917903041618,1178.8922313952608,0.11753303545533643,0.050773684937349246,0.15243913,0.045137998,99.38401442307692,rock.00020.wav,rock
-55.33593,35.356476,114.42699,20.502266,-34.03885,16.513569,37.997505,12.595403,-22.330322,13.595359,18.537243,10.642343,-18.15919,10.453875,13.812107,7.6928787,-27.804724,9.946428,18.16542,8.323244,-14.628684,7.002196,6.551335,7.5797095,-8.264944,7.0269203,0.30425176,0.22077891,0.4318116,0.3008085,0.3516277,0.24391888,0.42397508,0.30119038,0.40273032,0.25963873,0.5363368,0.31529775,0.48473263,0.2946797,0.36961353,0.239885,0.5253359,0.32889113,0.3546127,0.22867599,0.28347704,0.2479443,0.2465577,0.20514834,2158.1594853409797,499.35149145365847,2060.651234509196,248.69148386902367,4245.813073248985,961.4996060834129,0.121568436412413,0.05364793688115499,0.16144805,0.05040323,184.5703125,rock.00021.wav,rock
-34.634476,34.23875,106.50069,22.069235,-41.059685,19.70999,33.66809,11.121049,-27.229921,9.855625,21.403963,9.485094,-21.319082,10.448995,14.005236,6.6525,-27.781681,10.482422,16.053364,8.878312,-18.818726,6.723418,5.6487145,6.7665334,-14.2938385,6.754698,0.2712015,0.2490048,0.29891407,0.23078878,0.41177413,0.25790063,0.61174095,0.30997315,0.42824766,0.24640994,0.35546964,0.24148671,0.4209754,0.296927,0.475517,0.2745555,0.38508326,0.27674207,0.38239875,0.22275975,0.60073024,0.2977578,0.34796193,0.2241896,2342.4462721453447,506.70878003381966,2113.056605899798,267.9309124393411,4595.4403481184745,1011.2525119737145,0.13844302856728538,0.04710590538425414,0.1737927,0.04758518,198.76802884615384,rock.00022.wav,rock
-88.36004,55.242573,105.4332,24.236551,-24.50932,12.804385,41.850685,10.720104,-22.360504,10.931317,23.726532,11.086663,-19.787085,8.884082,15.147273,11.494838,-27.103638,10.116712,13.853663,11.356256,-15.209694,7.87406,8.935021,6.6796618,-12.798515,7.1780896,0.2012656,0.23093203,0.16133194,0.16091475,0.32632756,0.2798698,0.3942023,0.35423908,0.23102951,0.1454854,0.4082167,0.38422367,0.30001146,0.24259666,0.37270534,0.349938,0.2804087,0.28899044,0.24625924,0.20587477,0.38271227,0.33200255,0.22688429,0.21459746,2294.7279252035287,627.957715277358,2206.9632010472374,346.64480570783644,4847.935057460847,1294.6822165100525,0.11556707088650425,0.0486631992392616,0.13569559,0.040903598,73.828125,rock.00023.wav,rock
-52.480682,33.063297,99.70796,19.407385,-47.386406,20.83366,47.01759,13.645436,-21.017344,12.151236,22.883759,10.673789,-18.278618,6.886266,13.886501,7.3750863,-23.446274,8.067625,13.512141,7.959393,-18.663303,6.799203,5.705186,6.6311717,-12.890456,6.437963,0.32633004,0.22549264,0.35424814,0.22004217,0.5404051,0.3308255,0.34196565,0.21831957,0.38074917,0.2621189,0.37643984,0.2547167,0.5850294,0.32879084,0.40148804,0.26126036,0.35659218,0.21879506,0.49522537,0.3102434,0.3334801,0.2070015,0.3696341,0.2751919,2320.3950808692307,344.23718316948634,2044.9183639654284,214.18249084973004,4466.440973481003,694.8941798294044,0.14343044578982986,0.04481970165103984,0.15654169,0.04016648,73.828125,rock.00024.wav,rock
-47.04379,23.953583,95.77822,16.157854,-43.917877,15.883109,52.071087,16.404318,-22.550802,11.181613,20.861921,9.290723,-18.675611,8.586627,19.246445,7.0099254,-21.253605,7.098498,21.88196,9.222497,-19.21261,6.0042553,9.452245,6.8853807,-12.584075,9.158595,0.35402936,0.2637562,0.2903774,0.19803117,0.31685477,0.24796131,0.38376427,0.26054087,0.44931012,0.28934458,0.37318304,0.26353064,0.36045995,0.26072052,0.45419842,0.28885454,0.49781963,0.27914384,0.5749891,0.3161721,0.49104422,0.27228734,0.43551219,0.29520348,2510.07314252411,379.8555789336602,2115.277506076207,233.13732563781218,4735.123055938225,838.8356619748921,0.15782813406322505,0.043849583645157224,0.1491075,0.039241992,103.359375,rock.00025.wav,rock
-58.981987,30.852482,106.57721,19.553455,-31.803864,13.515428,47.910946,11.165109,-17.425423,11.110731,27.75524,9.366861,-14.010047,10.023497,22.419035,6.782511,-20.549541,7.3242064,19.562534,8.0964,-14.581267,6.4587836,10.176432,5.936818,-10.946365,6.9432845,0.4506014,0.34413603,0.33721542,0.19849536,0.5086103,0.36060235,0.26462784,0.18044418,0.309589,0.22285107,0.49969497,0.3602159,0.40622476,0.24566096,0.49762157,0.3243543,0.33031473,0.2154784,0.3909519,0.2566421,0.3002527,0.22675782,0.3041718,0.22595586,2263.203109326082,480.73898836110385,2150.226328920084,240.00280519554624,4603.001117042489,966.6881184341024,0.12290601737722351,0.04640366229297769,0.15266521,0.034323055,112.34714673913044,rock.00026.wav,rock
-123.34534,51.364296,74.88168,25.250029,-17.058035,16.537767,31.609985,14.159244,2.5446815,10.397204,17.32831,9.44906,-3.8152325,10.098271,9.7234535,7.8355765,-7.237524,8.123568,11.2586565,6.8540716,0.38198876,6.6373115,3.4685218,6.998904,1.663686,8.400514,0.3187486,0.27436775,0.3517214,0.29659227,0.35739395,0.23725718,0.4425302,0.32322946,0.38809156,0.23662344,0.5323447,0.32547933,0.47069457,0.31550935,0.37323067,0.27784535,0.42527902,0.33124268,0.4046818,0.2779595,0.44684574,0.31838554,0.31869045,0.26038706,2669.3593345236,677.9194859077227,2440.4637806887617,291.41803282531595,5445.8670695868805,1169.7526510441307,0.13342209570917182,0.06750774555913243,0.07916758,0.01575516,151.99908088235293,rock.00027.wav,rock
-92.63433,51.216652,101.83766,27.473194,-33.491867,19.45513,48.725113,14.50044,12.398135,10.8106165,20.813831,8.177481,8.697565,7.783608,9.275422,7.533794,2.7734897,8.000944,5.2337246,8.607045,-9.328545,7.07047,-3.4863636,6.677366,-4.36038,6.0311494,0.4067879,0.23739247,0.39282346,0.3128874,0.3863109,0.2636452,0.4076366,0.31011894,0.35058996,0.22804776,0.47615096,0.2864076,0.34099653,0.23956484,0.37515572,0.26388252,0.49513394,0.29316097,0.551022,0.23834547,0.65879583,0.3064273,0.4723971,0.20982105,2046.8578301908997,594.7405252897545,2070.164481073298,429.9223916338201,4095.472012761021,1269.6510471629656,0.10197110039636505,0.03675445185307431,0.13878995,0.02966812,135.99917763157896,rock.00028.wav,rock
-42.399296,37.058197,85.04793,23.111193,-7.383805,17.574873,40.714485,11.032011,-1.0092217,8.692134,18.923359,9.146906,-3.5411758,7.485651,5.871917,6.3649383,-5.0200562,6.485376,4.245414,6.8441935,-3.1746843,6.602322,-0.5802537,6.676146,-0.52992374,6.5211377,0.5636342,0.34702528,0.5041082,0.25637224,0.51625377,0.31380105,0.35889286,0.25792155,0.34416115,0.25654674,0.36684498,0.26649112,0.407865,0.27362496,0.4746832,0.32759127,0.34797028,0.23726039,0.38586465,0.26880974,0.34560466,0.23462597,0.4065998,0.2686922,2445.1189674157067,610.0213542518625,2434.0559164690508,331.9452886711509,5173.572711988834,1104.6006484334582,0.11150145917923433,0.0476299057779746,0.18004455,0.03507118,123.046875,rock.00029.wav,rock
-131.4277,49.458168,67.74452,28.937038,32.89004,28.429626,34.585876,18.600435,-3.2927592,11.29688,21.882212,13.74167,-5.809261,10.364625,10.232336,8.263267,-7.0489717,8.370004,2.2989485,8.891883,-4.3683047,7.1310325,-3.317443,6.8119407,-6.2809277,6.7606544,0.27179018,0.21696547,0.34269193,0.235093,0.53264725,0.3361759,0.47975636,0.26347703,0.5182445,0.32141185,0.44101083,0.24796157,0.33122286,0.23970807,0.26439208,0.22338696,0.36808145,0.3029659,0.41406515,0.35555768,0.33862212,0.25863597,0.380006,0.30477226,2944.617225098909,850.8454853486917,2831.3006101810506,329.87741229136356,6333.584516839473,1089.3137101972598,0.11491716212296983,0.06064580183398671,0.096469395,0.0223129,117.45383522727273,rock.00030.wav,rock
-89.08187,68.94071,81.389336,29.869911,-12.564247,24.969553,22.778366,13.884016,-7.066863,12.312661,-0.49518743,12.417024,2.7513537,12.311516,-3.4457023,8.996509,-7.7104874,8.753775,-0.84374905,9.2674465,-4.883028,7.9612164,-2.6869318,8.778828,-5.2926173,7.941125,0.3283066,0.31041628,0.3179888,0.24311599,0.51811033,0.33031875,0.2924143,0.21482553,0.32817098,0.28765103,0.35760128,0.28239593,0.4462577,0.3198413,0.5426593,0.33785123,0.27932462,0.21520193,0.30988777,0.26653662,0.33697233,0.27327728,0.37294403,0.29252517,2639.1039096273103,779.0710362234396,2512.6868986501595,487.18469742055817,5302.99675536543,1612.5006736548517,0.1324454393851508,0.05608625218334684,0.12614734,0.055525105,117.45383522727273,rock.00031.wav,rock
-26.406563,32.44164,85.88428,22.103338,-17.211609,15.283151,35.311554,11.26696,9.982888,12.365123,10.665745,8.534895,1.3990859,7.974682,4.5759234,7.850688,-0.121477574,7.1835766,2.0990708,6.865844,0.32295215,9.098834,5.3930078,6.603434,-1.0125064,6.9959927,0.42931738,0.3031135,0.3478851,0.25235865,0.4515377,0.34281698,0.3328014,0.24037914,0.41446584,0.31467283,0.36824495,0.30316454,0.3673357,0.27623484,0.36789894,0.2848655,0.3391475,0.25702932,0.4686831,0.35044548,0.32303226,0.2530815,0.38943198,0.29494298,2344.5259235128556,523.8021107220442,2374.8837223701676,316.12985345024913,4728.642093571088,1084.839319705901,0.11589709565839694,0.040828901429376056,0.22182517,0.049331527,92.28515625,rock.00032.wav,rock
-119.03785,50.510696,128.89801,29.476038,-17.83216,19.113413,29.174347,9.815767,2.7172751,10.888196,7.998563,9.389955,-7.062791,10.098749,3.8721447,8.418357,-1.5170448,7.752668,-3.9864912,7.706412,-7.0405617,7.1415815,-2.8676345,6.1506906,-4.180409,6.5582395,0.37238073,0.23513485,0.6063583,0.37077412,0.34573698,0.25127453,0.2352094,0.2033406,0.24967493,0.2761196,0.19767478,0.18263175,0.23477364,0.26121402,0.21480684,0.2088475,0.39565971,0.31122085,0.39985603,0.34113094,0.2615548,0.22731274,0.36798656,0.33488056,1674.1340437310519,489.8611087468301,1948.294443985897,447.07187575895347,3431.789715052204,1244.1050101547141,0.07487394564481825,0.026561682334082945,0.12787735,0.03727125,117.45383522727273,rock.00033.wav,rock
-28.048374,25.80241,65.66149,18.384726,-7.321227,15.91467,33.75632,13.1646185,11.126422,9.656573,14.604361,8.687445,2.0925806,8.840343,10.009484,6.145596,-0.22511584,6.9082627,10.134864,7.234484,-2.8547633,8.563047,3.096317,6.0602036,-1.6673212,6.2965636,0.5127029,0.2875228,0.35148686,0.22831376,0.31236628,0.2687064,0.30511573,0.21627468,0.45253676,0.27909145,0.5657832,0.29863197,0.47045422,0.26732922,0.4482483,0.29652327,0.43909222,0.26818287,0.5012798,0.29465252,0.3313404,0.22627789,0.36539346,0.2708891,2788.3693356571966,530.819242150116,2648.3386460310135,286.46765368608345,5832.197276824111,1114.6774386248667,0.13492539898700306,0.038860674471967026,0.19099241,0.027903084,135.99917763157896,rock.00034.wav,rock
-124.00335,49.10642,109.49398,24.140743,5.8743453,19.142164,32.895947,11.314937,10.985754,9.079002,11.695206,7.438821,12.678273,7.6333294,12.968339,6.8853245,1.6449658,6.292424,4.5004187,5.901167,9.672361,5.878522,3.0521114,5.651655,3.5316381,5.003642,0.46969947,0.2383619,0.4328922,0.24647617,0.4546397,0.29535642,0.42386287,0.25063968,0.5114911,0.33481383,0.39801407,0.26238537,0.35238796,0.20630713,0.28528887,0.16751346,0.40634295,0.2719756,0.5118178,0.32221663,0.5514761,0.23580958,0.6894303,0.28772476,1867.4143288199461,631.1032519234034,2422.37169970984,530.2773100437383,4271.110007159948,1713.9997138894864,0.05698049593967518,0.025085006240558923,0.12408983,0.021475943,129.19921875,rock.00035.wav,rock
-0.42657727,30.60788,72.35004,21.990715,-13.061866,16.15342,23.915257,9.703831,10.229573,9.791895,10.317129,8.765101,-5.016699,8.20952,14.344585,7.29793,-0.6939212,6.614721,9.888121,7.2098074,0.72519857,6.170456,5.222892,6.308464,-4.0965514,5.912156,0.4401591,0.27084216,0.36979178,0.23845509,0.47821537,0.30135778,0.37501594,0.22240038,0.46832392,0.28524607,0.5294457,0.30003408,0.38933116,0.24009691,0.46335518,0.3249042,0.44064558,0.26747704,0.50377494,0.29959407,0.31913772,0.2322096,0.35800898,0.24303879,2850.236430403512,637.6226594294382,2621.690044153678,341.9119205544171,5897.606074892241,1304.8646936938062,0.14704748862547892,0.04949067698784796,0.21626079,0.038092926,135.99917763157896,rock.00036.wav,rock
-71.13559,42.75513,79.458374,22.117826,-20.803537,18.8663,30.648138,15.2471895,5.5313945,9.359577,3.7041204,8.623118,4.7037277,8.538862,7.2695193,6.906229,-5.4862065,8.278677,2.504747,7.3173184,0.8459367,6.533079,-0.57976186,6.3308187,-1.8930234,5.9254346,0.5384386,0.3084117,0.3778744,0.22280146,0.41939923,0.2721638,0.39854464,0.22721756,0.53613544,0.2905906,0.50257915,0.27679864,0.47135028,0.25851268,0.5822036,0.2928561,0.39832318,0.22927742,0.3628191,0.23722911,0.39449957,0.25422114,0.43911293,0.24777535,2626.8195142103973,638.0081308874303,2442.645410854308,385.6599482551888,5047.29621338457,1360.0667431938582,0.14627101157675948,0.04933785778448376,0.11334493,0.03135341,129.19921875,rock.00037.wav,rock
-15.92807,33.80257,67.15309,21.139402,-20.1219,20.267475,15.576831,15.136441,4.8012633,15.060698,10.825858,13.741214,5.9594,10.584854,11.79642,9.800884,-0.3968154,9.987436,5.6550355,9.468429,0.11372394,9.137409,1.097924,9.689395,-1.7415591,8.637374,0.41759416,0.2808139,0.4508093,0.3052825,0.3405453,0.24983318,0.31278902,0.24871434,0.29648206,0.24723314,0.3811031,0.24954396,0.4970867,0.32057944,0.39840224,0.2537089,0.4670011,0.30972257,0.42836815,0.27944675,0.4701429,0.31083047,0.4774128,0.32988137,2794.963091628599,580.9920544756736,2633.9623220905196,308.96467732505613,5862.422884064193,1252.8743645576649,0.14055017052051083,0.059517006653526716,0.21929601,0.06543529,135.99917763157896,rock.00038.wav,rock
-50.849358,35.699883,86.40166,18.704971,-14.42425,14.633187,12.829985,8.984401,21.69184,11.614945,4.2353654,7.689745,1.7406832,7.2022767,3.7037308,6.049617,4.683396,6.1089497,-1.8644677,5.584845,-1.195588,4.625833,-0.017734937,4.6690693,-4.127094,5.415163,0.39405912,0.23666456,0.35009363,0.21592623,0.455285,0.28660104,0.3647316,0.1805695,0.5647759,0.30957446,0.35064128,0.19421853,0.43285915,0.24686468,0.34435746,0.2758789,0.416916,0.20895979,0.6941079,0.31459302,0.4458865,0.2339233,0.49792424,0.26482323,2559.166384767606,487.0315919101131,2731.0133210489803,306.4071019312332,5447.017745794664,1360.7118623701372,0.12275949523878577,0.037197212924185506,0.14428338,0.038406428,143.5546875,rock.00039.wav,rock
-65.91231,51.69501,61.28031,21.312963,-1.9368678,18.516315,35.309376,16.365078,9.313,9.847319,7.5558777,10.973378,3.409661,10.468504,2.977946,7.9287157,4.6069074,7.8819604,2.9099398,6.8330107,1.7725732,7.3452907,-0.39182523,6.69115,-5.758149,6.272299,0.39011875,0.29818547,0.44692963,0.27936292,0.5126079,0.3249092,0.51379085,0.31964922,0.45839867,0.30411488,0.3703419,0.28300923,0.35942173,0.2740673,0.4196889,0.29637107,0.4074352,0.28052416,0.38550878,0.28871092,0.3431894,0.25087565,0.38615224,0.28877148,3010.0558252943074,659.6222728671644,2778.074620528377,368.14655659078585,6131.283987093968,1337.3390818728753,0.14475178847641146,0.05886962056048735,0.1428521,0.056104537,112.34714673913044,rock.00040.wav,rock
-35.399956,37.664677,73.69067,22.264923,-20.220224,16.574503,17.177567,13.989678,14.948895,11.164354,10.214969,8.171092,7.60081,8.688142,1.5895824,7.312761,4.1754875,6.3833237,0.7455015,6.313774,-0.3865785,6.5729804,-1.3119748,5.7384686,-2.0403228,5.7880807,0.5822485,0.322701,0.34533596,0.2528719,0.30179977,0.2503026,0.3093663,0.24561334,0.35078722,0.23983434,0.36582485,0.25893986,0.38059664,0.25966352,0.5289559,0.3204074,0.3096432,0.21476533,0.39788923,0.28960553,0.4218547,0.26555774,0.5319321,0.26989385,2806.872615958848,659.9665777941101,2688.101798907577,343.82614502930466,5677.17987556192,1360.9898670324644,0.14835555334010053,0.05751837791739184,0.16064425,0.045283835,117.45383522727273,rock.00041.wav,rock
-74.18399,59.758724,76.735054,26.763771,-3.8043847,22.691448,28.03363,16.21862,8.136066,13.13807,6.0160174,9.134273,4.299718,9.624375,0.50605327,7.020492,2.8456137,8.264468,-0.94493574,6.591405,-2.3550398,8.464339,-0.28597206,6.43862,-1.456242,6.7506266,0.46348152,0.28641668,0.38730395,0.2613213,0.42894253,0.29451257,0.40124658,0.2511594,0.49573237,0.30729076,0.41351822,0.29465485,0.401565,0.26585096,0.44367263,0.2743798,0.4429947,0.2646405,0.5468291,0.3121218,0.4291356,0.25500762,0.4805972,0.28477502,2794.8199158537072,781.809147370248,2732.106675435166,454.23120654468215,5878.15643806192,1655.785782743259,0.13765528325599383,0.06525662228060088,0.118909925,0.044186812,161.4990234375,rock.00042.wav,rock
-62.13462,68.55843,75.87379,22.961967,-26.72933,20.632534,18.281229,14.323121,2.45904,9.011977,5.8335547,8.548848,11.579477,10.638014,0.010206985,8.450227,8.693243,9.03869,5.5156765,7.6319914,-0.24614884,6.235987,2.398875,7.2994146,-1.7415357,7.1668,0.4713274,0.3141802,0.5096977,0.29279143,0.47792235,0.32648265,0.4143092,0.29060107,0.4128202,0.3042471,0.31021762,0.2569439,0.3510683,0.25923398,0.48229083,0.31726727,0.41952795,0.25582746,0.5122475,0.3321921,0.3372853,0.24270256,0.34401563,0.25677225,2739.501165243808,639.2518723588494,2541.9440543276173,410.0678623434205,5326.7365705662705,1409.3463463736132,0.14395686811194897,0.05158246733475849,0.13980499,0.058294047,89.10290948275862,rock.00043.wav,rock
-118.39433,48.90891,130.25537,31.056227,-3.0893328,21.662313,15.728805,15.597973,3.9465373,10.888012,10.665425,7.863908,6.837985,6.792457,3.3979797,6.312551,0.7698096,6.7760086,-2.5344229,5.7573886,-3.1066284,6.927118,-2.866894,9.102847,-1.623691,6.5196705,0.5330537,0.34690335,0.2443233,0.18818083,0.20937024,0.25260258,0.1908423,0.17940487,0.3536504,0.28595534,0.34801832,0.30981424,0.30128774,0.20999168,0.5034006,0.35562563,0.3016212,0.21195945,0.34866548,0.3656651,0.14789914,0.13429458,0.25555837,0.22690904,1651.7562246177304,502.10561752242404,2103.973963881226,562.7308550084066,3455.7460280416185,1543.173040262051,0.06890203560034802,0.02261484607695758,0.14430736,0.03513465,92.28515625,rock.00044.wav,rock
-172.66568,62.390522,142.76349,14.565863,-55.773094,20.029718,79.31552,10.293125,-1.8741938,11.030217,4.7934155,8.200648,0.24512391,7.336937,-11.501139,6.4739175,-0.2671954,5.5105577,-9.363407,6.7276673,-7.680029,5.3925953,-11.2667055,5.253775,-5.683593,5.057,0.2658876,0.27611098,0.25002766,0.2166869,0.16532765,0.15644908,0.24748857,0.13696074,0.62107086,0.31958708,0.4047803,0.23151606,0.26510364,0.22010991,0.2883131,0.26826185,0.32291287,0.16686289,0.7140054,0.32642248,0.4573159,0.20715415,0.33320257,0.28074783,1561.411106713059,300.76656584575846,1568.9524725207564,105.57809581581593,3243.286755909223,531.3025759282812,0.07895466272718484,0.02850543833305413,0.09696267,0.028596772,151.99908088235293,rock.00045.wav,rock
-83.05496,50.43342,91.50623,26.68279,-13.687614,20.888636,16.13486,9.226447,10.328306,9.04379,5.5332937,8.901809,-9.451849,8.721716,-6.618414,7.4568315,-3.033612,7.7662654,4.933539,6.221093,2.640077,5.973273,1.050237,6.6097045,-3.671963,7.1357985,0.2635034,0.20510042,0.35824987,0.2637137,0.3171349,0.2996406,0.26096743,0.17760283,0.5889688,0.35894358,0.28576547,0.22587544,0.29673997,0.24568072,0.44162425,0.33481917,0.42662886,0.2429267,0.5375635,0.3422509,0.30486065,0.21776703,0.25486436,0.19023813,2429.0679000761247,665.802253719412,2502.1928426870404,466.3076782678524,5035.572025449536,1654.421666990965,0.11818445475638051,0.04095842688323773,0.12061557,0.03700014,103.359375,rock.00046.wav,rock
-58.31212,43.073036,62.513268,26.242521,-12.654888,18.299822,31.943604,16.570465,8.115569,10.358315,2.2606413,11.170335,3.90708,13.233534,1.4533548,10.248794,-2.7132814,9.424685,1.1064517,9.219523,-0.459575,5.9448295,-2.3795288,7.0110564,1.2424837,7.264345,0.41259453,0.30368888,0.48037702,0.30125174,0.47225058,0.3023149,0.36324733,0.23623241,0.40131852,0.26488683,0.41024333,0.24740535,0.5290245,0.31860954,0.5930373,0.3186648,0.50509757,0.27272457,0.5161074,0.2987752,0.4585314,0.28255844,0.39515024,0.28183886,2997.8538382881115,738.4951293493648,2691.25507193247,372.2464508537535,5962.265828922564,1415.9164074394816,0.1562231879592034,0.07175993205279595,0.13890117,0.044458218,107.666015625,rock.00047.wav,rock
-93.35886,36.62592,137.46744,22.703266,-45.09206,12.604902,37.811535,12.410917,-9.419834,11.928,12.59467,9.849829,-7.4806423,7.1446843,5.539186,8.071,-3.7403598,7.910295,-2.0107427,6.155844,-2.4594233,7.370194,-9.579354,6.824675,-3.1679165,7.5437365,0.33193114,0.31491053,0.23340277,0.21714514,0.21237911,0.25869772,0.18639079,0.1570621,0.33666646,0.2907902,0.1699352,0.13643038,0.22095838,0.20315228,0.26477703,0.22227567,0.38754585,0.20005631,0.6787833,0.3552352,0.41769558,0.21059111,0.41948074,0.3360613,1646.6359257324248,343.75578786680154,1701.4258606418757,230.9583364741611,3184.299435361079,711.4380909146637,0.08525284887374324,0.027925137539404964,0.14554073,0.024004137,129.19921875,rock.00048.wav,rock
-142.40489,99.41351,116.13788,46.204197,2.2472296,21.297037,31.061197,13.733493,6.1861997,11.826846,0.12031554,9.1108265,0.31996897,7.7983456,7.791392,7.5081267,3.2471306,7.2656903,-3.0152287,8.619269,1.7092857,7.063164,0.7361196,6.947948,0.14306971,6.685666,0.30459067,0.17893821,0.53199303,0.31791592,0.22218215,0.14270766,0.258674,0.17408687,0.5204068,0.31566015,0.4336299,0.20813899,0.680643,0.3293742,0.37873352,0.21169782,0.36923668,0.24749395,0.35151055,0.277193,0.28108454,0.20692234,0.42419952,0.2842384,2078.0554239577727,1102.9168599802001,2334.0444993022584,833.4415834076325,4496.092843677494,2578.515092744697,0.09133351761890951,0.054014966375062604,0.10098885,0.048130628,112.34714673913044,rock.00049.wav,rock
-144.9571,71.14719,118.46496,35.82533,20.525068,18.353361,28.564392,10.861389,2.3535557,9.233418,10.06956,8.407948,11.9176,7.4650645,4.8517795,7.2903485,-0.084927425,8.152081,3.2985027,6.570131,3.414399,7.361154,3.6505976,6.114521,5.3643227,7.7952595,0.41739273,0.23716193,0.7218849,0.35003212,0.37596834,0.22115429,0.33950144,0.2953947,0.33390814,0.27029717,0.4179571,0.30544108,0.34924844,0.2595139,0.33834028,0.25992432,0.45505792,0.33394018,0.33754018,0.26946908,0.34522352,0.2801337,0.30222702,0.23003592,1721.1466519043972,837.154526770206,2312.3177475220837,605.3871980799911,3811.3186652588456,1984.6835162287152,0.05330347000676721,0.038158472465968415,0.14119698,0.07131483,123.046875,rock.00050.wav,rock
-66.28536,48.464497,66.77525,24.041128,25.18438,18.741247,26.29693,11.530013,5.29162,11.445327,10.455606,8.765622,2.4704697,9.26647,0.75241023,8.404291,-0.3713614,8.115312,1.7261295,8.373971,3.2138004,6.81947,5.0352135,7.481463,-1.9417019,7.240657,0.28036758,0.2316632,0.4274883,0.33704564,0.33732733,0.20950161,0.5320218,0.36765888,0.3295087,0.24967694,0.30868784,0.27545348,0.32576358,0.2720876,0.39720902,0.24896893,0.64157695,0.3177932,0.37229046,0.25848982,0.25775495,0.23724316,0.21378656,0.20568812,3031.127685864391,869.8286982189961,3055.50668319491,293.61436267551665,6732.748151102088,1313.1808960452404,0.12085810614849188,0.0763216641339398,0.16167404,0.04679426,172.265625,rock.00051.wav,rock
-181.23041,97.672646,103.43169,44.065285,9.386158,27.691639,19.07884,17.825966,13.772365,14.195165,-0.52121776,16.60394,4.389383,12.74299,-7.6141815,9.826371,-8.117306,10.542249,-0.13711448,9.548873,-5.1818705,9.440062,-6.306278,9.035823,-5.4519362,7.5563264,0.21852578,0.22381368,0.1929923,0.24485157,0.2833384,0.27706793,0.41252092,0.3472689,0.22860494,0.236491,0.2583131,0.27835688,0.37163183,0.30827928,0.43073288,0.29379788,0.58329004,0.37133175,0.40132216,0.29773524,0.34141022,0.2859602,0.36453494,0.31110555,2186.669241082053,1325.6162170630928,2448.838699727777,725.3880182564978,4462.893740483613,2663.9025500222183,0.08856659053557618,0.08178738748750577,0.11331169,0.0745964,129.19921875,rock.00052.wav,rock
4.082787,33.19851,52.608704,15.546266,-11.054907,11.044812,19.704363,10.398075,11.284098,9.277767,7.05907,7.853312,5.062799,7.9727836,4.5616736,6.8084254,0.025624085,6.81181,5.1544223,6.4189916,3.4035952,6.559922,1.1689492,5.623335,0.5820398,5.7226233,0.7865715,0.2766624,0.4211623,0.21154195,0.33257914,0.24095923,0.28615457,0.22112003,0.3796963,0.23353681,0.41583568,0.28977963,0.34597564,0.23412055,0.4565077,0.28151542,0.29675972,0.2051981,0.35990387,0.24933922,0.39302328,0.24866606,0.43597808,0.21416694,3361.7679741880775,551.4949237779396,2933.0521726160387,234.714365923208,6920.343484900667,1009.8418328773291,0.18754758193155452,0.059722301733199444,0.19013606,0.043469023,117.45383522727273,rock.00053.wav,rock
-156.28606,48.442684,75.62815,31.523407,-16.517864,16.569134,16.340904,15.139731,5.8017077,11.219122,6.009819,9.776846,-4.145812,8.730755,-3.7635734,9.842341,-6.1687303,9.317946,-8.928001,9.584939,-4.101073,8.370367,-2.2070172,9.573703,-4.6508574,9.234414,0.48834488,0.34715995,0.2697004,0.22372656,0.32168606,0.2537055,0.34890395,0.3191791,0.26859835,0.23619191,0.26158777,0.26070118,0.26127654,0.19047403,0.62541986,0.3406555,0.260483,0.19396712,0.2738221,0.24651845,0.42430565,0.34248263,0.3553446,0.25655556,2632.272033619275,979.2246399182592,2550.143997140187,448.33101671630357,5309.982972465922,1814.0622071671075,0.13240314433488012,0.08543022941799212,0.06544933,0.02522488,107.666015625,rock.00054.wav,rock
-91.9124,45.72466,129.96863,22.15383,1.8372804,19.285881,11.621115,14.689935,3.2257633,8.786828,-1.9720752,10.736094,-2.2193565,7.1014495,-0.85540605,7.8828673,-4.3434763,7.2775903,-3.5430148,7.599342,-1.5521152,5.7205973,-0.541918,5.6686068,0.4020132,6.0260386,0.6363568,0.29826027,0.43541536,0.24137403,0.3284334,0.23494993,0.31298038,0.20001474,0.53902406,0.29899788,0.49281362,0.29117545,0.34593734,0.20166507,0.5242674,0.29725012,0.38650167,0.18886717,0.49079573,0.30227807,0.3169621,0.1960529,0.3702672,0.22884056,1712.289370983157,521.8623229782081,2249.6243303381725,457.71387114240224,3618.4024819641822,1629.137117703011,0.06657807364172467,0.0191389263784612,0.14712149,0.047981054,129.19921875,rock.00055.wav,rock
-7.8688965,39.764572,59.537727,18.471272,3.64771,15.166098,28.984354,9.865122,4.1384044,8.412699,10.26854,6.697708,2.558714,8.688931,7.6040683,6.225833,-1.3998239,6.2946033,2.9641614,6.6151195,4.0499907,6.069116,-0.752814,5.6442223,1.0675513,5.307551,0.40795407,0.2324419,0.3799825,0.23033877,0.42786145,0.24774043,0.51684874,0.22316742,0.7735392,0.25927377,0.5060468,0.22994605,0.47922143,0.26424626,0.43785805,0.2487373,0.45362574,0.24216124,0.4859467,0.31245264,0.4520473,0.2249241,0.5397734,0.28306648,3303.2031125307344,679.1581170649062,2913.5971014748784,278.0214321511842,6717.260232381091,1118.5054754497626,0.17753347351121423,0.06829552377048889,0.17567988,0.045352057,135.99917763157896,rock.00056.wav,rock
-58.583794,39.0387,64.91177,19.826511,15.929983,13.198332,5.428903,12.931972,7.5244966,9.981749,9.883128,6.6640024,1.5946642,7.8849106,5.3538227,7.982867,-1.2404982,6.84536,-2.0384183,6.4270062,2.4422328,7.1963506,-0.7197204,5.9129415,-0.30926555,6.350255,0.39990693,0.26887664,0.2728039,0.20131153,0.42507225,0.31994432,0.32988563,0.2318172,0.437235,0.3263562,0.44366902,0.31494057,0.42453265,0.28612286,0.41537067,0.30231774,0.30715623,0.22739123,0.47010657,0.33794296,0.30817598,0.20940867,0.44727314,0.31645352,3488.5019910192823,748.3300324930332,3241.5783078348077,285.0777393722923,7659.9582185324825,1160.1219471139295,0.17507016446732404,0.06283237087633955,0.12258277,0.03171892,123.046875,rock.00057.wav,rock
-142.00829,35.779644,96.975395,29.40112,23.25415,17.988966,10.455744,12.068751,6.293647,10.366636,4.963418,9.005804,1.0708206,8.8217745,1.1035849,7.4197187,-4.8490777,8.056564,0.8722023,7.9059978,-3.44915,7.575534,-2.0109098,7.849734,-5.9014354,7.3848815,0.3877033,0.35999447,0.22636932,0.19962366,0.35199043,0.30131584,0.27875963,0.28307033,0.20758012,0.20585167,0.27832446,0.3115701,0.33094937,0.25547096,0.55751896,0.365805,0.25257245,0.2410689,0.19530582,0.20879018,0.26759115,0.28890485,0.27766,0.24164797,2438.175192954676,1003.0388766503463,2790.3360618213183,479.5978980473822,5499.360249601218,2049.074385834646,0.09895493462393658,0.06519522182962924,0.087437816,0.014167809,135.99917763157896,rock.00058.wav,rock
-219.1163,46.023308,94.37081,32.814655,42.78751,20.665272,16.115028,17.032234,9.503607,11.526783,12.890873,9.730751,7.7313557,7.769456,2.3898096,7.1386614,-1.0204225,7.867674,-1.953544,7.165739,-1.9855666,6.815835,3.1467829,7.236226,-0.88252664,5.8942347,0.3103716,0.2824978,0.30877265,0.23832433,0.51899564,0.34610102,0.315663,0.19355834,0.38417268,0.33104974,0.24156992,0.20434985,0.315351,0.27777126,0.36368746,0.30845279,0.2702238,0.18507063,0.32287863,0.32510346,0.26657212,0.19192456,0.4558736,0.3597803,2424.519698838249,1069.9173489428895,2927.3422261650103,572.9491391626273,5644.713534113979,2481.0212118453283,0.08653680575696056,0.05178573058884467,0.05117929,0.013547866,117.45383522727273,rock.00059.wav,rock
-82.69719,37.55433,83.51688,22.987726,-0.5975727,15.023847,10.497101,15.26174,10.424636,8.765443,7.0697875,8.287205,5.07857,9.522846,0.07893467,8.273441,-0.2058568,7.6643605,-0.9349144,6.792151,-0.09674313,6.85279,-1.7009901,6.756889,-1.0193595,6.567262,0.4078643,0.30418152,0.29440272,0.20081969,0.42829034,0.3284396,0.37553656,0.21396498,0.5987509,0.31704724,0.3836766,0.25370443,0.32673675,0.24909294,0.44008496,0.3121029,0.35739082,0.23098709,0.5465627,0.31487215,0.31319743,0.21609862,0.39383644,0.2784003,2796.584436106161,792.2423883862747,2891.159884914648,478.7241078867748,6203.061330843968,1882.2948040498013,0.13464402673047177,0.051103807059497505,0.1032749,0.024491116,89.10290948275862,rock.00060.wav,rock
-193.64023,66.6825,98.43583,29.137249,44.057926,26.112244,23.775482,14.752647,12.580539,11.909675,8.4607725,9.1560755,2.1690936,9.057884,-0.34457618,7.521973,-8.183044,7.9347916,-9.117337,7.1169047,-5.237825,7.9421725,-4.8426147,6.814084,-1.3743817,6.798973,0.21090993,0.26248732,0.17297769,0.17597246,0.29555565,0.32421207,0.28322342,0.17118742,0.52154213,0.35135296,0.29218683,0.22790982,0.26796323,0.2979039,0.27513316,0.31747222,0.26979622,0.18990766,0.5307739,0.36314204,0.22494891,0.16444021,0.25245804,0.31128109,2072.154517807153,894.9983371321937,2739.7629398430363,488.4249155889554,4688.517743528857,2320.2841790144616,0.06905497752320186,0.0485652065257699,0.08831079,0.021023802,80.74951171875,rock.00061.wav,rock
-212.2839,63.949203,65.78227,28.263659,45.207645,27.055105,19.728804,17.773989,11.81109,15.1760845,8.058759,11.545727,4.425894,11.016153,4.215401,7.502134,-2.3198674,7.974244,-2.2011733,8.357309,-1.6351123,7.6850023,-4.6608105,5.9622536,-3.7225633,6.788359,0.28969356,0.25769678,0.3945375,0.37273982,0.31153166,0.28063846,0.3482953,0.32491958,0.32174173,0.31933573,0.2918406,0.269028,0.29512233,0.3013709,0.3155206,0.28012645,0.40691605,0.36502665,0.2760784,0.22717956,0.2843156,0.28428987,0.300028,0.2892232,2946.6326071058666,1004.4232933713466,3203.143085072344,455.8811750164288,6983.236092481148,1801.2687144094962,0.10852154630703789,0.0671098426476763,0.060456336,0.028136637,123.046875,rock.00062.wav,rock
-302.8243,88.5491,116.21838,50.504646,44.6891,26.768606,25.962639,23.046553,18.715103,17.14692,7.5668535,13.421376,7.3339343,12.190501,4.0336523,9.774693,-4.1819897,12.035077,0.8796673,11.597224,0.95483494,13.3420315,2.8209012,9.810728,1.4063514,11.27662,0.4633621,0.37779957,0.35671872,0.27589798,0.39399692,0.3306215,0.33581418,0.28484765,0.32651684,0.31639132,0.2942049,0.30706543,0.28062844,0.23918273,0.42231745,0.34125623,0.33720002,0.3121284,0.19838075,0.21751688,0.22790155,0.27549583,0.3186273,0.2520974,1711.1692946901107,1238.5948121819415,2309.187256287416,830.9284167106358,3491.7013146207946,2882.4184892484836,0.05584948097931168,0.05294995267389693,0.053076725,0.019113695,75.99954044117646,rock.00063.wav,rock
-118.8025,55.016968,104.436676,17.44008,-29.188753,20.31768,42.102615,11.124149,-13.299715,12.461861,29.062935,11.087226,-20.866318,9.024848,21.608942,6.992365,-24.331242,8.153432,10.7288265,7.7927303,-15.099055,7.4203267,5.9375844,6.846307,-11.788948,6.5961075,0.3840526,0.30673024,0.33467066,0.24418929,0.4503182,0.34866425,0.3513922,0.25860128,0.3481029,0.26390702,0.39706254,0.2996776,0.38339126,0.25507507,0.47275528,0.36190227,0.34210527,0.23837185,0.37276796,0.29401374,0.3395046,0.300583,0.31530717,0.24706139,2181.338268438534,394.48463918027,2181.05627133164,275.1401457568305,4689.725135042054,990.442207419378,0.10636978562451663,0.03836618368624855,0.10706775,0.040641896,151.99908088235293,rock.00064.wav,rock
-95.25766,44.527744,103.813416,20.521137,-37.01362,19.64127,52.685883,12.488198,-20.752981,12.169211,27.573769,9.583392,-17.5265,9.522644,24.807493,8.73,-11.295161,9.678636,16.644753,9.974823,-9.246779,8.955669,10.183925,7.726646,-8.78414,7.2499657,0.4406085,0.3059624,0.4120744,0.295363,0.33253214,0.23003241,0.39230043,0.2904438,0.3568785,0.25189778,0.47074023,0.3052345,0.33450565,0.24635352,0.36649308,0.26649335,0.41348773,0.32286927,0.43152905,0.26729852,0.44462577,0.32670096,0.34776983,0.2368849,2294.2297351535613,425.9841783504985,2104.263625778017,275.29869285693496,4730.226875181264,875.5875852640168,0.12909317901682135,0.03764917662288002,0.114658765,0.03603854,123.046875,rock.00065.wav,rock
-245.10092,95.23362,95.093445,28.413124,-21.263948,24.767977,45.649635,16.81062,-3.5521014,12.476614,14.970439,15.835179,-20.681795,14.188023,19.520777,10.789166,-21.715769,14.356653,7.3187175,10.818886,-9.291167,9.455449,0.81458414,8.998994,-13.00813,7.903807,0.3199161,0.29011914,0.30913872,0.26132604,0.43643442,0.3325719,0.33107734,0.22724478,0.3490783,0.30029815,0.307438,0.26694888,0.34595424,0.25737342,0.42659184,0.34666276,0.36563462,0.24365185,0.46334383,0.35736048,0.31571692,0.24731225,0.3524435,0.32140216,2209.486739749316,633.7828708143214,2174.99242288391,363.5366933964266,4575.022941288428,1310.4114606223607,0.10714657953886311,0.053090772915212144,0.042990003,0.02877002,75.99954044117646,rock.00066.wav,rock
-123.67157,50.742237,94.75338,27.173475,-9.552753,19.772371,53.26699,14.74496,-13.762559,11.309665,17.746737,12.200817,-19.215258,11.256835,25.295883,9.282267,-18.705511,9.8872175,15.396704,8.482177,-12.512173,8.238435,9.378814,7.405989,-11.606868,7.0434065,0.32085755,0.24921775,0.39524177,0.29068625,0.4075755,0.31432953,0.29610395,0.2196463,0.31815046,0.25467286,0.33786258,0.2422487,0.5191282,0.31583863,0.4103847,0.28879908,0.41833213,0.2895844,0.48552716,0.33137423,0.38578597,0.25563306,0.42049012,0.32592455,2414.1618650276037,691.8288514503649,2339.2593424420165,327.08504611747276,5213.041924213312,1220.362859518605,0.11988569762664346,0.06037563204773181,0.10020051,0.0392941,103.359375,rock.00067.wav,rock
-121.12452,41.122627,91.73827,20.360703,-14.719739,15.594588,52.961185,9.158523,-11.417393,8.578156,31.010504,9.571705,-17.489897,7.9225082,24.197327,8.425469,-24.775946,8.705005,17.118109,7.7139378,-15.880233,7.236235,10.380571,7.0466475,-8.630905,6.217889,0.33894563,0.2564241,0.28864717,0.2355739,0.31811097,0.2708758,0.3806754,0.22486764,0.60279226,0.32904375,0.45837054,0.26288462,0.37918234,0.27395558,0.35664526,0.2723321,0.39786667,0.25362337,0.5067647,0.36647496,0.36141747,0.22966804,0.43482107,0.29197958,2467.2607802086272,531.4582959804378,2399.0100705715486,211.38160698988702,5402.8105627356435,888.5918700043026,0.11827508700696056,0.050484691168564036,0.09118249,0.023576474,123.046875,rock.00068.wav,rock
-203.34494,44.73781,85.4117,28.832472,-11.576987,17.238665,54.754364,12.072435,-11.617434,10.548392,20.56847,11.912202,-27.760782,11.908294,18.873287,8.233057,-31.642633,13.119185,10.700183,10.2125,-11.927794,9.098303,4.1321464,9.101701,-3.9985468,10.121879,0.2187388,0.23898427,0.20958304,0.2619216,0.2128087,0.2432385,0.2001439,0.17649826,0.3837847,0.33416566,0.23845701,0.21359108,0.26605546,0.2499932,0.37323946,0.34701493,0.3821018,0.24525608,0.5759507,0.37525353,0.33267185,0.23266545,0.3441782,0.3361929,2568.395445802274,777.4687762601118,2344.8943278618153,323.58645088508985,5364.140726961282,1281.221918658944,0.13763375809648104,0.06488279742711028,0.046997484,0.016520035,172.265625,rock.00069.wav,rock
-202.22343,58.988117,75.23143,23.833061,-14.236297,23.21034,66.306335,16.020323,-8.287852,13.951621,24.383793,11.623644,-16.236677,11.950063,17.128633,9.303112,-21.286032,9.734525,3.9629781,11.512635,-19.76039,8.76472,0.48267347,8.06197,-4.509064,8.866223,0.29787856,0.23709378,0.33777666,0.27142677,0.3737728,0.31676805,0.2970291,0.22601886,0.38311076,0.33059692,0.24060963,0.21747787,0.30052447,0.27586034,0.34192014,0.3066987,0.431175,0.2724432,0.5823077,0.3369666,0.38493288,0.22672622,0.44448414,0.34155124,2511.714306230509,626.8318289305766,2245.075054231402,296.7028982325631,5129.615334070476,1070.4350114399817,0.13911899410286155,0.06007727117698705,0.05409475,0.02542195,172.265625,rock.00070.wav,rock
-79.81995,57.36645,109.9367,18.978676,-17.13555,15.900107,47.21409,14.926944,-11.933718,11.369853,33.32855,9.377749,-11.712043,9.5005,23.636423,7.8622346,-13.6773205,9.509866,18.445547,8.24541,-6.9493895,7.9947824,13.0382805,6.541661,-11.589943,6.5062804,0.42574406,0.28124017,0.4475121,0.23859736,0.64451194,0.3210116,0.47465053,0.23986207,0.49280277,0.27219638,0.49153674,0.28179044,0.4599753,0.25048223,0.5050537,0.31420714,0.42901975,0.24558596,0.44649827,0.29306266,0.30928367,0.21358033,0.3272226,0.23959382,2025.0641305486586,467.7961832030673,2215.1627775406264,267.32085230267154,4570.99275168576,1004.1609265708694,0.09080369658739366,0.03519294137999581,0.16095097,0.05011739,112.34714673913044,rock.00071.wav,rock
-95.375534,53.73254,112.45124,24.262987,-2.0774407,20.361729,47.046688,14.354603,-10.369908,10.769701,29.785522,9.210305,-15.113547,8.080669,20.186108,7.000837,-12.673779,7.2529674,16.497211,8.325541,-7.8592286,6.8349433,11.876695,7.035553,-11.1869955,6.4984274,0.34146962,0.2612481,0.30188867,0.2234762,0.44143996,0.3416915,0.34699434,0.2269702,0.37159902,0.30596778,0.3202773,0.21930094,0.47398472,0.3072054,0.4844952,0.29481044,0.37231243,0.2513453,0.5205858,0.33506486,0.4330327,0.2889875,0.43425584,0.300725,1933.3373461978688,649.9864817623093,2211.2849950095574,310.0199890166978,4359.765851580626,1333.2022788450513,0.08170157518851508,0.051562069246626215,0.16540022,0.04854453,103.359375,rock.00072.wav,rock
-61.69562,42.724773,103.5662,18.772205,-16.91641,13.382572,49.247673,10.909123,-14.815669,8.072759,31.691504,8.35676,-17.215197,8.185145,24.615047,6.593125,-14.486075,7.419748,18.019432,8.258188,-11.67271,6.2039804,11.470351,6.823895,-9.824016,6.3235087,0.44546714,0.29598778,0.3643798,0.19927628,0.6020576,0.32453692,0.3929834,0.21649805,0.45666513,0.286102,0.4993975,0.29029056,0.44463438,0.21350603,0.6412317,0.29168466,0.421632,0.20928814,0.40698323,0.25650313,0.40599963,0.26836747,0.42041025,0.24626364,2223.9691765056245,540.8717226801127,2287.7718650942998,229.66619559592985,4917.48080862094,962.8725275195502,0.11002037715100542,0.04937905966430148,0.1692631,0.046482123,95.703125,rock.00073.wav,rock
-83.36812,45.418537,103.90498,17.187462,-13.954146,13.487538,56.912594,9.688787,-14.43371,8.016676,32.197018,7.1634593,-14.136274,8.433018,19.167461,6.534765,-9.342847,9.0652275,13.166685,7.1432567,-11.730691,6.7754173,8.401819,6.61377,-9.400615,6.4522514,0.3049365,0.26256138,0.22776371,0.17275894,0.35539418,0.31274667,0.3420911,0.23739162,0.45329398,0.3311,0.28530952,0.20561199,0.32801217,0.2230443,0.573977,0.35068163,0.5051744,0.23581618,0.58131707,0.34266415,0.38513863,0.25675735,0.38980407,0.25240058,2140.2830873710195,449.7222837717656,2245.902488299258,240.74202681579106,4831.456245015226,804.970736133947,0.09114092408642692,0.03194790962817796,0.15379857,0.044356585,112.34714673913044,rock.00074.wav,rock
-113.657845,60.183098,94.94122,25.08259,-4.128477,20.038486,51.786396,12.673726,-13.776981,12.297167,34.347267,11.584651,-17.60313,10.699542,22.537716,9.550523,-12.411016,9.1803465,17.204842,8.994225,-9.231343,8.99734,9.977349,8.476429,-13.473844,6.7853227,0.35893852,0.2907756,0.3512731,0.28263086,0.36569333,0.300268,0.39189664,0.28131905,0.47905087,0.3278207,0.3868562,0.2761703,0.35281706,0.2595233,0.43101823,0.31925216,0.45041102,0.28470594,0.52707237,0.34850696,0.41522858,0.2849771,0.3920099,0.28955746,2301.770037760857,641.3796081286466,2355.0290595188426,275.99936049241336,5092.044640915024,1102.5811449870648,0.11151731982308585,0.05657224961192819,0.12687102,0.042220045,117.45383522727273,rock.00075.wav,rock
-132.39337,47.432224,124.67918,28.552858,-9.69277,17.927387,46.452026,13.533185,-6.3060913,15.196652,30.534199,12.4932785,-11.145722,11.031278,20.404236,8.469417,-11.221901,8.039241,9.368879,9.762844,-5.829724,8.207283,7.8187475,8.900892,-8.726418,8.459984,0.3763304,0.32948065,0.3590044,0.28081107,0.3048995,0.2968584,0.28892258,0.26864392,0.4122113,0.34650543,0.3145288,0.26768312,0.28958634,0.2954725,0.24191523,0.22749388,0.3268908,0.27609757,0.48151708,0.36798924,0.37272945,0.28595528,0.3783747,0.32091495,1659.591367670287,713.2413419068264,1953.194025876473,337.2780428477565,3580.332178527407,1368.3738994624475,0.07118068143368136,0.05413838257406436,0.14581469,0.048102062,95.703125,rock.00076.wav,rock
-103.96426,53.90101,101.90469,18.727362,-10.340274,20.657345,43.67058,12.570015,-11.510563,11.624909,26.94337,9.190344,-9.995867,10.278973,25.0187,7.06399,-14.213517,7.1631236,19.713219,7.676775,-10.531307,6.943858,12.673636,6.980828,-12.690149,6.766656,0.3882596,0.24622235,0.4263848,0.27826306,0.38756487,0.23046786,0.54411143,0.3124438,0.4789384,0.25285587,0.48732868,0.2647053,0.55594236,0.33056992,0.47059333,0.24989982,0.5306452,0.32530832,0.3490287,0.19736223,0.4536578,0.2752446,0.39231828,0.2528641,2187.9366584276518,488.2847974875104,2350.7821994610763,293.7001578417537,4993.8046059309745,1126.6662061973568,0.10623761359242073,0.04170275652983147,0.12868471,0.04372669,107.666015625,rock.00077.wav,rock
-130.98306,50.98347,111.02361,26.096357,-2.1509993,19.005419,41.78348,14.563071,-3.2020328,13.993334,34.655052,11.182948,-17.60973,10.620792,19.878576,9.270779,-9.146214,9.149581,14.884945,9.26994,-6.846543,8.2992,9.2045965,6.9443793,-6.9707727,7.7054315,0.46535388,0.35387364,0.3955735,0.25423118,0.4529456,0.3569794,0.34806675,0.28778148,0.2938985,0.27876505,0.26571926,0.26782203,0.2999832,0.26876447,0.4227192,0.35621554,0.33095625,0.24696343,0.39622214,0.33736688,0.29653993,0.23874556,0.32799062,0.27219713,1877.968347176716,721.7091887690957,2204.24716970552,368.759705114347,4285.490456424014,1482.3992786672957,0.0717101248308198,0.057351497172871614,0.14435396,0.045751408,99.38401442307692,rock.00078.wav,rock
-91.39275,42.16517,112.11608,19.94244,-27.345358,15.743743,47.97841,9.605711,-19.601683,9.138083,27.71872,7.836803,-18.550968,8.554132,17.433367,6.3061976,-13.161514,8.390995,14.41955,7.162402,-15.218308,6.79599,11.52615,6.5651135,-12.587086,5.996892,0.26617244,0.24993375,0.34139162,0.246586,0.47507736,0.32108635,0.28584194,0.20545323,0.3622294,0.32538876,0.32045594,0.22592169,0.5347367,0.32135406,0.55219376,0.34371468,0.29672074,0.20623764,0.2955689,0.27476287,0.25534984,0.2157502,0.3350949,0.28179988,2148.400918539368,503.61563924372405,2107.109041240904,268.64878692260544,4479.280957710992,989.2895567541069,0.10910574668890177,0.039266982096440875,0.11665953,0.028093096,123.046875,rock.00079.wav,rock
-87.96438,38.626568,93.53565,17.828045,-23.224028,14.054873,48.123466,9.645815,-21.444712,9.076992,27.754807,8.056855,-20.335535,9.845692,18.751484,8.27417,-15.218708,7.751926,16.133469,7.4571695,-21.41218,8.197359,10.867748,6.0328155,-12.026507,7.2532887,0.34700882,0.28243387,0.29055637,0.24523497,0.36263338,0.25679213,0.4444037,0.32166514,0.2972122,0.22276832,0.40636674,0.33416584,0.2756318,0.21117884,0.41455612,0.3377149,0.34449893,0.28523317,0.30921203,0.20036869,0.5575549,0.34448978,0.37362155,0.22875388,2606.2611466468375,509.01359664934586,2318.766347066926,242.709608707772,5339.318422817575,939.7217355089886,0.14967274204853054,0.04825837601759552,0.104332164,0.029655213,117.45383522727273,rock.00080.wav,rock
-121.46697,71.699974,89.52725,26.638952,-33.490353,16.203794,41.959053,15.069588,-25.940279,12.431455,23.04037,10.90424,-20.253145,11.702318,14.365855,10.09936,-16.338194,10.51436,17.046362,10.282057,-16.961536,8.236335,9.144575,8.155079,-10.106951,7.153957,0.3331162,0.30146292,0.26011184,0.23272781,0.39307305,0.2995371,0.50552595,0.37083444,0.30729747,0.22259517,0.3743398,0.35064748,0.3118754,0.25948054,0.36669058,0.3086177,0.32358885,0.28928426,0.3275525,0.27192587,0.2915536,0.26517034,0.23310195,0.22905949,2553.643509056413,599.7350658913208,2219.1017939026856,267.2154763570426,5123.536742314385,1027.1445824191853,0.1361319061774942,0.059560332699679065,0.09362348,0.038303465,117.45383522727273,rock.00081.wav,rock
-95.44648,48.43056,78.33685,17.23478,-26.221182,17.035728,44.241337,10.738536,-22.469748,11.323049,29.748888,9.240359,-21.57327,9.572016,23.954361,8.073679,-16.57705,6.947446,20.47198,6.8736353,-19.63077,8.377055,13.887503,7.4370794,-12.625713,7.9714704,0.4720413,0.3259373,0.31925818,0.225141,0.34073326,0.30568498,0.2841094,0.23351274,0.40156162,0.30362797,0.37117496,0.26423374,0.3280309,0.25106746,0.43454266,0.33958638,0.35431424,0.25875577,0.47886273,0.3501265,0.3585315,0.25086394,0.44915992,0.30058786,2975.773811493968,544.3238019058864,2423.2053157610785,225.83517677418186,5926.5353669699825,822.1627844997003,0.1837123271945089,0.06420895637021196,0.09327006,0.032120686,99.38401442307692,rock.00082.wav,rock
-119.15098,37.247463,107.44224,16.564245,-10.973197,14.046829,58.55536,7.6572857,-12.933258,9.031098,26.83433,7.5712314,-17.646807,7.1518316,19.371737,7.110835,-15.605269,6.6119657,13.570684,7.349131,-16.671041,6.772151,11.870044,5.8219886,-12.196167,5.9144535,0.29585207,0.22124068,0.36497387,0.2859992,0.41418466,0.34659278,0.26464254,0.14526054,0.420359,0.337388,0.29926848,0.20790735,0.3910878,0.30335882,0.33711845,0.28723648,0.35732412,0.21335085,0.51794744,0.3360045,0.38771853,0.22285055,0.4943978,0.3154053,2116.1456021561394,435.1153903915868,2245.3914351809317,248.51470638926816,4689.983267020737,907.1709897468187,0.09278892050947408,0.028483616812622386,0.10167808,0.022777265,123.046875,rock.00083.wav,rock
-94.26873,42.022926,91.89087,21.424103,-17.601385,16.433792,45.527332,9.491612,-15.701893,12.5711,32.63561,7.661295,-18.013712,9.178492,21.570967,7.4749303,-15.723526,7.959961,16.806913,6.790947,-18.290829,7.0708113,13.340856,7.2109904,-15.457929,7.4897733,0.33023995,0.30221182,0.29748842,0.2420736,0.43860695,0.32755476,0.25826776,0.2002608,0.36304578,0.32227135,0.26504976,0.23513035,0.3659094,0.29262465,0.5250802,0.3679823,0.3196076,0.21663436,0.39793345,0.35259137,0.32334575,0.24533701,0.39611557,0.31132272,2581.5076039009978,646.7045130368638,2376.171880945245,254.47638311924143,5390.361939892691,1071.6630255537982,0.1392005631283836,0.0643791092844762,0.106824376,0.028042883,129.19921875,rock.00084.wav,rock
-185.50003,63.0979,98.92578,29.494907,-36.44288,18.172606,44.42754,15.404798,-17.75983,15.174072,21.284359,13.731826,-20.293684,12.242213,13.77166,11.123775,-15.498616,11.510605,11.033225,11.853785,-16.78776,11.337368,2.334639,10.028695,-12.634642,9.586817,0.44937152,0.34912834,0.27895692,0.22000201,0.354342,0.3376727,0.24338314,0.22148846,0.30320787,0.28008544,0.46860644,0.37628505,0.2714573,0.21433999,0.30389243,0.31357718,0.24685843,0.23740514,0.3233464,0.3128662,0.31137553,0.3021898,0.30708024,0.25357312,2255.8673982367045,729.3933192338388,2058.0033009130007,325.09698601173756,4508.88286687935,1215.0734601960626,0.12097706097737819,0.06104791919235645,0.062991194,0.029613312,184.5703125,rock.00085.wav,rock
-160.15704,104.5729,88.74145,30.714373,-35.476883,28.52809,47.4943,19.912754,-12.60362,13.581803,17.301561,11.977523,-19.144144,11.75284,14.595069,9.50993,-20.387825,11.75473,11.093687,10.281783,-11.144935,8.829981,7.69911,8.470853,-9.863814,7.9417977,0.29250512,0.23119874,0.38718906,0.27197117,0.46267286,0.33799955,0.38866287,0.2545243,0.48967764,0.3351861,0.3676858,0.26219067,0.38966903,0.3237953,0.29832825,0.25072655,0.3512609,0.25379238,0.5113862,0.3390376,0.37726384,0.25161523,0.37627384,0.3159426,2521.225623798707,768.7589556016123,2133.484839169112,325.3177479654231,4830.540292832801,1248.426942459468,0.14628158533932714,0.07488976419080252,0.07624123,0.047877133,129.19921875,rock.00086.wav,rock
-42.662823,27.75279,102.988686,12.864704,-36.8779,12.892763,44.5166,9.026221,-11.996202,9.655275,25.576914,8.086985,-22.668953,7.1519804,28.336857,6.0896673,-19.271856,5.614242,21.482964,6.179212,-15.258891,5.949098,11.748107,5.622441,-11.575924,4.959862,0.32931602,0.22850746,0.35050365,0.21969149,0.56798655,0.28830135,0.3923498,0.21475592,0.49901834,0.3368088,0.28273305,0.19078374,0.35182723,0.22845581,0.60017014,0.35734448,0.36091653,0.2087773,0.30118635,0.24507535,0.24542435,0.15452941,0.4345008,0.3038815,2334.5190611030093,336.22893667398114,2208.0601552256217,210.32793275258697,4819.107544228538,840.4039946360267,0.12855316185711524,0.028130930065615643,0.16573809,0.03208691,129.19921875,rock.00087.wav,rock
-117.97405,66.66938,84.0584,26.776073,-50.26788,18.193457,46.04964,15.180886,-17.698416,9.322197,20.855793,9.412062,-21.641119,10.490901,16.67161,8.178887,-12.952743,9.160884,12.837911,8.221198,-13.080166,8.259259,11.31062,7.2081065,-12.596915,8.296056,0.44165614,0.3089141,0.4183934,0.2810691,0.53445697,0.3506278,0.43013635,0.28255296,0.41783664,0.28223422,0.39334637,0.31327748,0.32849026,0.24052744,0.390661,0.31768978,0.39843756,0.2709013,0.47632307,0.3459339,0.31016362,0.23016952,0.35903484,0.26014388,2590.7815235555627,553.0550728948178,2078.7219895694107,277.67540567228707,4889.452671838747,973.7968003308698,0.16172267739752513,0.06040726193785343,0.08952018,0.038426783,92.28515625,rock.00088.wav,rock
-156.29813,53.766685,130.7896,26.048227,-25.229616,14.546191,43.48547,13.504413,-12.138993,11.424787,25.392202,9.543535,-7.9401684,10.652067,17.616287,8.114816,-8.628423,9.664875,9.566105,8.067685,-8.367283,7.8856616,5.7637086,7.2299566,-7.0483007,7.0067973,0.30447862,0.28831977,0.257688,0.21125449,0.41023028,0.32089853,0.29263446,0.24493423,0.33351517,0.32998845,0.25301367,0.21798563,0.3828804,0.29901263,0.41374773,0.34469768,0.33028966,0.25370505,0.42517382,0.34101686,0.31110635,0.2187356,0.4060423,0.33502516,1609.7586945896007,591.0304087340783,1816.0413405600707,356.3338381673336,3380.4464318082946,1223.925733616986,0.07325653760634183,0.0420891032892526,0.10520216,0.037205223,107.666015625,rock.00089.wav,rock
-89.01616,46.8491,86.21833,27.122856,-24.412226,16.254429,47.093178,15.212085,-33.65718,12.514041,29.464834,8.056791,-19.750496,9.261896,21.635778,9.548629,-16.746689,9.024872,6.538771,10.093856,-13.391208,9.375196,7.4855866,11.7380495,-12.85139,10.565956,0.46215528,0.43567,0.21258588,0.2255914,0.19679703,0.244695,0.13637756,0.17691351,0.16843402,0.207146,0.21648641,0.27577063,0.19443674,0.22293487,0.31244254,0.35840327,0.22955982,0.24848883,0.30852363,0.3340412,0.30935222,0.33855045,0.32092908,0.28532952,2495.6841558449564,523.0317193685092,2249.689678791998,194.35460725549905,5213.03359737529,728.3421237933919,0.12063605713457076,0.04208718227608746,0.15463758,0.03854458,123.046875,rock.00090.wav,rock
-74.30769,28.886599,100.11084,21.088085,-47.357513,17.143337,49.609303,10.851659,-18.405361,8.238899,24.60919,6.948931,-15.910987,7.9496374,23.892094,6.5200515,-22.828266,5.7824097,23.324926,7.1426325,-16.943434,5.886873,14.924825,5.6019483,-11.49566,5.404089,0.3400341,0.19531548,0.42016187,0.2631047,0.4544318,0.26081148,0.50688416,0.23200385,0.5809093,0.29872465,0.35169405,0.19193824,0.43110198,0.26320314,0.32881927,0.20883958,0.41754588,0.23167044,0.5339163,0.2903538,0.40234295,0.19877398,0.5537147,0.3347409,2474.465349821513,508.05521532957505,2123.4359807297783,288.3170198804608,4754.649491099913,1079.4042379317423,0.15013458889211137,0.042607674515801046,0.10823642,0.0127928965,143.5546875,rock.00091.wav,rock
-70.11194,23.807644,94.16672,14.144878,-50.33251,9.392031,46.95689,7.866077,-16.10815,7.0895476,19.98747,6.0136127,-23.955923,6.1658144,16.34419,6.0526686,-22.179579,5.515073,14.427519,5.905907,-20.087427,5.4707007,12.139044,5.068955,-14.7731085,5.307771,0.5407829,0.3226812,0.38338298,0.2485282,0.33438525,0.18108308,0.54347414,0.31057423,0.35109788,0.19270036,0.39191905,0.26930514,0.27574754,0.18205446,0.33956242,0.21259955,0.4593164,0.31357375,0.37943015,0.21108061,0.5802818,0.33463883,0.41971314,0.21645406,2471.4537522284268,329.6316356249036,2102.1934648698248,161.20889825055315,4687.268717825551,676.902310944547,0.15093857248163187,0.031197756321853082,0.1068667,0.014720574,129.19921875,rock.00092.wav,rock
-114.78572,31.655386,119.293335,21.866053,-50.734497,14.741912,42.62416,11.63045,-6.7016063,9.624215,19.707987,9.257524,-16.883589,7.645706,19.394009,6.7598267,-17.410425,7.1661744,17.302908,8.161585,-10.872791,6.5670805,6.657837,5.9585843,-15.7666645,6.687656,0.32091156,0.20159249,0.42880374,0.30487782,0.25221342,0.19331436,0.27387053,0.2587899,0.17600624,0.14272949,0.32541057,0.222103,0.69832456,0.33243498,0.32382685,0.17016983,0.31686097,0.30975476,0.20364009,0.14911702,0.3346469,0.2838347,0.46654293,0.35422182,1939.7222612064543,398.4075573186817,1881.5632771390865,301.81783132253366,3748.5176528966067,926.202925363264,0.09832088650425368,0.02617571112838807,0.10572245,0.021937344,103.359375,rock.00093.wav,rock
-90.240295,24.801886,80.06858,11.635778,-46.36335,14.675994,56.045547,7.0429935,-8.0926485,6.0037856,27.47739,5.225876,-17.326693,5.6012836,22.967056,4.7298326,-17.591236,6.780572,18.405153,6.0538206,-17.44015,6.1778545,7.6492333,6.0174565,-19.298676,5.223822,0.28798807,0.20676687,0.505322,0.30619004,0.32482314,0.19574553,0.28999278,0.19432545,0.2778548,0.2152981,0.39983502,0.20134702,0.8036141,0.2704411,0.44620225,0.17850399,0.2968873,0.2056534,0.23038204,0.13176352,0.45982134,0.3114394,0.3486568,0.23263752,2628.9166256266994,306.3815126269111,2210.5134196593885,193.0090698980044,5085.982702834976,679.3939668668189,0.14664940122293116,0.031976327415563215,0.10190492,0.019294865,112.34714673913044,rock.00094.wav,rock
-153.63004,50.391068,109.904785,21.304869,-23.091644,13.717969,59.014496,11.442187,-7.5204816,9.484628,19.728552,7.6318007,-16.488035,9.438091,18.078283,6.616058,-22.212603,8.806735,15.408715,7.81227,-12.378634,6.530563,12.347538,6.5941086,-12.310062,7.009134,0.18135008,0.17095463,0.42843965,0.22563449,0.7737135,0.29124215,0.40558645,0.18841612,0.33015653,0.30494374,0.21709594,0.16356441,0.3497748,0.2578968,0.38238427,0.31388584,0.2942502,0.18533534,0.43477753,0.29677975,0.23295948,0.16728708,0.193236,0.21271971,2008.174520929767,531.126677946602,2106.3140915695662,297.5837541712596,4253.6236473136605,1105.5365328960715,0.08922745069605569,0.03612101746314424,0.07944595,0.018595854,103.359375,rock.00095.wav,rock
-142.41621,57.290043,116.20546,18.563156,-32.160263,13.811348,49.11151,8.163226,-8.389906,9.00829,22.885155,6.6782084,-18.317211,7.999641,20.110556,6.630535,-22.102661,6.067506,10.792424,7.2881413,-12.998068,6.6052136,14.083412,6.1832433,-16.392958,5.9005136,0.27400717,0.19088644,0.49946412,0.29376036,0.32832542,0.2347818,0.34730852,0.1932656,0.5619506,0.2969858,0.29845628,0.17417644,0.26372433,0.21971865,0.26051125,0.15044731,0.5629988,0.25421542,0.7031961,0.31682193,0.36356372,0.20519948,0.32292566,0.2358891,2006.827265021438,426.77375451852987,2068.8392594713187,286.953267123622,4149.1717911651685,1022.8616747613765,0.09766418032192575,0.029453973462272364,0.07642329,0.024274552,117.45383522727273,rock.00096.wav,rock
-124.989655,41.02484,115.18234,21.801184,-47.985886,17.036263,52.820343,10.665283,-13.493603,8.774861,21.751259,8.992854,-12.41766,7.743682,20.127153,6.456182,-18.373243,6.6779647,10.123632,9.047085,-16.045313,6.5827003,10.47731,6.5518746,-17.955708,6.6504817,0.38450027,0.27274895,0.3760798,0.22576784,0.53370976,0.31143206,0.40732187,0.20962918,0.45636877,0.29612085,0.3425149,0.20121181,0.47855943,0.29413167,0.46618056,0.30411175,0.35597646,0.2041367,0.5270723,0.32477674,0.3866046,0.21000333,0.46887442,0.3023457,2077.565822171052,481.3691838376182,1927.2280126367882,273.41063186590026,4031.530223589762,896.9330262961901,0.12182258434841454,0.041192473799511194,0.08159775,0.017952401,129.19921875,rock.00097.wav,rock
-225.03336,103.759636,123.657265,22.208689,-9.745124,24.583212,56.613846,13.778429,10.421821,12.499786,20.64321,14.528553,-10.258778,10.34193,15.571303,10.156987,-8.240351,8.350177,12.808757,9.623956,-9.006475,7.994196,7.6886315,8.684026,-10.0838,7.528247,0.46994466,0.35021722,0.3563888,0.28137478,0.297014,0.2591983,0.22872823,0.20497414,0.3358675,0.2949524,0.37919617,0.34083652,0.35620472,0.2334802,0.5618455,0.3678074,0.424676,0.27646765,0.3368921,0.32421675,0.26376984,0.24179092,0.34109452,0.25519088,1398.6495042529393,490.3123565424471,1818.1651244963805,330.3804832961483,3015.5976970345127,1154.520665772543,0.048724275546210366,0.028417206956476974,0.083802395,0.03473913,73.828125,rock.00098.wav,rock
-235.20059,87.82906,123.87175,28.272501,-22.546131,22.778097,52.951675,15.089129,-1.453821,13.506109,24.660513,11.240563,-7.088473,10.88688,14.8901005,9.672188,-12.783066,8.905879,16.718231,8.721817,-2.9434726,8.894803,10.081299,6.752558,-15.028531,6.557477,0.36187443,0.26981318,0.26438496,0.26345736,0.21106465,0.16419058,0.42265943,0.2512513,0.671537,0.35792753,0.42797643,0.26598704,0.33562997,0.23912667,0.22407001,0.16650997,0.31999943,0.27916458,0.23765787,0.27418187,0.2813138,0.20903443,0.5416491,0.32436842,1609.7851807206848,649.8655324955527,1797.0615529185457,346.7467839730663,3246.925584124855,1324.1713895896773,0.07630480230085074,0.04659717432841213,0.054431498,0.018345922,123.046875,rock.00099.wav,rock
